사고번호,사고일시,요일,시군구,사고내용,사망자수,중상자수,경상자수,부상신고자수,사고유형,법규위반,노면상태,기상상태,도로형태,가해운전자 차종,가해운전자 성별,가해운전자 연령,가해운전자 상해정도,피해운전자 차종,피해운전자 성별,피해운전자 연령,피해운전자 상해정도
2020012600100326,2020년 1월 26일 22시,일요일,전라북도 군산시 조촌동,경상사고,0,0,1,0,차대차 - 측면충돌,안전운전불이행,건조,맑음,교차로 - 교차로안,승용,남,56세,상해없음,승용,여,58세,경상
2020012700100009,2020년 1월 27일 00시,월요일,전라북도 전주시 완산구 중앙동3가,중상사고,0,1,1,0,차대차 - 측면충돌,차로위반,건조,맑음,단일로 - 기타,승용,남,19세,상해없음,승용,여,29세,중상
2020012700100032,2020년 1월 27일 02시,월요일,전라북도 순창군 순창읍,부상신고사고,0,0,0,1,차대차 - 기타,안전운전불이행,젖음/습기,비,단일로 - 기타,승용,남,30세,부상신고,화물,남,43세,기타불명
2020012700100069,2020년 1월 27일 05시,월요일,전라북도 군산시 구암동,사망사고,1,0,0,0,차대사람 - 차도통행중,안전운전불이행,젖음/습기,비,단일로 - 지하차도(도로)내,화물,남,70세,상해없음,보행자,남,60세,사망
2020012700100102,2020년 1월 27일 09시,월요일,전라북도 김제시 옥산동,경상사고,0,0,1,0,차대차 - 측면충돌,불법유턴,젖음/습기,비,단일로 - 기타,승용,남,73세,상해없음,승용,남,44세,경상
2020012700100154,2020년 1월 27일 12시,월요일,전라북도 익산시 창인동1가,경상사고,0,0,1,0,차대차 - 추돌,안전운전불이행,건조,흐림,단일로 - 기타,승용,남,72세,상해없음,승용,남,23세,기타불명
2020012700100155,2020년 1월 27일 12시,월요일,전라북도 김제시 요촌동,경상사고,0,0,1,0,차대차 - 측면충돌,교차로운행방법위반,젖음/습기,비,교차로 - 교차로안,승용,여,44세,상해없음,이륜,남,42세,경상
2020012700100211,2020년 1월 27일 15시,월요일,전라북도 남원시 죽항동,경상사고,0,0,1,0,차대차 - 측면충돌,교차로운행방법위반,젖음/습기,비,교차로 - 교차로안,승용,여,38세,상해없음,승용,여,44세,경상
2020012700100334,2020년 1월 27일 19시,월요일,전라북도 전주시 완산구 삼천동1가,경상사고,0,0,2,0,차대차 - 측면충돌,안전운전불이행,젖음/습기,비,교차로 - 교차로안,승용,남,67세,상해없음,승용,여,62세,경상
2020012700100335,2020년 1월 27일 19시,월요일,전라북도 군산시 나운동,경상사고,0,0,1,0,차대사람 - 횡단중,안전운전불이행,젖음/습기,비,교차로 - 교차로부근,승용,남,47세,상해없음,보행자,남,29세,경상
2020012700100371,2020년 1월 27일 20시,월요일,전라북도 정읍시 이평면,경상사고,0,0,1,0,차량단독 - 도로외이탈 - 추락,안전운전불이행,젖음/습기,비,단일로 - 기타,이륜,남,74세,경상,,,,
2020012700100410,2020년 1월 27일 21시,월요일,전라북도 전주시 완산구 서신동,경상사고,0,0,1,0,차대차 - 추돌,안전운전불이행,건조,맑음,교차로 - 교차로부근,승용,여,56세,상해없음,이륜,남,37세,경상
2020012700100411,2020년 1월 27일 21시,월요일,전라북도 완주군 이서면,경상사고,0,0,1,0,차대차 - 측면충돌,안전운전불이행,젖음/습기,비,단일로 - 기타,승용,남,65세,상해없음,승용,남,52세,경상
2020012700100452,2020년 1월 27일 23시,월요일,전라북도 전주시 완산구 서신동,경상사고,0,0,1,0,차대차 - 추돌,안전운전불이행,젖음/습기,비,교차로 - 교차로부근,기타불명,기타불명,미분류,기타불명,승용,남,50세,경상
2020012800100019,2020년 1월 28일 01시,화요일,전라북도 전주시 완산구 삼천동1가,중상사고,0,2,0,0,차대차 - 추돌,안전운전불이행,건조,맑음,단일로 - 기타,승용,남,58세,상해없음,승용,남,53세,중상
2020012800100031,2020년 1월 28일 04시,화요일,전라북도 익산시 영등동,중상사고,0,1,0,0,차대차 - 측면충돌,신호위반,건조,흐림,교차로 - 교차로안,승합,남,62세,상해없음,승용,남,62세,중상
2020012800100105,2020년 1월 28일 08시,화요일,전라북도 익산시 남중동,경상사고,0,0,3,0,차대차 - 측면충돌,신호위반,건조,맑음,교차로 - 교차로안,승용,남,68세,상해없음,승용,여,33세,경상
2020012800100128,2020년 1월 28일 09시,화요일,전라북도 전주시 덕진구 인후동1가,경상사고,0,0,1,0,차대사람 - 횡단중,신호위반,건조,맑음,교차로 - 교차로횡단보도내,승용,여,67세,상해없음,보행자,여,17세,경상
2020012800100163,2020년 1월 28일 10시,화요일,전라북도 전주시 완산구 서신동,경상사고,0,0,1,0,차대차 - 추돌,안전운전불이행,건조,맑음,교차로 - 교차로부근,승용,여,43세,기타불명,승용,여,33세,경상
2020012800100188,2020년 1월 28일 11시,화요일,전라북도 남원시 주생면,중상사고,0,1,0,0,차량단독 - 기타,안전운전불이행,건조,맑음,단일로 - 기타,이륜,여,77세,중상,,,,
2020012800100245,2020년 1월 28일 13시,화요일,전라북도 군산시 나운동,경상사고,0,0,1,0,차대차 - 추돌,안전거리미확보,건조,맑음,교차로 - 교차로부근,승용,여,25세,상해없음,승용,여,49세,경상
2020012800100246,2020년 1월 28일 13시,화요일,전라북도 남원시 왕정동,경상사고,0,0,2,0,차대차 - 기타,안전거리미확보,건조,맑음,단일로 - 기타,승용,남,57세,상해없음,승용,남,54세,경상
2020012800100307,2020년 1월 28일 15시,화요일,전라북도 정읍시 수성동,중상사고,0,1,0,0,차대사람 - 횡단중,안전운전불이행,건조,맑음,교차로 - 교차로부근,승용,남,74세,상해없음,보행자,남,14세,중상
2020012800100308,2020년 1월 28일 15시,화요일,전라북도 장수군 장수읍,경상사고,0,0,1,0,차대차 - 측면충돌,신호위반,건조,맑음,교차로 - 교차로안,승용,남,70세,상해없음,승용,여,59세,경상
2020012800100334,2020년 1월 28일 16시,화요일,전라북도 전주시 덕진구 송천동1가,중상사고,0,1,0,0,차대사람 - 횡단중,보행자보호의무위반,건조,맑음,교차로 - 교차로횡단보도내,화물,남,55세,상해없음,보행자,남,10세,중상
2020012800100335,2020년 1월 28일 16시,화요일,전라북도 군산시 중동,경상사고,0,0,4,0,차대차 - 측면충돌,교차로운행방법위반,건조,맑음,교차로 - 교차로안,승용,여,24세,경상,승용,여,36세,경상
2020012800100336,2020년 1월 28일 16시,화요일,전라북도 군산시 수송동,경상사고,0,0,1,0,차대차 - 측면충돌,차로위반,건조,맑음,교차로 - 교차로안,승용,여,63세,상해없음,승용,남,57세,경상
2020012800100391,2020년 1월 28일 18시,화요일,전라북도 전주시 완산구 태평동,중상사고,0,1,1,0,차대사람 - 기타,안전운전불이행,건조,맑음,단일로 - 기타,이륜,남,71세,경상,보행자,여,55세,중상
2020012800100392,2020년 1월 28일 18시,화요일,전라북도 전주시 덕진구 만성동,경상사고,0,0,1,0,차대차 - 측면충돌,안전운전불이행,건조,맑음,단일로 - 기타,승용,여,50세,상해없음,승용,남,41세,경상
2020012800100393,2020년 1월 28일 18시,화요일,전라북도 군산시 내흥동,경상사고,0,0,1,1,차대차 - 측면충돌,교차로운행방법위반,건조,맑음,교차로 - 교차로안,승용,남,21세,부상신고,승용,남,55세,경상
2020012800100394,2020년 1월 28일 18시,화요일,전라북도 부안군 동진면,경상사고,0,0,2,0,차대차 - 측면충돌,안전거리미확보,건조,맑음,기타 - 기타,승용,여,38세,상해없음,승용,여,41세,경상
2020012800100435,2020년 1월 28일 19시,화요일,전라북도 순창군 순창읍,경상사고,0,0,4,0,차대차 - 기타,안전운전불이행,건조,맑음,교차로 - 교차로안,화물,남,79세,상해없음,승용,여,41세,경상
2020012800100436,2020년 1월 28일 19시,화요일,전라북도 완주군 삼례읍,경상사고,0,0,1,0,차대차 - 측면충돌,안전거리미확보,건조,맑음,단일로 - 기타,화물,남,74세,상해없음,승용,남,38세,경상
2020012800100483,2020년 1월 28일 21시,화요일,전라북도 전주시 덕진구 만성동,경상사고,0,0,1,0,차대차 - 측면충돌,불법유턴,건조,흐림,교차로 - 교차로안,승용,남,53세,상해없음,이륜,남,49세,경상
2020012800100504,2020년 1월 28일 22시,화요일,전라북도 전주시 덕진구 인후동1가,경상사고,0,0,1,0,차대사람 - 길가장자리구역통행중,안전운전불이행,건조,맑음,교차로 - 교차로안,승용,남,59세,기타불명,보행자,남,58세,경상
2020012800100505,2020년 1월 28일 22시,화요일,전라북도 군산시 수송동,경상사고,0,0,2,0,차대차 - 측면충돌,차로위반,건조,맑음,단일로 - 기타,승용,남,66세,상해없음,승용,남,38세,경상
2020012900100099,2020년 1월 29일 08시,수요일,전라북도 정읍시 칠보면,경상사고,0,0,2,0,차대차 - 정면충돌,중앙선침범,건조,맑음,교차로 - 교차로부근,승용,남,25세,경상,승용,여,36세,경상
2020012900100167,2020년 1월 29일 11시,수요일,전라북도 전주시 덕진구 덕진동1가,중상사고,0,1,0,0,차대차 - 측면충돌,불법유턴,건조,맑음,교차로 - 교차로부근,승용,남,76세,상해없음,이륜,남,24세,중상
2020012900100168,2020년 1월 29일 11시,수요일,전라북도 군산시 미룡동,경상사고,0,0,2,0,차대차 - 기타,안전운전불이행,건조,맑음,교차로 - 교차로안,승용,남,73세,상해없음,승용,여,54세,경상
2020012900100169,2020년 1월 29일 11시,수요일,전라북도 김제시 광활면,중상사고,0,2,0,0,차대차 - 정면충돌,중앙선침범,건조,맑음,교차로 - 교차로부근,승용,남,64세,상해없음,승용,남,77세,중상
2020012900100170,2020년 1월 29일 11시,수요일,전라북도 부안군 부안읍,중상사고,0,1,2,0,차대차 - 측면충돌,직진우회전진행방해,건조,맑음,교차로 - 교차로안,화물,남,64세,경상,승용,남,37세,중상
2020012900100171,2020년 1월 29일 11시,수요일,전라북도 임실군 오수면,중상사고,0,2,3,0,차대차 - 추돌,안전거리미확보,건조,맑음,단일로 - 지하차도(도로)내,승용,남,69세,상해없음,승합,남,37세,중상
2020012900100205,2020년 1월 29일 12시,수요일,전라북도 전주시 덕진구 금암동,경상사고,0,0,1,0,차대사람 - 길가장자리구역통행중,안전운전불이행,건조,맑음,단일로 - 기타,승용,여,41세,상해없음,보행자,여,31세,경상
2020012900100206,2020년 1월 29일 12시,수요일,전라북도 군산시 미장동,중상사고,0,1,0,0,차대차 - 측면충돌,신호위반,건조,맑음,교차로 - 교차로안,승용,남,42세,기타불명,승용,남,55세,중상
2020012900100230,2020년 1월 29일 13시,수요일,전라북도 무주군 무주읍,중상사고,0,1,0,0,차대사람 - 횡단중,안전운전불이행,건조,흐림,단일로 - 지하차도(도로)내,승용,여,58세,상해없음,보행자,여,45세,중상
2020012900100255,2020년 1월 29일 14시,수요일,전라북도 정읍시 수성동,중상사고,0,1,0,0,차대사람 - 차도통행중,안전운전불이행,건조,흐림,교차로 - 교차로안,승용,남,38세,상해없음,보행자,여,74세,중상
2020012900100286,2020년 1월 29일 15시,수요일,전라북도 남원시 이백면,중상사고,0,1,0,0,차대사람 - 기타,안전운전불이행,건조,흐림,단일로 - 기타,화물,남,79세,상해없음,보행자,여,59세,중상
2020012900100287,2020년 1월 29일 15시,수요일,전라북도 장수군 계북면,중상사고,0,4,2,0,차대차 - 기타,안전운전불이행,적설,눈,단일로 - 기타,승용,남,64세,상해없음,승용,남,36세,중상
2020012900100316,2020년 1월 29일 16시,수요일,전라북도 전주시 덕진구 금암동,경상사고,0,0,1,0,차대차 - 추돌,안전거리미확보,젖음/습기,흐림,교차로 - 교차로부근,승합,남,42세,상해없음,승용,남,43세,경상
2020012900100317,2020년 1월 29일 16시,수요일,전라북도 군산시 산북동,경상사고,0,0,1,0,차대차 - 후진중충돌,안전운전불이행,건조,맑음,교차로 - 교차로안,화물,남,52세,상해없음,화물,남,73세,경상
2020012900100383,2020년 1월 29일 18시,수요일,전라북도 전주시 덕진구 전미동2가,경상사고,0,0,1,0,차대차 - 기타,신호위반,건조,맑음,교차로 - 교차로안,승용,여,60세,상해없음,승용,남,48세,경상
2020012900100384,2020년 1월 29일 18시,수요일,전라북도 전주시 덕진구 중동,경상사고,0,0,3,0,차대차 - 추돌,안전운전불이행,건조,맑음,단일로 - 기타,화물,남,46세,상해없음,승용,여,41세,상해없음
2020012900100385,2020년 1월 29일 18시,수요일,전라북도 익산시 영등동,경상사고,0,0,1,0,차대사람 - 횡단중,안전운전불이행,건조,맑음,단일로 - 기타,화물,남,28세,상해없음,보행자,남,61세,경상
2020012900100469,2020년 1월 29일 21시,수요일,전라북도 군산시 옥산면,경상사고,0,0,1,0,차대차 - 추돌,안전운전불이행,건조,흐림,단일로 - 기타,승용,여,29세,상해없음,화물,남,59세,경상
2020012900100470,2020년 1월 29일 21시,수요일,전라북도 익산시 부송동,경상사고,0,0,1,0,차대차 - 측면충돌,안전운전불이행,건조,맑음,단일로 - 기타,승합,남,73세,상해없음,승용,남,56세,경상
2020013000100040,2020년 1월 30일 05시,목요일,전라북도 익산시 목천동,경상사고,0,0,1,0,차대사람 - 횡단중,안전운전불이행,건조,맑음,교차로 - 교차로안,승용,여,60세,상해없음,보행자,남,48세,경상
2020013000100082,2020년 1월 30일 07시,목요일,전라북도 전주시 덕진구 덕진동2가,사망사고,1,0,0,0,차대사람 - 횡단중,신호위반,건조,맑음,교차로 - 교차로안,건설기계,남,53세,상해없음,보행자,여,82세,사망
2020013000100083,2020년 1월 30일 07시,목요일,전라북도 익산시 평화동,경상사고,0,0,1,0,차대차 - 측면충돌,차로위반,건조,맑음,단일로 - 기타,승용,남,67세,상해없음,승용,여,38세,경상
2020013000100187,2020년 1월 30일 10시,목요일,전라북도 군산시 문화동,경상사고,0,0,2,0,차대차 - 측면충돌,중앙선침범,건조,맑음,단일로 - 지하차도(도로)내,화물,남,53세,상해없음,승용,남,66세,경상
2020013000100188,2020년 1월 30일 10시,목요일,전라북도 익산시 모현동1가,경상사고,0,0,1,0,차대차 - 측면충돌,기타,건조,맑음,교차로 - 교차로안,승용,남,20세,상해없음,자전거,남,80세,경상
2020013000100189,2020년 1월 30일 10시,목요일,전라북도 고창군 고창읍,중상사고,0,2,0,0,차대차 - 측면충돌,중앙선침범,건조,맑음,기타 - 기타,승용,여,45세,상해없음,승용,여,50세,중상
2020013000100316,2020년 1월 30일 14시,목요일,전라북도 김제시 요촌동,경상사고,0,0,1,0,차대사람 - 길가장자리구역통행중,안전운전불이행,건조,맑음,교차로 - 교차로안,승용,남,61세,상해없음,보행자,여,86세,경상
2020013000100358,2020년 1월 30일 15시,목요일,전라북도 전주시 완산구 중화산동2가,경상사고,0,0,2,0,차대차 - 측면충돌,교차로운행방법위반,건조,맑음,교차로 - 교차로안,승용,남,73세,상해없음,승용,여,65세,경상
2020013000100359,2020년 1월 30일 15시,목요일,전라북도 군산시 나운동,경상사고,0,0,2,0,차대차 - 측면충돌,안전운전불이행,건조,맑음,교차로 - 교차로부근,승용,남,22세,상해없음,승용,여,53세,경상
2020013000100360,2020년 1월 30일 15시,목요일,전라북도 김제시 요촌동,경상사고,0,0,1,0,차대차 - 측면충돌,차로위반,건조,맑음,단일로 - 지하차도(도로)내,화물,남,71세,상해없음,승용,남,23세,경상
2020013000100416,2020년 1월 30일 17시,목요일,전라북도 전주시 완산구 평화동1가,경상사고,0,0,1,0,차대차 - 추돌,안전운전불이행,건조,맑음,단일로 - 기타,화물,남,65세,상해없음,승용,여,56세,경상
2020013000100482,2020년 1월 30일 19시,목요일,전라북도 전주시 덕진구 송천동2가,경상사고,0,0,2,0,차대차 - 기타,불법유턴,건조,맑음,교차로 - 교차로부근,승용,남,21세,상해없음,승용,남,54세,경상
2020013000100558,2020년 1월 30일 22시,목요일,전라북도 익산시 갈산동,경상사고,0,0,1,0,차대차 - 측면충돌,신호위반,건조,맑음,교차로 - 교차로부근,승용,남,41세,상해없음,승용,남,67세,경상
2020013000100559,2020년 1월 30일 22시,목요일,전라북도 익산시 모현동1가,경상사고,0,0,4,0,차대차 - 측면충돌,기타,건조,맑음,교차로 - 교차로안,승용,남,26세,상해없음,승용,여,47세,경상
2020013100100024,2020년 1월 31일 02시,금요일,전라북도 익산시 신용동,중상사고,0,1,1,0,차대차 - 추돌,안전운전불이행,건조,맑음,단일로 - 기타,승용,여,29세,상해없음,이륜,남,40세,중상
2020013100100036,2020년 1월 31일 04시,금요일,전라북도 전주시 완산구 중화산동2가,경상사고,0,0,2,0,차대차 - 추돌,신호위반,건조,맑음,교차로 - 교차로안,승용,남,55세,상해없음,승용,여,63세,경상
2020013100100120,2020년 1월 31일 09시,금요일,전라북도 전주시 덕진구 송천동2가,경상사고,0,0,1,0,차대차 - 측면충돌,기타,건조,맑음,단일로 - 기타,화물,남,77세,상해없음,승용,여,36세,경상
2020013100100147,2020년 1월 31일 10시,금요일,전라북도 전주시 완산구 중화산동2가,경상사고,0,0,1,0,차대차 - 추돌,안전운전불이행,건조,맑음,기타 - 기타,승용,여,36세,상해없음,승용,남,61세,경상
2020013100100148,2020년 1월 31일 10시,금요일,전라북도 군산시 산북동,경상사고,0,0,1,0,차대차 - 기타,안전운전불이행,건조,흐림,단일로 - 기타,승용,남,30세,상해없음,승용,남,62세,경상
2020013100100179,2020년 1월 31일 11시,금요일,전라북도 전주시 완산구 효자동3가,경상사고,0,0,1,0,차대사람 - 기타,안전운전불이행,건조,맑음,단일로 - 기타,승합,남,50세,상해없음,보행자,남,72세,경상
2020013100100210,2020년 1월 31일 12시,금요일,전라북도 정읍시 수성동,중상사고,0,1,0,0,차대사람 - 횡단중,안전운전불이행,건조,맑음,교차로 - 교차로부근,승용,남,41세,상해없음,보행자,여,83세,중상
2020013100100211,2020년 1월 31일 12시,금요일,전라북도 정읍시 북면,경상사고,0,0,1,0,차대차 - 측면충돌,중앙선침범,젖음/습기,흐림,교차로 - 교차로부근,화물,남,64세,상해없음,승용,여,62세,경상
2020013100100212,2020년 1월 31일 12시,금요일,전라북도 완주군 고산면,사망사고,1,0,0,0,차량단독 - 전도전복 - 전도,안전운전불이행,건조,맑음,단일로 - 기타,이륜,남,83세,사망,,,,
2020013100100269,2020년 1월 31일 14시,금요일,전라북도 군산시 옥산면,중상사고,0,1,1,0,차대차 - 측면충돌,신호위반,건조,흐림,교차로 - 교차로안,승용,남,78세,상해없음,승용,여,52세,경상
2020013100100270,2020년 1월 31일 14시,금요일,전라북도 군산시 수송동,경상사고,0,0,1,0,차대차 - 추돌,안전운전불이행,건조,맑음,단일로 - 기타,승용,여,64세,상해없음,승용,남,45세,경상
2020013100100334,2020년 1월 31일 16시,금요일,전라북도 전주시 덕진구 송천동2가,경상사고,0,0,1,0,차대차 - 측면충돌,중앙선침범,건조,맑음,교차로 - 교차로부근,승용,남,43세,상해없음,승용,여,42세,경상
2020013100100403,2020년 1월 31일 18시,금요일,전라북도 군산시 옥산면,경상사고,0,0,1,0,차대차 - 기타,안전운전불이행,건조,맑음,교차로 - 교차로안,승용,남,26세,상해없음,승용,여,33세,경상
2020013100100404,2020년 1월 31일 18시,금요일,전라북도 완주군 봉동읍,경상사고,0,0,1,0,차대차 - 정면충돌,중앙선침범,건조,맑음,단일로 - 기타,승용,여,38세,상해없음,이륜,남,26세,경상
2020013100100453,2020년 1월 31일 19시,금요일,전라북도 남원시 향교동,경상사고,0,0,1,0,차대사람 - 기타,안전운전불이행,건조,맑음,단일로 - 기타,승용,여,61세,상해없음,보행자,남,64세,경상
2020013100100479,2020년 1월 31일 20시,금요일,전라북도 전주시 완산구 서신동,중상사고,0,1,0,0,차대차 - 측면충돌,신호위반,건조,맑음,교차로 - 교차로횡단보도내,승용,남,52세,상해없음,자전거,남,37세,중상
2020013100100480,2020년 1월 31일 20시,금요일,전라북도 전주시 덕진구 전미동1가,경상사고,0,0,1,0,차대차 - 추돌,안전운전불이행,건조,맑음,단일로 - 기타,이륜,남,57세,상해없음,승용,여,63세,경상
2020020100100027,2020년 2월 1일 01시,토요일,전라북도 김제시 봉남면,경상사고,0,0,2,0,차대차 - 추돌,안전거리미확보,건조,맑음,단일로 - 지하차도(도로)내,승용,남,50세,상해없음,승용,남,49세,경상
2020020100100091,2020년 2월 1일 08시,토요일,전라북도 전주시 덕진구 인후동1가,경상사고,0,0,1,0,차대차 - 측면충돌,안전운전불이행,건조,맑음,교차로 - 교차로안,승용,여,47세,상해없음,승용,여,35세,경상
2020020100100123,2020년 2월 1일 10시,토요일,전라북도 정읍시 연지동,중상사고,0,1,0,0,차대차 - 추돌,안전거리미확보,건조,맑음,단일로 - 지하차도(도로)내,화물,남,53세,상해없음,이륜,남,65세,중상
2020020100100124,2020년 2월 1일 10시,토요일,전라북도 김제시 검산동,경상사고,0,0,1,0,차대차 - 측면충돌,안전운전불이행,건조,맑음,교차로 - 교차로부근,화물,남,69세,상해없음,이륜,남,76세,경상
2020020100100125,2020년 2월 1일 10시,토요일,전라북도 완주군 봉동읍,사망사고,1,0,0,0,차대사람 - 기타,안전운전불이행,건조,흐림,교차로 - 교차로안,화물,남,47세,상해없음,보행자,남,81세,사망
2020020100100301,2020년 2월 1일 16시,토요일,전라북도 남원시 하정동,중상사고,0,1,0,0,차대사람 - 횡단중,보행자보호의무위반,건조,맑음,교차로 - 교차로횡단보도내,승용,남,31세,상해없음,보행자,여,52세,중상
2020020100100347,2020년 2월 1일 18시,토요일,전라북도 익산시 영등동,경상사고,0,0,1,0,차대사람 - 보도통행중,보행자보호의무위반,건조,맑음,교차로 - 교차로횡단보도내,승용,남,54세,상해없음,보행자,여,19세,경상
2020020100100372,2020년 2월 1일 19시,토요일,전라북도 전주시 완산구 서신동,경상사고,0,0,1,0,차대차 - 기타,안전운전불이행,건조,맑음,교차로 - 교차로안,승용,남,66세,상해없음,기타불명,기타불명,미분류,기타불명
2020020200100014,2020년 2월 2일 00시,일요일,전라북도 군산시 지곡동,경상사고,0,0,1,0,차대차 - 추돌,중앙선침범,건조,맑음,교차로 - 교차로부근,화물,남,51세,상해없음,승용,남,34세,경상
2020020200100030,2020년 2월 2일 01시,일요일,전라북도 군산시 미원동,경상사고,0,0,4,0,차대차 - 기타,신호위반,건조,맑음,교차로 - 교차로안,승용,여,60세,상해없음,승용,여,32세,경상
2020020200100064,2020년 2월 2일 05시,일요일,전라북도 전주시 덕진구 만성동,사망사고,1,0,0,0,차대차 - 추돌,안전거리미확보,건조,맑음,단일로 - 기타,승용,남,28세,상해없음,자전거,남,68세,사망
2020020200100093,2020년 2월 2일 08시,일요일,전라북도 익산시 황등면,경상사고,0,0,2,0,차대차 - 추돌,안전운전불이행,건조,맑음,단일로 - 기타,승용,남,20세,상해없음,승용,남,62세,경상
2020020200100271,2020년 2월 2일 17시,일요일,전라북도 전주시 완산구 다가동2가,경상사고,0,0,1,0,차대차 - 측면충돌,신호위반,건조,맑음,교차로 - 교차로안,승합,남,54세,상해없음,승용,남,23세,경상
2020020200100272,2020년 2월 2일 17시,일요일,전라북도 전주시 완산구 중화산동2가,경상사고,0,0,1,0,차대차 - 측면충돌,안전운전불이행,건조,맑음,교차로 - 교차로부근,승용,여,65세,상해없음,승용,남,54세,경상
2020020200100356,2020년 2월 2일 20시,일요일,전라북도 전주시 완산구 중화산동2가,경상사고,0,0,1,0,차대차 - 정면충돌,안전운전불이행,건조,맑음,교차로 - 교차로안,승용,남,19세,상해없음,승용,남,40세,경상
2020020200100357,2020년 2월 2일 20시,일요일,전라북도 익산시 중앙동1가,경상사고,0,0,1,0,차대차 - 측면충돌,신호위반,건조,맑음,교차로 - 교차로안,화물,남,53세,상해없음,화물,남,59세,경상
2020020200100358,2020년 2월 2일 20시,일요일,전라북도 정읍시 하북동,중상사고,0,1,2,0,차대차 - 추돌,안전운전불이행,건조,맑음,단일로 - 지하차도(도로)내,승용,남,46세,경상,승용,남,55세,중상
2020020200100371,2020년 2월 2일 21시,일요일,전라북도 전주시 완산구 효자동2가,경상사고,0,0,2,0,차대사람 - 횡단중,안전운전불이행,건조,맑음,교차로 - 교차로횡단보도내,승용,남,32세,상해없음,보행자,남,53세,경상
2020020300100018,2020년 2월 3일 05시,월요일,전라북도 군산시 소룡동,사망사고,1,0,0,0,차대사람 - 횡단중,보행자보호의무위반,젖음/습기,흐림,교차로 - 교차로횡단보도내,화물,남,69세,상해없음,보행자,여,75세,사망
2020020300100157,2020년 2월 3일 10시,월요일,전라북도 전주시 완산구 효자동2가,중상사고,0,1,0,0,차대사람 - 횡단중,신호위반,건조,맑음,교차로 - 교차로횡단보도내,승용,여,47세,상해없음,보행자,여,70세,중상
2020020300100158,2020년 2월 3일 10시,월요일,전라북도 군산시 산북동,경상사고,0,0,1,0,차대차 - 정면충돌,신호위반,건조,맑음,교차로 - 교차로안,화물,남,31세,상해없음,화물,남,46세,경상
2020020300100246,2020년 2월 3일 12시,월요일,전라북도 군산시 대명동,경상사고,0,0,2,0,차대차 - 측면충돌,안전운전불이행,건조,맑음,주차장 - 주차장,승용,남,67세,상해없음,승용,여,54세,경상
2020020300100287,2020년 2월 3일 13시,월요일,전라북도 익산시 어양동,중상사고,0,1,0,0,차대차 - 측면충돌,교차로운행방법위반,건조,맑음,교차로 - 교차로안,화물,남,74세,상해없음,이륜,남,82세,중상
2020020300100352,2020년 2월 3일 15시,월요일,전라북도 전주시 완산구 효자동1가,경상사고,0,0,1,0,차대차 - 추돌,안전운전불이행,건조,맑음,교차로 - 교차로안,승용,남,52세,상해없음,승용,남,63세,경상
2020020300100411,2020년 2월 3일 17시,월요일,전라북도 군산시 대야면,중상사고,0,1,0,0,차대차 - 정면충돌,중앙선침범,건조,맑음,교차로 - 교차로부근,승합,남,60세,상해없음,화물,남,62세,중상
2020020300100412,2020년 2월 3일 17시,월요일,전라북도 익산시 신동,경상사고,0,0,1,0,차대차 - 측면충돌,교차로운행방법위반,건조,맑음,교차로 - 교차로안,승용,남,30세,상해없음,승용,여,24세,경상
2020020300100460,2020년 2월 3일 18시,월요일,전라북도 군산시 지곡동,경상사고,0,0,1,0,차대차 - 측면충돌,안전운전불이행,건조,맑음,단일로 - 지하차도(도로)내,승용,남,34세,상해없음,이륜,남,19세,경상
2020020300100461,2020년 2월 3일 18시,월요일,전라북도 익산시 남중동,경상사고,0,0,1,0,차대차 - 측면충돌,직진우회전진행방해,건조,맑음,교차로 - 교차로안,승용,남,60세,상해없음,승용,남,40세,경상
2020020300100462,2020년 2월 3일 18시,월요일,전라북도 남원시 금지면,중상사고,0,1,0,0,차대차 - 측면충돌,안전운전불이행,건조,맑음,단일로 - 기타,화물,남,50세,상해없음,자전거,남,84세,중상
2020020300100494,2020년 2월 3일 19시,월요일,전라북도 전주시 완산구 중화산동2가,경상사고,0,0,1,0,차대차 - 측면충돌,안전운전불이행,건조,맑음,교차로 - 교차로안,승용,남,62세,상해없음,승용,남,58세,경상
2020020300100495,2020년 2월 3일 19시,월요일,전라북도 익산시 마동,경상사고,0,0,1,0,차대차 - 측면충돌,안전운전불이행,건조,맑음,교차로 - 교차로횡단보도내,자전거,남,58세,경상,승용,남,31세,상해없음
2020020300100553,2020년 2월 3일 21시,월요일,전라북도 익산시 동산동,경상사고,0,0,1,0,차대차 - 측면충돌,중앙선침범,건조,맑음,단일로 - 기타,승용,남,28세,상해없음,승용,남,53세,경상
2020020300100554,2020년 2월 3일 21시,월요일,전라북도 남원시 쌍교동,경상사고,0,0,2,0,차대차 - 측면충돌,중앙선침범,건조,맑음,단일로 - 기타,승용,남,42세,기타불명,승용,남,47세,경상
2020020300100579,2020년 2월 3일 22시,월요일,전라북도 정읍시 수성동,경상사고,0,0,1,0,차대사람 - 횡단중,보행자보호의무위반,건조,맑음,교차로 - 교차로횡단보도내,승합,남,54세,상해없음,보행자,여,60세,경상
2020020400100037,2020년 2월 4일 05시,화요일,전라북도 완주군 봉동읍,경상사고,0,0,1,0,차대차 - 추돌,안전운전불이행,건조,맑음,교차로 - 교차로안,승합,남,49세,상해없음,승용,남,41세,경상
2020020400100068,2020년 2월 4일 07시,화요일,전라북도 정읍시 소성면,경상사고,0,0,1,0,차대차 - 정면충돌,안전운전불이행,건조,맑음,단일로 - 기타,이륜,남,77세,경상,화물,남,61세,기타불명