사고번호,사고일시,요일,시군구,사고내용,사망자수,중상자수,경상자수,부상신고자수,사고유형,법규위반,노면상태,기상상태,도로형태,가해운전자 차종,가해운전자 성별,가해운전자 연령,가해운전자 상해정도,피해운전자 차종,피해운전자 성별,피해운전자 연령,피해운전자 상해정도
2020020400100133,2020년 2월 4일 09시,화요일,전라북도 군산시 수송동,경상사고,0,0,1,0,차대사람 - 횡단중,보행자보호의무위반,건조,맑음,교차로 - 교차로횡단보도내,승용,남,64세,상해없음,보행자,여,76세,경상
2020020400100170,2020년 2월 4일 10시,화요일,전라북도 정읍시 수성동,중상사고,0,1,0,0,차대사람 - 횡단중,안전운전불이행,건조,맑음,교차로 - 교차로안,승용,남,73세,상해없음,보행자,여,77세,중상
2020020400100171,2020년 2월 4일 10시,화요일,전라북도 남원시 월락동,중상사고,0,2,1,0,차대차 - 측면충돌,안전운전불이행,건조,맑음,교차로 - 교차로안,승용,남,67세,상해없음,승용,남,43세,경상
2020020400100198,2020년 2월 4일 11시,화요일,전라북도 전주시 완산구 효자동3가,경상사고,0,0,3,0,차대차 - 기타,안전운전불이행,건조,맑음,단일로 - 기타,승용,남,77세,상해없음,승합,남,48세,경상
2020020400100199,2020년 2월 4일 11시,화요일,전라북도 군산시 내초동,경상사고,0,0,2,0,차대차 - 측면충돌,신호위반,건조,맑음,교차로 - 교차로안,승용,남,65세,경상,승용,남,47세,경상
2020020400100259,2020년 2월 4일 13시,화요일,전라북도 전주시 완산구 효자동3가,경상사고,0,0,1,0,차대차 - 기타,불법유턴,건조,맑음,교차로 - 교차로부근,승용,남,57세,상해없음,이륜,남,57세,경상
2020020400100289,2020년 2월 4일 14시,화요일,전라북도 김제시 신풍동,경상사고,0,0,1,0,차대차 - 측면충돌,신호위반,건조,맑음,교차로 - 교차로안,화물,남,47세,상해없음,농기계,남,82세,경상
2020020400100325,2020년 2월 4일 15시,화요일,전라북도 익산시 남중동,경상사고,0,0,1,0,차대차 - 기타,안전운전불이행,건조,맑음,단일로 - 기타,승용,남,21세,기타불명,승용,여,36세,기타불명
2020020400100327,2020년 2월 4일 15시,화요일,전라북도 완주군 봉동읍,중상사고,0,1,3,0,차대차 - 기타,안전거리미확보,건조,맑음,기타 - 기타,승용,남,31세,경상,승용,남,67세,경상
2020020400100361,2020년 2월 4일 16시,화요일,전라북도 전주시 완산구 평화동2가,중상사고,0,1,0,0,차량단독 - 기타,안전운전불이행,건조,맑음,단일로 - 기타,승합,남,55세,상해없음,,,,
2020020400100362,2020년 2월 4일 16시,화요일,전라북도 완주군 삼례읍,경상사고,0,0,1,0,차대차 - 기타,안전운전불이행,건조,맑음,단일로 - 기타,승용,여,43세,상해없음,승용,여,55세,경상
2020020400100403,2020년 2월 4일 17시,화요일,전라북도 무주군 설천면,경상사고,0,0,1,0,차대차 - 후진중충돌,안전운전불이행,건조,맑음,단일로 - 지하차도(도로)내,승용,남,35세,상해없음,승용,남,36세,경상
2020020400100465,2020년 2월 4일 18시,화요일,전라북도 전주시 덕진구 여의동,경상사고,0,0,1,0,차대차 - 정면충돌,신호위반,건조,맑음,교차로 - 교차로안,승용,여,29세,상해없음,승용,남,39세,경상
2020020400100522,2020년 2월 4일 19시,화요일,전라북도 남원시 화정동,경상사고,0,0,1,0,차대차 - 기타,안전운전불이행,건조,맑음,단일로 - 기타,승용,남,57세,경상,화물,남,57세,상해없음
2020020400100560,2020년 2월 4일 20시,화요일,전라북도 전주시 완산구 용복동,경상사고,0,0,9,0,차대차 - 측면충돌,안전운전불이행,건조,맑음,교차로 - 교차로안,승용,남,59세,상해없음,승합,남,48세,경상
2020020400100561,2020년 2월 4일 20시,화요일,전라북도 군산시 지곡동,중상사고,0,1,0,0,차대차 - 측면충돌,안전운전불이행,건조,맑음,교차로 - 교차로안,승용,여,52세,상해없음,이륜,남,39세,중상
2020020400100594,2020년 2월 4일 21시,화요일,전라북도 전주시 완산구 효자동2가,경상사고,0,0,1,0,차대차 - 측면충돌,차로위반,건조,맑음,단일로 - 기타,승용,남,19세,상해없음,승용,남,29세,경상
2020020500100011,2020년 2월 5일 00시,수요일,전라북도 전주시 덕진구 인후동1가,중상사고,0,1,2,0,차대차 - 측면충돌,차로위반,적설,눈,단일로 - 기타,기타불명,기타불명,미분류,기타불명,승용,남,57세,경상
2020020500100112,2020년 2월 5일 08시,수요일,전라북도 군산시 소룡동,경상사고,0,0,4,0,차대차 - 기타,안전운전불이행,건조,맑음,교차로 - 교차로안,승용,여,35세,경상,승용,남,28세,경상
2020020500100113,2020년 2월 5일 08시,수요일,전라북도 정읍시 상동,중상사고,0,1,1,0,차대차 - 기타,신호위반,건조,맑음,교차로 - 교차로횡단보도내,화물,남,61세,상해없음,승용,여,64세,경상
2020020500100114,2020년 2월 5일 08시,수요일,전라북도 남원시 노암동,경상사고,0,0,1,0,차대차 - 측면충돌,직진우회전진행방해,건조,맑음,교차로 - 교차로안,이륜,남,59세,경상,승용,남,50세,상해없음
2020020500100149,2020년 2월 5일 09시,수요일,전라북도 익산시 신동,경상사고,0,0,1,0,차대차 - 측면충돌,안전운전불이행,건조,맑음,교차로 - 교차로부근,승용,여,57세,상해없음,이륜,남,28세,경상
2020020500100220,2020년 2월 5일 11시,수요일,전라북도 전주시 덕진구 금암동,경상사고,0,0,2,0,차대차 - 측면충돌,불법유턴,건조,맑음,교차로 - 교차로부근,승용,남,52세,상해없음,승용,남,30세,경상
2020020500100221,2020년 2월 5일 11시,수요일,전라북도 군산시 금암동,경상사고,0,0,2,0,차대차 - 기타,교차로운행방법위반,건조,맑음,교차로 - 교차로안,승용,남,59세,경상,화물,남,39세,경상
2020020500100257,2020년 2월 5일 12시,수요일,전라북도 전주시 완산구 중노송동,중상사고,0,1,0,0,차대사람 - 횡단중,보행자보호의무위반,건조,맑음,교차로 - 교차로안,승용,여,52세,상해없음,보행자,여,71세,중상
2020020500100295,2020년 2월 5일 13시,수요일,전라북도 익산시 황등면,경상사고,0,0,2,0,차대차 - 추돌,안전운전불이행,건조,맑음,교차로 - 교차로부근,승용,여,58세,상해없음,승용,남,60세,경상
2020020500100316,2020년 2월 5일 14시,수요일,전라북도 익산시 남중동,경상사고,0,0,1,0,차대차 - 측면충돌,안전운전불이행,건조,맑음,교차로 - 교차로부근,승용,남,61세,상해없음,이륜,남,36세,경상
2020020500100438,2020년 2월 5일 17시,수요일,전라북도 익산시 어양동,경상사고,0,0,1,0,차대차 - 측면충돌,안전운전불이행,건조,맑음,단일로 - 기타,승용,여,60세,상해없음,이륜,남,27세,경상
2020020500100439,2020년 2월 5일 17시,수요일,전라북도 정읍시 하북동,경상사고,0,0,2,0,차대차 - 추돌,안전운전불이행,건조,맑음,교차로 - 교차로부근,화물,남,33세,상해없음,승용,남,31세,경상
2020020500100440,2020년 2월 5일 17시,수요일,전라북도 정읍시 수성동,경상사고,0,0,1,0,차대차 - 측면충돌,안전운전불이행,건조,맑음,교차로 - 교차로부근,자전거,남,23세,경상,이륜,남,27세,상해없음
2020020500100483,2020년 2월 5일 18시,수요일,전라북도 전주시 완산구 평화동1가,경상사고,0,0,2,0,차대차 - 추돌,안전운전불이행,건조,맑음,교차로 - 교차로부근,승합,남,49세,상해없음,승용,남,61세,경상
2020020500100484,2020년 2월 5일 18시,수요일,전라북도 익산시 신동,경상사고,0,0,1,0,차대사람 - 보도통행중,보행자보호의무위반,건조,맑음,교차로 - 교차로횡단보도내,이륜,남,53세,상해없음,보행자,여,14세,경상
2020020500100485,2020년 2월 5일 18시,수요일,전라북도 익산시 영등동,중상사고,0,1,0,0,차대차 - 측면충돌,직진우회전진행방해,기타,맑음,교차로 - 교차로안,승용,남,45세,상해없음,이륜,남,40세,중상
2020020500100486,2020년 2월 5일 18시,수요일,전라북도 익산시 영등동,경상사고,0,0,1,0,차대차 - 기타,교차로운행방법위반,서리/결빙,맑음,교차로 - 교차로안,승용,남,34세,상해없음,이륜,남,50세,경상
2020020500100487,2020년 2월 5일 18시,수요일,전라북도 익산시 모현동2가,중상사고,0,1,0,0,차대차 - 기타,교차로운행방법위반,서리/결빙,맑음,교차로 - 교차로안,승용,여,40세,기타불명,승용,남,46세,상해없음
2020020500100548,2020년 2월 5일 19시,수요일,전라북도 전주시 완산구 효자동1가,중상사고,0,1,0,0,차대사람 - 기타,안전운전불이행,건조,맑음,단일로 - 기타,화물,남,57세,상해없음,보행자,여,54세,중상
2020020500100549,2020년 2월 5일 19시,수요일,전라북도 전주시 완산구 중화산동1가,중상사고,0,1,0,0,차대사람 - 횡단중,보행자보호의무위반,건조,맑음,교차로 - 교차로안,승용,남,54세,상해없음,보행자,남,24세,중상
2020020500100550,2020년 2월 5일 19시,수요일,전라북도 군산시 수송동,경상사고,0,0,1,0,차대사람 - 횡단중,보행자보호의무위반,건조,맑음,교차로 - 교차로안,승용,여,47세,상해없음,보행자,여,48세,경상
2020020500100551,2020년 2월 5일 19시,수요일,전라북도 익산시 영등동,경상사고,0,0,1,0,차대차 - 기타,안전운전불이행,건조,맑음,교차로 - 교차로안,승합,여,46세,상해없음,이륜,남,43세,경상
2020020500100649,2020년 2월 5일 22시,수요일,전라북도 전주시 완산구 효자동3가,경상사고,0,0,2,0,차대차 - 추돌,안전운전불이행,젖음/습기,맑음,교차로 - 교차로부근,승용,남,43세,상해없음,승용,여,43세,경상
2020020500100681,2020년 2월 5일 23시,수요일,전라북도 전주시 덕진구 덕진동1가,중상사고,0,1,0,0,차대차 - 측면충돌,안전거리미확보,건조,맑음,단일로 - 기타,승용,남,63세,상해없음,이륜,남,24세,중상
2020020500100682,2020년 2월 5일 23시,수요일,전라북도 정읍시 시기동,경상사고,0,0,2,0,차대차 - 측면충돌,직진우회전진행방해,건조,맑음,교차로 - 교차로안,승용,남,35세,경상,승용,남,32세,경상
2020020600100047,2020년 2월 6일 04시,목요일,전라북도 익산시 남중동,경상사고,0,0,2,0,차대차 - 측면충돌,안전거리미확보,건조,맑음,단일로 - 기타,승용,남,24세,상해없음,승용,남,51세,경상
2020020600100097,2020년 2월 6일 07시,목요일,전라북도 군산시 대야면,중상사고,0,1,0,0,차대차 - 측면충돌,불법유턴,건조,맑음,단일로 - 기타,승용,여,53세,중상,화물,남,64세,상해없음
2020020600100098,2020년 2월 6일 07시,목요일,전라북도 군산시 옥산면,경상사고,0,0,1,0,차대차 - 측면충돌,안전운전불이행,건조,맑음,단일로 - 기타,특수,남,35세,상해없음,승용,남,31세,경상
2020020600100165,2020년 2월 6일 09시,목요일,전라북도 전주시 덕진구 여의동,중상사고,0,1,0,0,차대사람 - 길가장자리구역통행중,안전운전불이행,건조,맑음,단일로 - 기타,화물,남,57세,상해없음,보행자,여,67세,중상
2020020600100166,2020년 2월 6일 09시,목요일,전라북도 완주군 상관면,경상사고,0,0,2,0,차대차 - 추돌,안전운전불이행,건조,맑음,주차장 - 주차장,승합,남,81세,상해없음,승용,여,38세,경상
2020020600100196,2020년 2월 6일 10시,목요일,전라북도 장수군 장수읍,경상사고,0,0,1,0,차대차 - 측면충돌,안전운전불이행,건조,맑음,단일로 - 기타,화물,남,58세,상해없음,화물,남,53세,경상
2020020600100232,2020년 2월 6일 11시,목요일,전라북도 전주시 덕진구 금암동,경상사고,0,0,1,0,차대사람 - 길가장자리구역통행중,안전운전불이행,건조,맑음,교차로 - 교차로안,승합,남,44세,상해없음,보행자,남,58세,경상
2020020600100301,2020년 2월 6일 13시,목요일,전라북도 익산시 금마면,중상사고,0,1,0,0,차량단독 - 전도전복 - 전복,안전운전불이행,건조,맑음,단일로 - 기타,건설기계,남,47세,중상,,,,
2020020600100372,2020년 2월 6일 15시,목요일,전라북도 전주시 덕진구 송천동2가,경상사고,0,0,1,0,차대차 - 추돌,안전운전불이행,건조,맑음,교차로 - 교차로부근,화물,남,57세,상해없음,승용,남,58세,경상
2020020600100373,2020년 2월 6일 15시,목요일,전라북도 군산시 문화동,경상사고,0,0,1,0,차대차 - 측면충돌,중앙선침범,기타,맑음,단일로 - 기타,승용,여,59세,상해없음,이륜,남,66세,경상
2020020600100466,2020년 2월 6일 18시,목요일,전라북도 전주시 완산구 중앙동1가,경상사고,0,0,1,0,차대차 - 후진중충돌,안전운전불이행,건조,맑음,교차로 - 교차로부근,승용,남,64세,상해없음,승용,남,26세,경상
2020020600100467,2020년 2월 6일 18시,목요일,전라북도 전주시 완산구 서신동,경상사고,0,0,1,0,차대차 - 정면충돌,안전운전불이행,건조,맑음,교차로 - 교차로부근,승용,남,65세,상해없음,승용,여,47세,경상
2020020600100520,2020년 2월 6일 19시,목요일,전라북도 전주시 완산구 삼천동1가,경상사고,0,0,2,0,차대차 - 측면충돌,중앙선침범,건조,맑음,단일로 - 기타,승용,여,58세,상해없음,승용,남,48세,경상
2020020600100521,2020년 2월 6일 19시,목요일,전라북도 전주시 덕진구 우아동1가,경상사고,0,0,1,0,차대차 - 측면충돌,직진우회전진행방해,건조,맑음,교차로 - 교차로안,개인형이동수단(PM),남,60세,경상,승용,남,45세,상해없음
2020020600100548,2020년 2월 6일 20시,목요일,전라북도 전주시 완산구 효자동3가,중상사고,0,1,0,0,차대차 - 측면충돌,중앙선침범,건조,맑음,교차로 - 교차로부근,승용,남,22세,상해없음,이륜,남,35세,중상
2020020600100549,2020년 2월 6일 20시,목요일,전라북도 익산시 모현동2가,경상사고,0,0,1,0,차대차 - 측면충돌,안전운전불이행,서리/결빙,흐림,교차로 - 교차로부근,승용,남,64세,상해없음,이륜,남,46세,경상
2020020600100550,2020년 2월 6일 20시,목요일,전라북도 익산시 부송동,경상사고,0,0,1,0,차대차 - 추돌,안전운전불이행,건조,맑음,교차로 - 교차로안,승용,남,65세,상해없음,승용,여,68세,경상
2020020600100585,2020년 2월 6일 21시,목요일,전라북도 전주시 덕진구 덕진동1가,경상사고,0,0,4,0,차대차 - 추돌,안전운전불이행,건조,맑음,교차로 - 교차로부근,승합,남,48세,상해없음,승용,남,57세,경상
2020020600100586,2020년 2월 6일 21시,목요일,전라북도 남원시 어현동,중상사고,0,1,0,0,차량단독 - 공작물충돌,안전운전불이행,건조,맑음,단일로 - 기타,화물,남,60세,중상,,,,
2020020600100635,2020년 2월 6일 23시,목요일,전라북도 전주시 덕진구 산정동,경상사고,0,0,1,0,차대차 - 추돌,중앙선침범,건조,맑음,단일로 - 기타,기타불명,기타불명,미분류,기타불명,화물,남,37세,경상
2020020600100636,2020년 2월 6일 23시,목요일,전라북도 익산시 인화동1가,경상사고,0,0,1,0,차대차 - 측면충돌,직진우회전진행방해,서리/결빙,흐림,교차로 - 교차로안,이륜,남,38세,경상,승용,남,29세,상해없음
2020020700100024,2020년 2월 7일 01시,금요일,전라북도 전주시 덕진구 호성동1가,중상사고,0,1,0,0,차대차 - 측면충돌,불법유턴,건조,맑음,단일로 - 기타,승합,남,24세,상해없음,이륜,남,24세,중상
2020020700100075,2020년 2월 7일 06시,금요일,전라북도 전주시 완산구 평화동2가,중상사고,0,1,0,0,차대사람 - 횡단중,보행자보호의무위반,건조,맑음,교차로 - 교차로안,화물,남,34세,상해없음,보행자,여,43세,중상
2020020700100076,2020년 2월 7일 06시,금요일,전라북도 익산시 송학동,경상사고,0,0,1,0,차대사람 - 횡단중,안전운전불이행,건조,맑음,교차로 - 교차로안,승용,여,52세,상해없음,보행자,여,53세,경상
2020020700100098,2020년 2월 7일 07시,금요일,전라북도 군산시 삼학동,중상사고,0,1,0,0,차대사람 - 기타,보행자보호의무위반,건조,맑음,단일로 - 기타,승합,남,44세,상해없음,보행자,남,79세,중상
2020020700100125,2020년 2월 7일 08시,금요일,전라북도 남원시 인월면,중상사고,0,1,1,0,차대차 - 측면충돌,안전운전불이행,건조,맑음,교차로 - 교차로안,승용,여,58세,경상,화물,남,69세,상해없음
2020020700100163,2020년 2월 7일 09시,금요일,전라북도 전주시 덕진구 진북동,경상사고,0,0,1,0,차대차 - 측면충돌,안전운전불이행,건조,맑음,교차로 - 교차로안,승용,남,71세,상해없음,승용,남,36세,경상
2020020700100222,2020년 2월 7일 11시,금요일,전라북도 익산시 영등동,중상사고,0,1,0,0,차대차 - 추돌,안전운전불이행,건조,맑음,교차로 - 교차로안,승용,여,43세,상해없음,이륜,남,82세,중상
2020020700100223,2020년 2월 7일 11시,금요일,전라북도 정읍시 수성동,경상사고,0,0,1,0,차대사람 - 횡단중,보행자보호의무위반,건조,맑음,교차로 - 교차로안,특수,남,22세,상해없음,보행자,남,51세,경상
2020020700100260,2020년 2월 7일 12시,금요일,전라북도 익산시 부송동,중상사고,0,1,2,0,차대차 - 측면충돌,신호위반,건조,맑음,교차로 - 교차로안,승용,남,55세,경상,승용,여,42세,경상
2020020700100313,2020년 2월 7일 14시,금요일,전라북도 전주시 완산구 중노송동,중상사고,0,1,1,0,차대차 - 측면충돌,불법유턴,건조,맑음,교차로 - 교차로안,승용,남,20세,상해없음,승용,남,43세,중상
2020020700100439,2020년 2월 7일 17시,금요일,전라북도 익산시 중앙동3가,경상사고,0,0,1,0,차대사람 - 횡단중,안전운전불이행,젖음/습기,흐림,교차로 - 교차로안,승용,남,43세,상해없음,보행자,남,59세,경상
2020020700100440,2020년 2월 7일 17시,금요일,전라북도 익산시 남중동,경상사고,0,0,1,0,차대차 - 측면충돌,안전운전불이행,건조,맑음,단일로 - 기타,화물,남,40세,상해없음,원동기,남,41세,경상
2020020700100605,2020년 2월 7일 20시,금요일,전라북도 익산시 오산면,경상사고,0,0,1,0,차대사람 - 차도통행중,안전운전불이행,건조,맑음,단일로 - 기타,승용,남,64세,상해없음,보행자,남,78세,경상
2020020700100674,2020년 2월 7일 22시,금요일,전라북도 전주시 완산구 중화산동2가,경상사고,0,0,2,0,차대차 - 측면충돌,신호위반,건조,맑음,단일로 - 기타,승용,남,37세,상해없음,승용,남,59세,경상
2020020700100675,2020년 2월 7일 22시,금요일,전라북도 전주시 완산구 중화산동2가,중상사고,0,2,1,0,차대차 - 추돌,안전거리미확보,건조,맑음,단일로 - 기타,승용,남,38세,상해없음,승용,남,58세,경상
2020020800100018,2020년 2월 8일 00시,토요일,전라북도 군산시 수송동,경상사고,0,0,1,0,차대사람 - 기타,안전운전불이행,건조,맑음,단일로 - 기타,승용,여,28세,상해없음,보행자,남,20세,경상
2020020800100063,2020년 2월 8일 03시,토요일,전라북도 전주시 완산구 중화산동2가,사망사고,1,0,0,0,차대사람 - 횡단중,안전운전불이행,건조,맑음,단일로 - 기타,승용,남,22세,상해없음,보행자,여,56세,사망
2020020800100064,2020년 2월 8일 03시,토요일,전라북도 익산시 인화동1가,경상사고,0,0,5,0,차대차 - 측면충돌,신호위반,건조,맑음,교차로 - 교차로안,승용,남,42세,경상,승용,남,33세,경상
2020020800100126,2020년 2월 8일 08시,토요일,전라북도 전주시 완산구 삼천동1가,경상사고,0,0,2,0,차대차 - 기타,교차로운행방법위반,건조,맑음,교차로 - 교차로부근,승용,남,59세,경상,승용,여,54세,경상
2020020800100226,2020년 2월 8일 12시,토요일,전라북도 정읍시 시기동,경상사고,0,0,1,0,차대차 - 측면충돌,안전운전불이행,건조,맑음,교차로 - 교차로안,승용,남,33세,상해없음,자전거,남,79세,경상
2020020800100227,2020년 2월 8일 12시,토요일,전라북도 김제시 검산동,부상신고사고,0,0,0,1,차대차 - 측면충돌,신호위반,건조,맑음,교차로 - 교차로안,승용,여,74세,상해없음,승용,남,35세,상해없음
2020020800100251,2020년 2월 8일 13시,토요일,전라북도 익산시 남중동,경상사고,0,0,5,0,차대차 - 측면충돌,신호위반,건조,맑음,교차로 - 교차로안,승용,남,75세,상해없음,승용,남,50세,경상
2020020800100280,2020년 2월 8일 14시,토요일,전라북도 완주군 고산면,중상사고,0,1,0,0,차대차 - 기타,직진우회전진행방해,건조,맑음,교차로 - 교차로안,승용,남,54세,상해없음,승용,남,59세,중상
2020020800100314,2020년 2월 8일 15시,토요일,전라북도 군산시 수송동,중상사고,0,1,0,0,차대사람 - 기타,안전운전불이행,건조,맑음,교차로 - 교차로횡단보도내,승용,남,42세,상해없음,보행자,남,74세,중상
2020020800100315,2020년 2월 8일 15시,토요일,전라북도 익산시 마동,중상사고,0,1,0,0,차대차 - 측면충돌,안전운전불이행,건조,맑음,교차로 - 교차로부근,이륜,남,25세,상해없음,이륜,남,55세,중상
2020020800100342,2020년 2월 8일 16시,토요일,전라북도 전주시 덕진구 송천동2가,중상사고,0,1,1,0,차대차 - 측면충돌,신호위반,건조,맑음,교차로 - 교차로안,승용,남,43세,상해없음,승용,여,49세,경상
2020020800100374,2020년 2월 8일 17시,토요일,전라북도 익산시 영등동,경상사고,0,0,5,0,차대차 - 정면충돌,중앙선침범,젖음/습기,맑음,교차로 - 교차로부근,승용,남,19세,상해없음,승용,남,48세,경상
2020020800100404,2020년 2월 8일 18시,토요일,전라북도 전주시 완산구 서노송동,경상사고,0,0,1,0,차대차 - 추돌,안전운전불이행,건조,맑음,단일로 - 기타,화물,남,61세,상해없음,승용,남,33세,경상
2020020800100452,2020년 2월 8일 19시,토요일,전라북도 군산시 문화동,경상사고,0,0,1,0,차대차 - 추돌,안전운전불이행,건조,맑음,단일로 - 기타,승합,남,58세,상해없음,승합,남,70세,경상
2020020800100487,2020년 2월 8일 20시,토요일,전라북도 전주시 완산구 효자동1가,경상사고,0,0,2,0,차대차 - 추돌,안전거리미확보,건조,맑음,교차로 - 교차로안,승용,남,54세,상해없음,승용,남,36세,경상
2020020800100520,2020년 2월 8일 21시,토요일,전라북도 전주시 완산구 효자동3가,경상사고,0,0,2,0,차대사람 - 횡단중,보행자보호의무위반,건조,맑음,교차로 - 교차로횡단보도내,승용,남,23세,상해없음,보행자,여,28세,경상
2020020800100521,2020년 2월 8일 21시,토요일,전라북도 전주시 덕진구 성덕동,경상사고,0,0,2,0,차대차 - 기타,중앙선침범,건조,맑음,단일로 - 기타,승용,남,69세,상해없음,승용,남,45세,경상
2020020800100522,2020년 2월 8일 21시,토요일,전라북도 김제시 신월동,경상사고,0,0,1,0,차대사람 - 기타,안전운전불이행,건조,맑음,단일로 - 기타,승용,남,64세,상해없음,보행자,남,66세,경상
2020020900100100,2020년 2월 9일 08시,일요일,전라북도 전주시 덕진구 우아동2가,경상사고,0,0,1,0,차대차 - 측면충돌,신호위반,건조,맑음,교차로 - 교차로안,화물,남,81세,상해없음,승용,여,49세,경상
2020020900100112,2020년 2월 9일 09시,일요일,전라북도 김제시 요촌동,중상사고,0,1,0,0,차대사람 - 기타,기타,건조,맑음,기타 - 기타,승합,남,57세,상해없음,보행자,여,81세,중상
2020020900100125,2020년 2월 9일 10시,일요일,전라북도 무주군 설천면,경상사고,0,0,1,0,차대차 - 추돌,안전운전불이행,젖음/습기,맑음,단일로 - 지하차도(도로)내,승용,남,32세,상해없음,승용,여,69세,경상
2020020900100141,2020년 2월 9일 11시,일요일,전라북도 무주군 설천면,경상사고,0,0,5,0,차대차 - 추돌,안전운전불이행,젖음/습기,맑음,단일로 - 지하차도(도로)내,승용,여,39세,상해없음,승용,남,23세,경상
2020020900100165,2020년 2월 9일 12시,일요일,전라북도 군산시 조촌동,중상사고,0,1,0,0,차대사람 - 횡단중,보행자보호의무위반,건조,맑음,교차로 - 교차로횡단보도내,승용,남,42세,상해없음,보행자,남,3세,중상
2020020900100166,2020년 2월 9일 12시,일요일,전라북도 익산시 용동면,경상사고,0,0,6,0,차대차 - 추돌,안전운전불이행,건조,맑음,교차로 - 교차로부근,화물,남,64세,상해없음,승용,남,56세,경상
2020020900100167,2020년 2월 9일 12시,일요일,전라북도 익산시 남중동,중상사고,0,1,1,0,차대차 - 측면충돌,안전운전불이행,건조,맑음,단일로 - 기타,승용,남,58세,경상,이륜,남,59세,중상
2020020900100189,2020년 2월 9일 13시,일요일,전라북도 군산시 대명동,경상사고,0,0,1,0,차대차 - 기타,신호위반,건조,맑음,교차로 - 교차로안,자전거,남,81세,경상,승용,남,40세,상해없음
2020020900100241,2020년 2월 9일 15시,일요일,전라북도 군산시 경장동,경상사고,0,0,1,0,차대차 - 기타,신호위반,건조,맑음,교차로 - 교차로안,자전거,남,67세,경상,승용,남,63세,상해없음
2020020900100260,2020년 2월 9일 16시,일요일,전라북도 전주시 덕진구 송천동2가,중상사고,0,1,1,0,차대차 - 측면충돌,불법유턴,건조,맑음,교차로 - 교차로부근,승용,남,25세,상해없음,화물,남,73세,중상
2020020900100287,2020년 2월 9일 17시,일요일,전라북도 전주시 완산구 서완산동1가,경상사고,0,0,1,0,차량단독 - 기타,기타,건조,기타,단일로 - 기타,기타불명,기타불명,미분류,기타불명,,,,
2020020900100349,2020년 2월 9일 19시,일요일,전라북도 전주시 완산구 중앙동2가,경상사고,0,0,1,0,차대차 - 기타,안전운전불이행,건조,맑음,주차장 - 주차장,승용,남,49세,상해없음,승용,남,38세,상해없음
2020020900100387,2020년 2월 9일 20시,일요일,전라북도 군산시 경장동,경상사고,0,0,1,0,차대차 - 기타,교차로운행방법위반,건조,맑음,교차로 - 교차로안,승용,남,21세,상해없음,승용,남,62세,경상
2020020900100412,2020년 2월 9일 21시,일요일,전라북도 전주시 완산구 서신동,경상사고,0,0,1,0,차대차 - 측면충돌,교차로운행방법위반,건조,맑음,교차로 - 교차로안,승용,남,62세,상해없음,승용,남,24세,경상
2020021000100008,2020년 2월 10일 00시,월요일,전라북도 전주시 덕진구 호성동1가,중상사고,0,1,1,0,차대사람 - 차도통행중,안전운전불이행,건조,맑음,교차로 - 교차로안,승용,남,29세,상해없음,보행자,여,51세,경상
2020021000100067,2020년 2월 10일 06시,월요일,전라북도 군산시 영화동,경상사고,0,0,2,0,차대차 - 기타,교차로운행방법위반,건조,맑음,교차로 - 교차로안,특수,남,46세,상해없음,승용,남,43세,경상
2020021000100089,2020년 2월 10일 07시,월요일,전라북도 군산시 미룡동,경상사고,0,0,1,0,차대차 - 기타,안전운전불이행,건조,맑음,단일로 - 기타,승용,남,52세,상해없음,승용,남,48세,경상
2020021000100090,2020년 2월 10일 07시,월요일,전라북도 김제시 요촌동,경상사고,0,0,1,0,차대차 - 측면충돌,직진우회전진행방해,건조,맑음,교차로 - 교차로안,승용,남,56세,상해없음,자전거,여,64세,경상
2020021000100091,2020년 2월 10일 07시,월요일,전라북도 고창군 무장면,중상사고,0,1,0,0,차대사람 - 횡단중,중앙선침범,건조,맑음,기타 - 기타,화물,남,49세,상해없음,보행자,남,76세,중상
2020021000100140,2020년 2월 10일 08시,월요일,전라북도 익산시 팔봉동,경상사고,0,0,3,0,차대차 - 추돌,안전운전불이행,젖음/습기,맑음,단일로 - 기타,승용,남,65세,상해없음,승용,남,36세,경상
2020021000100172,2020년 2월 10일 09시,월요일,전라북도 전주시 덕진구 송천동1가,중상사고,0,1,0,0,차대사람 - 길가장자리구역통행중,안전운전불이행,건조,맑음,단일로 - 기타,승용,남,85세,상해없음,보행자,여,63세,중상
2020021000100173,2020년 2월 10일 09시,월요일,전라북도 남원시 이백면,중상사고,0,1,0,0,차대차 - 측면충돌,안전운전불이행,젖음/습기,흐림,단일로 - 기타,화물,남,46세,상해없음,승용,여,44세,중상
2020021000100277,2020년 2월 10일 12시,월요일,전라북도 전주시 완산구 중화산동2가,경상사고,0,0,1,0,차대차 - 측면충돌,차로위반,건조,맑음,단일로 - 기타,승용,남,60세,상해없음,승합,남,56세,경상
2020021000100313,2020년 2월 10일 13시,월요일,전라북도 김제시 죽산면,중상사고,0,1,0,0,차대차 - 측면충돌,신호위반,건조,맑음,교차로 - 교차로안,승용,남,41세,상해없음,화물,남,48세,상해없음
2020021000100314,2020년 2월 10일 13시,월요일,전라북도 완주군 삼례읍,경상사고,0,0,4,0,차대차 - 추돌,안전거리미확보,건조,맑음,단일로 - 기타,승용,남,36세,경상,승용,남,59세,경상
2020021000100405,2020년 2월 10일 16시,월요일,전라북도 전주시 덕진구 우아동2가,경상사고,0,0,1,0,차대차 - 측면충돌,중앙선침범,건조,맑음,단일로 - 기타,승합,남,64세,상해없음,승용,여,21세,경상