사고번호,사고일시,요일,시군구,사고내용,사망자수,중상자수,경상자수,부상신고자수,사고유형,법규위반,노면상태,기상상태,도로형태,가해운전자 차종,가해운전자 성별,가해운전자 연령,가해운전자 상해정도,피해운전자 차종,피해운전자 성별,피해운전자 연령,피해운전자 상해정도
2020021800100227,2020년 2월 18일 11시,화요일,전라북도 정읍시 수성동,경상사고,0,0,1,0,차대차 - 정면충돌,신호위반,적설,흐림,교차로 - 교차로안,승용,남,66세,상해없음,승용,남,63세,경상
2020021800100228,2020년 2월 18일 11시,화요일,전라북도 부안군 부안읍,중상사고,0,1,0,0,차대사람 - 횡단중,안전운전불이행,건조,맑음,단일로 - 기타,승용,남,71세,상해없음,보행자,여,67세,중상
2020021800100262,2020년 2월 18일 12시,화요일,전라북도 전주시 덕진구 덕진동1가,경상사고,0,0,1,0,차대차 - 추돌,안전운전불이행,건조,맑음,단일로 - 기타,화물,남,63세,상해없음,승용,여,40세,경상
2020021800100263,2020년 2월 18일 12시,화요일,전라북도 정읍시 수성동,경상사고,0,0,1,0,차대차 - 측면충돌,직진우회전진행방해,건조,맑음,교차로 - 교차로안,승용,남,64세,상해없음,사륜오토바이(ATV),남,24세,경상
2020021800100297,2020년 2월 18일 13시,화요일,전라북도 익산시 웅포면,경상사고,0,0,3,0,차대차 - 측면충돌,중앙선침범,건조,맑음,단일로 - 기타,승용,여,46세,경상,승용,남,55세,경상
2020021800100339,2020년 2월 18일 14시,화요일,전라북도 전주시 덕진구 금암동,경상사고,0,0,2,0,차대차 - 추돌,안전거리미확보,건조,맑음,단일로 - 기타,승용,남,55세,상해없음,화물,남,36세,경상
2020021800100340,2020년 2월 18일 14시,화요일,전라북도 순창군 팔덕면,경상사고,0,0,1,0,차량단독 - 도로외이탈 - 기타,안전운전불이행,건조,맑음,교차로 - 교차로부근,이륜,여,74세,경상,,,,
2020021800100379,2020년 2월 18일 15시,화요일,전라북도 전주시 덕진구 고랑동,경상사고,0,0,2,0,차대차 - 측면충돌,차로위반,건조,맑음,단일로 - 기타,건설기계,남,45세,상해없음,승용,남,65세,경상
2020021800100380,2020년 2월 18일 15시,화요일,전라북도 전주시 덕진구 진북동,경상사고,0,0,1,0,차대차 - 추돌,안전거리미확보,건조,맑음,단일로 - 기타,화물,남,61세,상해없음,승용,여,29세,경상
2020021800100429,2020년 2월 18일 16시,화요일,전라북도 전주시 덕진구 진북동,중상사고,0,1,0,0,차대차 - 측면충돌,중앙선침범,건조,맑음,교차로 - 교차로부근,승용,여,42세,상해없음,승용,남,63세,상해없음
2020021800100482,2020년 2월 18일 17시,화요일,전라북도 전주시 완산구 효자동2가,중상사고,0,2,0,0,차대차 - 기타,신호위반,건조,맑음,교차로 - 교차로안,승용,여,72세,상해없음,이륜,남,50세,중상
2020021800100483,2020년 2월 18일 17시,화요일,전라북도 전주시 완산구 서신동,경상사고,0,0,1,0,차대차 - 측면충돌,안전운전불이행,건조,맑음,교차로 - 교차로부근,승용,남,56세,상해없음,승용,여,32세,경상
2020021800100484,2020년 2월 18일 17시,화요일,전라북도 전주시 덕진구 진북동,경상사고,0,0,1,0,차대차 - 추돌,안전운전불이행,건조,맑음,교차로 - 교차로부근,승용,여,62세,상해없음,승용,남,61세,경상
2020021800100485,2020년 2월 18일 17시,화요일,전라북도 익산시 신동,경상사고,0,0,1,0,차대차 - 측면충돌,직진우회전진행방해,건조,맑음,교차로 - 교차로안,이륜,여,62세,경상,승용,남,25세,상해없음
2020021800100486,2020년 2월 18일 17시,화요일,전라북도 부안군 진서면,경상사고,0,0,1,0,차대차 - 측면충돌,안전운전불이행,건조,맑음,단일로 - 기타,이륜,여,65세,경상,승용,남,63세,상해없음
2020021800100553,2020년 2월 18일 18시,화요일,전라북도 전주시 덕진구 우아동2가,중상사고,0,1,0,0,차대차 - 기타,교차로운행방법위반,건조,흐림,단일로 - 기타,승용,남,37세,상해없음,이륜,남,23세,중상
2020021800100554,2020년 2월 18일 18시,화요일,전라북도 익산시 신동,중상사고,0,2,0,0,차대사람 - 횡단중,보행자보호의무위반,건조,맑음,교차로 - 교차로횡단보도내,화물,남,62세,상해없음,보행자,여,11세,중상
2020021800100609,2020년 2월 18일 19시,화요일,전라북도 전주시 완산구 전동,부상신고사고,0,0,0,2,차대차 - 추돌,안전거리미확보,서리/결빙,흐림,단일로 - 기타,이륜,남,39세,부상신고,승용,남,41세,부상신고
2020021800100610,2020년 2월 18일 19시,화요일,전라북도 전주시 덕진구 덕진동2가,경상사고,0,0,1,0,차대차 - 측면충돌,안전거리미확보,서리/결빙,흐림,단일로 - 교량,승용,남,33세,상해없음,이륜,남,49세,경상
2020021800100611,2020년 2월 18일 19시,화요일,전라북도 전주시 완산구 효자동3가,경상사고,0,0,2,0,차대차 - 추돌,안전거리미확보,서리/결빙,흐림,교차로 - 교차로부근,승용,남,70세,상해없음,승용,남,49세,경상
2020021800100612,2020년 2월 18일 19시,화요일,전라북도 군산시 장재동,경상사고,0,0,1,0,차대사람 - 기타,안전운전불이행,젖음/습기,눈,단일로 - 기타,승용,남,26세,상해없음,보행자,여,46세,경상
2020021800100670,2020년 2월 18일 20시,화요일,전라북도 전주시 완산구 다가동3가,경상사고,0,0,1,0,차대차 - 추돌,안전운전불이행,건조,맑음,교차로 - 교차로부근,승용,남,37세,상해없음,승용,여,27세,경상
2020021800100671,2020년 2월 18일 20시,화요일,전라북도 군산시 수송동,경상사고,0,0,1,0,차대차 - 측면충돌,차로위반,젖음/습기,기타,기타 - 기타,승용,남,68세,상해없음,승용,남,32세,경상
2020021800100672,2020년 2월 18일 20시,화요일,전라북도 정읍시 농소동,중상사고,0,1,1,0,차대차 - 추돌,안전운전불이행,건조,맑음,교차로 - 교차로부근,승용,여,62세,중상,승용,남,57세,경상
2020021800100701,2020년 2월 18일 21시,화요일,전라북도 전주시 완산구 중화산동2가,중상사고,0,1,0,0,차대차 - 정면충돌,안전운전불이행,젖음/습기,흐림,교차로 - 교차로안,승용,여,36세,상해없음,이륜,남,51세,중상
2020021800100738,2020년 2월 18일 22시,화요일,전라북도 군산시 미장동,경상사고,0,0,1,0,차대차 - 기타,안전운전불이행,젖음/습기,기타,교차로 - 교차로부근,승용,여,43세,상해없음,승용,여,38세,경상
2020021800100758,2020년 2월 18일 23시,화요일,전라북도 익산시 남중동,중상사고,0,1,0,0,차대차 - 측면충돌,신호위반,건조,맑음,교차로 - 교차로안,승용,남,66세,상해없음,이륜,남,30세,중상
2020021800100759,2020년 2월 18일 23시,화요일,전라북도 남원시 도통동,경상사고,0,0,2,0,차대차 - 기타,신호위반,건조,맑음,교차로 - 교차로안,승용,남,60세,상해없음,승용,남,60세,경상
2020021900100055,2020년 2월 19일 05시,수요일,전라북도 전주시 완산구 중화산동2가,경상사고,0,0,1,0,차대차 - 측면충돌,직진우회전진행방해,건조,맑음,교차로 - 교차로부근,승용,남,23세,상해없음,승용,남,31세,경상
2020021900100056,2020년 2월 19일 05시,수요일,전라북도 군산시 서수면,경상사고,0,0,2,2,차대차 - 추돌,과속,젖음/습기,맑음,단일로 - 기타,승용,남,18세,상해없음,화물,남,43세,경상
2020021900100119,2020년 2월 19일 08시,수요일,전라북도 익산시 오산면,경상사고,0,0,1,0,차대차 - 측면충돌,신호위반,건조,맑음,교차로 - 교차로안,승용,남,38세,상해없음,승용,여,47세,경상
2020021900100152,2020년 2월 19일 09시,수요일,전라북도 전주시 완산구 중화산동2가,중상사고,0,1,3,0,차대차 - 추돌,안전운전불이행,건조,맑음,교차로 - 교차로부근,승용,남,28세,상해없음,승용,여,47세,중상
2020021900100153,2020년 2월 19일 09시,수요일,전라북도 익산시 어양동,경상사고,0,0,2,0,차대차 - 정면충돌,신호위반,건조,맑음,교차로 - 교차로안,승용,남,27세,상해없음,승용,남,46세,경상
2020021900100179,2020년 2월 19일 10시,수요일,전라북도 익산시 영등동,경상사고,0,0,1,0,차대차 - 측면충돌,중앙선침범,건조,맑음,교차로 - 교차로부근,승용,남,60세,상해없음,승용,여,51세,경상
2020021900100220,2020년 2월 19일 11시,수요일,전라북도 군산시 경암동,경상사고,0,0,1,0,차대차 - 측면충돌,안전거리미확보,건조,맑음,교차로 - 교차로부근,승용,남,66세,상해없음,승용,여,47세,상해없음
2020021900100221,2020년 2월 19일 11시,수요일,전라북도 군산시 나운동,경상사고,0,0,3,0,차대차 - 측면충돌,직진우회전진행방해,건조,맑음,교차로 - 교차로안,화물,남,70세,상해없음,승용,남,55세,경상
2020021900100222,2020년 2월 19일 11시,수요일,전라북도 군산시 나운동,경상사고,0,0,1,0,차대차 - 측면충돌,안전운전불이행,건조,맑음,교차로 - 교차로안,승용,남,70세,상해없음,승용,남,60세,경상
2020021900100286,2020년 2월 19일 13시,수요일,전라북도 전주시 덕진구 중동,경상사고,0,0,1,0,차대차 - 정면충돌,신호위반,건조,맑음,교차로 - 교차로안,승용,여,22세,상해없음,승용,여,54세,경상
2020021900100330,2020년 2월 19일 14시,수요일,전라북도 익산시 평화동,중상사고,0,1,0,0,차대차 - 측면충돌,신호위반,건조,맑음,교차로 - 교차로안,승용,여,47세,상해없음,이륜,남,75세,중상
2020021900100370,2020년 2월 19일 15시,수요일,전라북도 정읍시 연지동,경상사고,0,0,1,0,차대사람 - 보도통행중,보행자보호의무위반,건조,맑음,단일로 - 기타,승용,남,48세,상해없음,보행자,남,6세,경상
2020021900100371,2020년 2월 19일 15시,수요일,전라북도 정읍시 하북동,경상사고,0,0,2,0,차대차 - 기타,안전운전불이행,건조,맑음,단일로 - 기타,승용,남,60세,상해없음,승용,남,39세,경상
2020021900100417,2020년 2월 19일 16시,수요일,전라북도 군산시 조촌동,경상사고,0,0,1,0,차대사람 - 길가장자리구역통행중,안전운전불이행,건조,맑음,단일로 - 기타,화물,여,43세,상해없음,보행자,여,56세,경상
2020021900100418,2020년 2월 19일 16시,수요일,전라북도 익산시 남중동,경상사고,0,0,1,0,차대차 - 추돌,안전운전불이행,건조,맑음,단일로 - 기타,승용,남,56세,상해없음,승용,남,43세,경상
2020021900100462,2020년 2월 19일 17시,수요일,전라북도 전주시 완산구 서신동,중상사고,0,1,0,0,차대차 - 기타,차로위반,건조,맑음,단일로 - 기타,기타불명,기타불명,미분류,기타불명,이륜,남,71세,중상
2020021900100463,2020년 2월 19일 17시,수요일,전라북도 군산시 나운동,경상사고,0,0,1,0,차대사람 - 기타,안전운전불이행,건조,맑음,단일로 - 기타,승용,남,69세,상해없음,보행자,여,16세,경상
2020021900100521,2020년 2월 19일 18시,수요일,전라북도 전주시 덕진구 진북동,사망사고,1,0,0,0,차대사람 - 횡단중,보행자보호의무위반,건조,맑음,단일로 - 기타,승용,남,35세,상해없음,보행자,여,80세,사망
2020021900100522,2020년 2월 19일 18시,수요일,전라북도 김제시 검산동,경상사고,0,0,1,0,차대차 - 추돌,안전운전불이행,건조,맑음,교차로 - 교차로안,승용,남,50세,상해없음,승용,남,65세,경상
2020021900100677,2020년 2월 19일 22시,수요일,전라북도 김제시 신풍동,중상사고,0,1,0,0,차대사람 - 횡단중,보행자보호의무위반,건조,맑음,교차로 - 교차로안,승용,남,22세,상해없음,보행자,남,27세,중상
2020021900100705,2020년 2월 19일 23시,수요일,전라북도 정읍시 수성동,경상사고,0,0,1,0,차대사람 - 횡단중,보행자보호의무위반,건조,맑음,교차로 - 교차로횡단보도내,승용,남,27세,상해없음,보행자,남,41세,경상
2020022000100016,2020년 2월 20일 00시,목요일,전라북도 전주시 덕진구 덕진동2가,경상사고,0,0,1,0,차대차 - 측면충돌,차로위반,건조,맑음,단일로 - 기타,승용,남,31세,상해없음,이륜,여,24세,경상
2020022000100029,2020년 2월 20일 01시,목요일,전라북도 군산시 문화동,중상사고,0,1,3,0,차대차 - 측면충돌,교차로운행방법위반,건조,맑음,교차로 - 교차로안,승용,남,46세,상해없음,승용,여,50세,상해없음
2020022000100030,2020년 2월 20일 01시,목요일,전라북도 익산시 어양동,경상사고,0,0,1,0,차대차 - 측면충돌,중앙선침범,건조,맑음,단일로 - 기타,이륜,남,24세,상해없음,승용,남,22세,상해없음
2020022000100043,2020년 2월 20일 03시,목요일,전라북도 전주시 완산구 효자동1가,중상사고,0,1,1,0,차대차 - 정면충돌,교차로운행방법위반,건조,맑음,교차로 - 교차로안,승용,남,15세,상해없음,승용,남,48세,경상
2020022000100163,2020년 2월 20일 09시,목요일,전라북도 전주시 완산구 중화산동2가,중상사고,0,1,0,0,차대사람 - 횡단중,안전운전불이행,건조,맑음,교차로 - 교차로안,승합,남,65세,상해없음,보행자,여,58세,중상
2020022000100194,2020년 2월 20일 10시,목요일,전라북도 군산시 수송동,경상사고,0,0,1,0,차대차 - 측면충돌,교차로운행방법위반,건조,맑음,교차로 - 교차로안,승용,남,39세,상해없음,승용,여,26세,경상
2020022000100195,2020년 2월 20일 10시,목요일,전라북도 군산시 수송동,경상사고,0,0,1,0,차대사람 - 기타,안전운전불이행,건조,맑음,교차로 - 교차로부근,승용,남,56세,상해없음,보행자,여,48세,경상
2020022000100221,2020년 2월 20일 11시,목요일,전라북도 전주시 덕진구 팔복동2가,중상사고,0,1,0,0,차대차 - 측면충돌,신호위반,건조,맑음,교차로 - 교차로안,승용,남,65세,상해없음,자전거,남,68세,중상
2020022000100258,2020년 2월 20일 12시,목요일,전라북도 군산시 문화동,경상사고,0,0,2,0,차대차 - 추돌,안전운전불이행,건조,맑음,단일로 - 지하차도(도로)내,승용,여,47세,상해없음,승용,여,72세,경상
2020022000100259,2020년 2월 20일 12시,목요일,전라북도 군산시 나운동,경상사고,0,0,1,0,차대차 - 측면충돌,교차로운행방법위반,건조,맑음,교차로 - 교차로안,승용,남,52세,기타불명,승용,남,26세,경상
2020022000100301,2020년 2월 20일 13시,목요일,전라북도 전주시 덕진구 덕진동1가,경상사고,0,0,1,0,차대차 - 정면충돌,중앙선침범,건조,맑음,단일로 - 기타,승용,남,42세,상해없음,승용,남,59세,경상
2020022000100302,2020년 2월 20일 13시,목요일,전라북도 정읍시 공평동,경상사고,0,0,1,0,차대차 - 측면충돌,불법유턴,건조,맑음,교차로 - 교차로부근,승용,남,75세,상해없음,승용,여,44세,경상
2020022000100370,2020년 2월 20일 15시,목요일,전라북도 군산시 월명동,경상사고,0,0,2,0,차대차 - 측면충돌,교차로운행방법위반,건조,맑음,교차로 - 교차로안,승용,남,39세,상해없음,승용,여,36세,경상
2020022000100422,2020년 2월 20일 16시,목요일,전라북도 익산시 남중동,경상사고,0,0,1,0,차대사람 - 차도통행중,안전운전불이행,건조,맑음,교차로 - 교차로안,승용,남,46세,상해없음,보행자,여,36세,경상
2020022000100423,2020년 2월 20일 16시,목요일,전라북도 남원시 도통동,경상사고,0,0,1,0,차대사람 - 횡단중,안전운전불이행,건조,맑음,단일로 - 기타,화물,남,67세,상해없음,보행자,남,4세,경상
2020022000100511,2020년 2월 20일 18시,목요일,전라북도 전주시 덕진구 인후동2가,경상사고,0,0,1,0,차량단독 - 기타,안전운전불이행,건조,맑음,단일로 - 기타,승용,남,73세,상해없음,,,,
2020022000100566,2020년 2월 20일 19시,목요일,전라북도 전주시 덕진구 금암동,경상사고,0,0,1,0,차대차 - 측면충돌,안전운전불이행,건조,맑음,교차로 - 교차로부근,승용,남,24세,상해없음,이륜,남,21세,경상
2020022000100605,2020년 2월 20일 20시,목요일,전라북도 전주시 완산구 중화산동2가,경상사고,0,0,1,0,차대차 - 기타,안전운전불이행,젖음/습기,비,교차로 - 교차로안,기타불명,기타불명,미분류,기타불명,이륜,남,24세,경상
2020022000100606,2020년 2월 20일 20시,목요일,전라북도 전주시 완산구 효자동3가,경상사고,0,0,3,0,차대차 - 추돌,안전운전불이행,건조,맑음,교차로 - 교차로부근,승용,남,60세,상해없음,승용,여,49세,경상
2020022000100607,2020년 2월 20일 20시,목요일,전라북도 전주시 덕진구 송천동1가,경상사고,0,0,1,0,차대차 - 측면충돌,안전운전불이행,건조,맑음,단일로 - 기타,승용,남,51세,상해없음,승용,남,44세,경상
2020022000100608,2020년 2월 20일 20시,목요일,전라북도 군산시 미룡동,경상사고,0,0,2,0,차대차 - 측면충돌,교차로운행방법위반,건조,맑음,교차로 - 교차로안,승용,남,37세,기타불명,승용,남,64세,경상
2020022000100609,2020년 2월 20일 20시,목요일,전라북도 익산시 남중동,경상사고,0,0,1,0,차대사람 - 횡단중,보행자보호의무위반,건조,맑음,교차로 - 교차로횡단보도내,승용,남,44세,상해없음,보행자,남,35세,경상
2020022000100648,2020년 2월 20일 21시,목요일,전라북도 전주시 완산구 서서학동,경상사고,0,0,1,0,차대차 - 측면충돌,신호위반,건조,맑음,교차로 - 교차로안,승합,남,55세,상해없음,승용,남,65세,경상
2020022000100699,2020년 2월 20일 23시,목요일,전라북도 군산시 수송동,경상사고,0,0,3,0,차대차 - 추돌,안전운전불이행,건조,맑음,교차로 - 교차로안,승용,남,62세,상해없음,승용,여,23세,경상
2020022000100700,2020년 2월 20일 23시,목요일,전라북도 익산시 여산면,경상사고,0,0,2,0,차대차 - 추돌,안전운전불이행,건조,맑음,단일로 - 기타,승용,남,31세,상해없음,승용,남,53세,경상
2020022100100027,2020년 2월 21일 01시,금요일,전라북도 전주시 덕진구 덕진동2가,중상사고,0,1,0,0,차대사람 - 차도통행중,안전운전불이행,건조,맑음,단일로 - 기타,승용,남,50세,상해없음,보행자,여,21세,중상
2020022100100149,2020년 2월 21일 08시,금요일,전라북도 전주시 덕진구 만성동,경상사고,0,0,1,0,차대차 - 추돌,안전운전불이행,건조,맑음,교차로 - 교차로부근,승용,남,13세,상해없음,승용,여,43세,경상
2020022100100183,2020년 2월 21일 09시,금요일,전라북도 전주시 완산구 서노송동,중상사고,0,1,0,0,차대사람 - 횡단중,안전운전불이행,건조,맑음,단일로 - 기타,승용,남,32세,상해없음,보행자,여,69세,중상
2020022100100230,2020년 2월 21일 11시,금요일,전라북도 전주시 완산구 효자동3가,경상사고,0,0,1,0,차대차 - 측면충돌,신호위반,건조,맑음,교차로 - 교차로안,승용,남,71세,상해없음,승용,여,48세,경상
2020022100100231,2020년 2월 21일 11시,금요일,전라북도 익산시 춘포면,경상사고,0,0,1,0,차대차 - 추돌,안전거리미확보,건조,맑음,단일로 - 기타,승용,남,64세,상해없음,승용,여,30세,경상
2020022100100294,2020년 2월 21일 13시,금요일,전라북도 익산시 신동,경상사고,0,0,1,0,차량단독 - 기타,안전운전불이행,건조,맑음,교차로 - 교차로안,승합,남,56세,상해없음,,,,
2020022100100295,2020년 2월 21일 13시,금요일,전라북도 순창군 순창읍,경상사고,0,0,3,0,차대차 - 측면충돌,신호위반,건조,맑음,교차로 - 교차로부근,승합,남,58세,경상,승용,남,71세,경상
2020022100100357,2020년 2월 21일 15시,금요일,전라북도 전주시 덕진구 덕진동1가,경상사고,0,0,1,0,차대차 - 추돌,안전운전불이행,건조,맑음,교차로 - 교차로안,승용,남,67세,상해없음,승용,남,22세,경상
2020022100100358,2020년 2월 21일 15시,금요일,전라북도 전주시 덕진구 만성동,경상사고,0,0,1,0,차대차 - 측면충돌,신호위반,건조,맑음,교차로 - 교차로안,승용,남,13세,기타불명,승용,남,35세,경상
2020022100100359,2020년 2월 21일 15시,금요일,전라북도 부안군 부안읍,경상사고,0,0,1,0,차대차 - 측면충돌,안전운전불이행,건조,맑음,기타 - 기타,이륜,남,64세,경상,승용,여,38세,상해없음
2020022100100393,2020년 2월 21일 16시,금요일,전라북도 전주시 완산구 중화산동2가,경상사고,0,0,1,0,차대차 - 측면충돌,안전운전불이행,건조,맑음,교차로 - 교차로안,승용,남,66세,상해없음,승용,여,32세,경상
2020022100100516,2020년 2월 21일 19시,금요일,전라북도 전주시 완산구 효자동3가,경상사고,0,0,1,0,차대차 - 기타,안전거리미확보,젖음/습기,비,교차로 - 교차로부근,승용,남,44세,상해없음,승용,남,56세,경상
2020022100100517,2020년 2월 21일 19시,금요일,전라북도 익산시 부송동,경상사고,0,0,1,0,차대차 - 기타,신호위반,젖음/습기,비,교차로 - 교차로횡단보도내,승용,여,53세,상해없음,자전거,남,23세,경상
2020022100100518,2020년 2월 21일 19시,금요일,전라북도 익산시 신흥동,경상사고,0,0,2,0,차대차 - 기타,교차로운행방법위반,젖음/습기,비,교차로 - 교차로안,승용,남,74세,상해없음,승용,남,45세,경상
2020022100100519,2020년 2월 21일 19시,금요일,전라북도 익산시 어양동,경상사고,0,0,1,0,차대차 - 후진중충돌,중앙선침범,젖음/습기,비,단일로 - 기타,승용,여,56세,상해없음,승용,남,24세,경상
2020022100100520,2020년 2월 21일 19시,금요일,전라북도 부안군 부안읍,중상사고,0,1,0,0,차대사람 - 횡단중,보행자보호의무위반,젖음/습기,비,교차로 - 교차로횡단보도내,승용,남,48세,상해없음,보행자,여,57세,중상
2020022100100576,2020년 2월 21일 20시,금요일,전라북도 전주시 완산구 중화산동2가,경상사고,0,0,1,0,차대차 - 추돌,안전운전불이행,젖음/습기,비,교차로 - 교차로부근,승용,여,31세,상해없음,승용,여,61세,경상
2020022100100577,2020년 2월 21일 20시,금요일,전라북도 군산시 산북동,경상사고,0,0,2,0,차대차 - 후진중충돌,안전운전불이행,젖음/습기,비,교차로 - 교차로안,승용,남,31세,상해없음,승용,남,28세,경상
2020022100100613,2020년 2월 21일 21시,금요일,전라북도 군산시 나운동,경상사고,0,0,1,0,차대차 - 측면충돌,교차로운행방법위반,젖음/습기,비,교차로 - 교차로안,승용,여,45세,상해없음,승용,남,55세,경상
2020022100100652,2020년 2월 21일 22시,금요일,전라북도 전주시 덕진구 금암동,경상사고,0,0,2,0,차대차 - 측면충돌,신호위반,젖음/습기,비,교차로 - 교차로안,승용,여,32세,상해없음,승용,여,42세,경상
2020022100100686,2020년 2월 21일 23시,금요일,전라북도 전주시 덕진구 인후동2가,경상사고,0,0,1,0,차대차 - 추돌,안전운전불이행,젖음/습기,비,교차로 - 교차로부근,승용,남,45세,상해없음,승용,남,26세,경상
2020022100100687,2020년 2월 21일 23시,금요일,전라북도 군산시 경장동,경상사고,0,0,1,0,차대차 - 측면충돌,신호위반,젖음/습기,비,교차로 - 교차로안,승용,남,28세,상해없음,승용,여,57세,경상
2020022100100688,2020년 2월 21일 23시,금요일,전라북도 군산시 나운동,경상사고,0,0,1,0,차대차 - 기타,불법유턴,젖음/습기,비,단일로 - 기타,승용,남,23세,상해없음,원동기,남,19세,경상
2020022100100689,2020년 2월 21일 23시,금요일,전라북도 정읍시 상동,경상사고,0,0,1,0,차대차 - 측면충돌,안전운전불이행,젖음/습기,비,교차로 - 교차로안,승용,남,37세,상해없음,이륜,남,25세,경상
2020022200100070,2020년 2월 22일 02시,토요일,전라북도 익산시 갈산동,경상사고,0,0,3,0,차대차 - 측면충돌,안전거리미확보,젖음/습기,비,교차로 - 교차로안,승용,여,36세,상해없음,승용,남,55세,경상
2020022200100076,2020년 2월 22일 03시,토요일,전라북도 전주시 완산구 중화산동2가,경상사고,0,0,2,0,차대차 - 추돌,안전운전불이행,젖음/습기,비,교차로 - 교차로부근,승용,남,53세,상해없음,승용,남,24세,경상
2020022200100083,2020년 2월 22일 04시,토요일,전라북도 군산시 미장동,경상사고,0,0,5,0,차대차 - 정면충돌,신호위반,젖음/습기,흐림,교차로 - 교차로안,승용,남,72세,경상,승용,남,45세,경상
2020022200100159,2020년 2월 22일 10시,토요일,전라북도 군산시 소룡동,경상사고,0,0,1,0,차대차 - 추돌,안전운전불이행,건조,맑음,단일로 - 기타,승용,남,59세,상해없음,화물,남,43세,경상
2020022200100160,2020년 2월 22일 10시,토요일,전라북도 김제시 백구면,경상사고,0,0,1,0,차대차 - 후진중충돌,불법유턴,건조,맑음,단일로 - 기타,화물,남,37세,상해없음,화물,남,52세,경상
2020022200100275,2020년 2월 22일 14시,토요일,전라북도 남원시 왕정동,경상사고,0,0,2,0,차대차 - 추돌,안전운전불이행,건조,맑음,교차로 - 교차로부근,화물,남,56세,상해없음,승용,여,51세,경상
2020022200100276,2020년 2월 22일 14시,토요일,전라북도 부안군 변산면,경상사고,0,0,3,0,차대차 - 측면충돌,안전운전불이행,건조,맑음,단일로 - 기타,화물,남,37세,경상,승용,남,62세,경상
2020022200100305,2020년 2월 22일 15시,토요일,전라북도 익산시 어양동,경상사고,0,0,2,0,차대차 - 측면충돌,직진우회전진행방해,건조,맑음,교차로 - 교차로안,승용,남,50세,상해없음,승용,여,60세,경상
2020022200100336,2020년 2월 22일 16시,토요일,전라북도 익산시 팔봉동,경상사고,0,0,6,0,차대차 - 측면충돌,직진우회전진행방해,건조,맑음,교차로 - 교차로안,승용,남,30세,경상,승용,남,28세,경상
2020022200100354,2020년 2월 22일 17시,토요일,전라북도 익산시 신용동,경상사고,0,0,2,0,차대차 - 추돌,안전운전불이행,건조,맑음,교차로 - 교차로부근,화물,여,57세,상해없음,화물,남,54세,경상
2020022200100355,2020년 2월 22일 17시,토요일,전라북도 고창군 성송면,경상사고,0,0,1,0,차량단독 - 전도전복 - 전도,안전운전불이행,건조,맑음,기타 - 기타,사륜오토바이(ATV),여,60세,경상,,,,
2020022200100373,2020년 2월 22일 18시,토요일,전라북도 익산시 모현동1가,경상사고,0,0,1,0,차대사람 - 기타,안전운전불이행,건조,맑음,단일로 - 기타,화물,남,58세,상해없음,보행자,여,46세,경상
2020022200100428,2020년 2월 22일 20시,토요일,전라북도 전주시 완산구 효자동3가,중상사고,0,2,0,0,차대차 - 측면충돌,안전운전불이행,건조,맑음,교차로 - 교차로안,승용,남,26세,상해없음,승용,남,46세,중상
2020022200100429,2020년 2월 22일 20시,토요일,전라북도 전주시 덕진구 금암동,경상사고,0,0,1,0,차대차 - 추돌,안전운전불이행,건조,맑음,단일로 - 기타,승용,남,28세,상해없음,승용,남,59세,경상
2020022200100451,2020년 2월 22일 21시,토요일,전라북도 부안군 행안면,경상사고,0,0,1,0,차대차 - 추돌,안전운전불이행,건조,맑음,단일로 - 기타,승용,남,35세,경상,승용,남,46세,상해없음
2020022200100488,2020년 2월 22일 23시,토요일,전라북도 정읍시 수성동,경상사고,0,0,1,0,차대차 - 측면충돌,안전거리미확보,건조,맑음,교차로 - 교차로부근,승용,남,65세,상해없음,승용,남,53세,경상
2020022300100053,2020년 2월 23일 06시,일요일,전라북도 전주시 덕진구 금암동,경상사고,0,0,1,0,차대차 - 측면충돌,신호위반,건조,맑음,교차로 - 교차로부근,승용,남,67세,상해없음,자전거,남,31세,경상
2020022300100092,2020년 2월 23일 10시,일요일,전라북도 익산시 부송동,경상사고,0,0,1,0,차대차 - 기타,기타,건조,맑음,단일로 - 기타,자전거,남,46세,경상,자전거,남,49세,상해없음
2020022300100093,2020년 2월 23일 10시,일요일,전라북도 김제시 만경읍,경상사고,0,0,2,0,차대차 - 측면충돌,신호위반,건조,맑음,교차로 - 교차로안,승용,남,44세,상해없음,승용,남,31세,경상
2020022300100129,2020년 2월 23일 12시,일요일,전라북도 익산시 주현동,중상사고,0,1,0,0,차대차 - 측면충돌,안전운전불이행,건조,맑음,단일로 - 기타,화물,남,62세,상해없음,원동기,남,40세,중상
2020022300100192,2020년 2월 23일 15시,일요일,전라북도 전주시 덕진구 인후동2가,경상사고,0,0,1,0,차대차 - 측면충돌,직진우회전진행방해,건조,맑음,교차로 - 교차로안,승용,여,47세,상해없음,승용,여,45세,경상
2020022300100231,2020년 2월 23일 17시,일요일,전라북도 전주시 완산구 서신동,경상사고,0,0,1,0,차대차 - 측면충돌,직진우회전진행방해,건조,맑음,교차로 - 교차로안,승용,남,48세,상해없음,이륜,남,27세,경상
2020022300100232,2020년 2월 23일 17시,일요일,전라북도 전주시 완산구 효자동3가,경상사고,0,0,3,0,차대차 - 추돌,안전거리미확보,건조,맑음,교차로 - 교차로부근,승용,남,66세,상해없음,승용,남,58세,경상