사고번호,사고일시,요일,시군구,사고내용,사망자수,중상자수,경상자수,부상신고자수,사고유형,법규위반,노면상태,기상상태,도로형태,가해운전자 차종,가해운전자 성별,가해운전자 연령,가해운전자 상해정도,피해운전자 차종,피해운전자 성별,피해운전자 연령,피해운전자 상해정도
2020030300100246,2020년 3월 3일 16시,화요일,전라북도 정읍시 북면,중상사고,0,1,4,0,차대차 - 정면충돌,안전운전불이행,건조,맑음,교차로 - 교차로안,승용,여,59세,경상,승용,여,58세,중상
2020030300100265,2020년 3월 3일 17시,화요일,전라북도 김제시 교동,중상사고,0,1,0,0,차대차 - 측면충돌,안전거리미확보,건조,맑음,교차로 - 교차로안,승용,여,56세,상해없음,승용,남,43세,중상
2020030300100353,2020년 3월 3일 20시,화요일,전라북도 전주시 완산구 서신동,중상사고,0,1,0,0,차대차 - 측면충돌,불법유턴,건조,맑음,교차로 - 교차로부근,승용,여,40세,상해없음,승용,남,21세,중상
2020030300100354,2020년 3월 3일 20시,화요일,전라북도 익산시 모현동1가,경상사고,0,0,1,0,차대차 - 후진중충돌,안전운전불이행,건조,맑음,단일로 - 기타,승용,남,50세,상해없음,승용,남,50세,기타불명
2020030400100054,2020년 3월 4일 07시,수요일,전라북도 군산시 오식도동,중상사고,0,1,0,1,차대차 - 기타,안전운전불이행,건조,맑음,단일로 - 기타,원동기,남,39세,중상,승용,남,44세,상해없음
2020030400100123,2020년 3월 4일 11시,수요일,전라북도 전주시 완산구 효자동3가,경상사고,0,0,1,0,차대차 - 정면충돌,기타,건조,맑음,교차로 - 교차로안,승용,남,28세,상해없음,이륜,남,27세,경상
2020030400100125,2020년 3월 4일 11시,수요일,전라북도 군산시 개사동,부상신고사고,0,0,0,1,차대차 - 추돌,차로위반,건조,맑음,단일로 - 기타,승용,남,58세,부상신고,화물,남,49세,상해없음
2020030400100126,2020년 3월 4일 11시,수요일,전라북도 정읍시 고부면,경상사고,0,0,3,0,차대차 - 측면충돌,신호위반,건조,맑음,교차로 - 교차로안,승용,남,60세,경상,화물,남,77세,경상
2020030400100174,2020년 3월 4일 13시,수요일,전라북도 전주시 완산구 효자동2가,경상사고,0,0,1,0,차대사람 - 보도통행중,안전운전불이행,건조,맑음,단일로 - 기타,자전거,남,26세,상해없음,보행자,여,38세,경상
2020030400100197,2020년 3월 4일 14시,수요일,전라북도 순창군 풍산면,경상사고,0,0,2,0,차대차 - 측면충돌,교차로운행방법위반,건조,맑음,교차로 - 교차로안,승용,남,73세,상해없음,승용,여,20세,경상
2020030400100240,2020년 3월 4일 16시,수요일,전라북도 익산시 모현동2가,사망사고,1,0,0,0,차대사람 - 횡단중,보행자보호의무위반,건조,맑음,교차로 - 교차로횡단보도내,승합,남,55세,상해없음,보행자,남,86세,사망
2020030400100274,2020년 3월 4일 17시,수요일,전라북도 전주시 완산구 평화동1가,경상사고,0,0,2,0,차대차 - 추돌,안전운전불이행,건조,맑음,단일로 - 기타,승용,남,20세,상해없음,승용,여,40세,경상
2020030400100275,2020년 3월 4일 17시,수요일,전라북도 전주시 완산구 효자동3가,경상사고,0,0,2,0,차대차 - 추돌,안전운전불이행,건조,맑음,교차로 - 교차로부근,승용,남,62세,상해없음,승용,남,23세,경상
2020030400100301,2020년 3월 4일 18시,수요일,전라북도 전주시 완산구 평화동1가,경상사고,0,0,1,0,차대차 - 측면충돌,안전운전불이행,건조,흐림,교차로 - 교차로안,승용,여,33세,상해없음,화물,남,45세,경상
2020030400100339,2020년 3월 4일 19시,수요일,전라북도 전주시 완산구 평화동2가,중상사고,0,1,0,0,차대차 - 기타,안전운전불이행,건조,맑음,단일로 - 기타,승용,남,44세,상해없음,이륜,남,57세,중상
2020030400100369,2020년 3월 4일 20시,수요일,전라북도 고창군 고창읍,경상사고,0,0,2,0,차대차 - 추돌,안전운전불이행,건조,맑음,단일로 - 기타,화물,남,61세,상해없음,승용,남,44세,경상
2020030400100398,2020년 3월 4일 21시,수요일,전라북도 군산시 나운동,경상사고,0,0,1,0,차대차 - 측면충돌,안전운전불이행,젖음/습기,눈,교차로 - 교차로부근,승용,남,30세,상해없음,이륜,남,20세,경상
2020030400100421,2020년 3월 4일 22시,수요일,전라북도 전주시 덕진구 용정동,경상사고,0,0,2,0,차대차 - 추돌,신호위반,건조,맑음,단일로 - 기타,승용,여,35세,상해없음,승용,여,54세,경상
2020030400100441,2020년 3월 4일 23시,수요일,전라북도 전주시 완산구 서노송동,경상사고,0,0,2,0,차대차 - 기타,중앙선침범,건조,맑음,단일로 - 기타,승용,남,24세,상해없음,승용,남,23세,경상
2020030400100442,2020년 3월 4일 23시,수요일,전라북도 전주시 완산구 효자동2가,경상사고,0,0,1,0,차대차 - 측면충돌,안전운전불이행,건조,맑음,교차로 - 교차로안,승용,여,24세,상해없음,승용,남,25세,경상
2020030500100019,2020년 3월 5일 01시,목요일,전라북도 전주시 완산구 효자동1가,경상사고,0,0,1,0,차대차 - 기타,교차로운행방법위반,건조,맑음,교차로 - 교차로안,승용,남,19세,상해없음,기타불명,남,39세,경상
2020030500100075,2020년 3월 5일 07시,목요일,전라북도 정읍시 고부면,경상사고,0,0,4,0,차대차 - 추돌,안전운전불이행,건조,맑음,교차로 - 교차로부근,승용,여,70세,경상,승용,남,33세,경상
2020030500100148,2020년 3월 5일 10시,목요일,전라북도 익산시 삼기면,경상사고,0,0,1,0,차대차 - 측면충돌,신호위반,건조,맑음,교차로 - 교차로안,화물,남,65세,상해없음,승용,남,61세,경상
2020030500100194,2020년 3월 5일 12시,목요일,전라북도 김제시 입석동,경상사고,0,0,1,0,차대사람 - 보도통행중,기타,건조,맑음,단일로 - 지하차도(도로)내,이륜,남,27세,상해없음,보행자,여,79세,경상
2020030500100219,2020년 3월 5일 13시,목요일,전라북도 익산시 어양동,경상사고,0,0,1,0,차대사람 - 횡단중,안전운전불이행,건조,맑음,단일로 - 기타,승용,남,36세,상해없음,보행자,남,8세,경상
2020030500100220,2020년 3월 5일 13시,목요일,전라북도 부안군 부안읍,중상사고,0,1,0,0,차대차 - 측면충돌,중앙선침범,건조,맑음,단일로 - 기타,자전거,남,82세,중상,승용,남,82세,상해없음
2020030500100221,2020년 3월 5일 13시,목요일,전라북도 완주군 고산면,경상사고,0,0,1,0,차대차 - 측면충돌,안전운전불이행,건조,맑음,교차로 - 교차로안,승용,남,54세,상해없음,화물,남,49세,경상
2020030500100241,2020년 3월 5일 14시,목요일,전라북도 완주군 고산면,경상사고,0,0,1,0,차대차 - 측면충돌,직진우회전진행방해,건조,맑음,교차로 - 교차로안,승용,남,24세,상해없음,이륜,여,78세,경상
2020030500100270,2020년 3월 5일 15시,목요일,전라북도 전주시 덕진구 인후동1가,경상사고,0,0,2,0,차대차 - 측면충돌,신호위반,건조,맑음,교차로 - 교차로안,이륜,남,16세,상해없음,자전거,남,76세,경상
2020030500100308,2020년 3월 5일 17시,목요일,전라북도 전주시 완산구 효자동1가,경상사고,0,0,1,0,차대차 - 추돌,안전운전불이행,건조,맑음,단일로 - 기타,승용,남,34세,상해없음,화물,남,64세,경상
2020030500100309,2020년 3월 5일 17시,목요일,전라북도 전주시 완산구 태평동,중상사고,0,1,0,0,차대사람 - 횡단중,보행자보호의무위반,건조,맑음,교차로 - 교차로횡단보도내,화물,남,55세,상해없음,보행자,여,19세,중상
2020030500100358,2020년 3월 5일 18시,목요일,전라북도 전주시 덕진구 금암동,경상사고,0,0,1,0,차대차 - 측면충돌,신호위반,건조,맑음,교차로 - 교차로안,승용,남,44세,상해없음,승용,남,34세,경상
2020030500100359,2020년 3월 5일 18시,목요일,전라북도 군산시 중앙로1가,중상사고,0,1,0,0,차대사람 - 기타,중앙선침범,건조,맑음,단일로 - 기타,승용,남,31세,상해없음,보행자,여,49세,중상
2020030500100360,2020년 3월 5일 18시,목요일,전라북도 익산시 모현동1가,경상사고,0,0,1,0,차대차 - 기타,안전운전불이행,건조,맑음,교차로 - 교차로안,승용,남,61세,상해없음,승용,여,55세,상해없음
2020030500100402,2020년 3월 5일 19시,목요일,전라북도 군산시 수송동,중상사고,0,1,0,0,차대차 - 기타,신호위반,건조,기타,단일로 - 기타,이륜,남,26세,상해없음,이륜,남,51세,중상
2020030500100475,2020년 3월 5일 22시,목요일,전라북도 전주시 완산구 평화동1가,경상사고,0,0,1,0,차대차 - 정면충돌,신호위반,건조,맑음,교차로 - 교차로안,이륜,남,25세,상해없음,승용,남,64세,경상
2020030600100008,2020년 3월 6일 00시,금요일,전라북도 정읍시 상동,경상사고,0,0,3,0,차대차 - 측면충돌,안전운전불이행,건조,맑음,교차로 - 교차로안,화물,남,54세,상해없음,승용,남,25세,경상
2020030600100019,2020년 3월 6일 01시,금요일,전라북도 전주시 완산구 평화동2가,경상사고,0,0,1,0,차대사람 - 길가장자리구역통행중,안전운전불이행,건조,맑음,단일로 - 기타,승용,남,46세,상해없음,보행자,남,63세,경상
2020030600100037,2020년 3월 6일 04시,금요일,전라북도 임실군 관촌면,경상사고,0,0,1,0,차대사람 - 보도통행중,안전운전불이행,건조,맑음,단일로 - 교량,승합,남,49세,상해없음,보행자,남,61세,경상
2020030600100046,2020년 3월 6일 05시,금요일,전라북도 전주시 완산구 중화산동2가,경상사고,0,0,1,0,차대차 - 측면충돌,안전운전불이행,건조,맑음,교차로 - 교차로안,승용,남,49세,상해없음,승용,남,29세,경상
2020030600100047,2020년 3월 6일 05시,금요일,전라북도 익산시 평화동,경상사고,0,0,1,0,차대사람 - 차도통행중,안전운전불이행,건조,맑음,교차로 - 교차로안,승용,남,68세,상해없음,보행자,남,28세,경상
2020030600100060,2020년 3월 6일 06시,금요일,전라북도 전주시 덕진구 산정동,경상사고,0,0,1,0,차대차 - 측면충돌,교차로운행방법위반,건조,맑음,교차로 - 교차로부근,승용,남,49세,상해없음,승용,남,32세,경상
2020030600100061,2020년 3월 6일 06시,금요일,전라북도 전주시 덕진구 송천동2가,중상사고,0,1,1,0,차대차 - 측면충돌,안전운전불이행,건조,맑음,교차로 - 교차로부근,승용,여,37세,상해없음,승용,남,61세,경상
2020030600100138,2020년 3월 6일 09시,금요일,전라북도 김제시 요촌동,부상신고사고,0,0,0,1,차대차 - 측면충돌,안전운전불이행,건조,맑음,교차로 - 교차로안,화물,남,59세,상해없음,승용,남,44세,부상신고
2020030600100189,2020년 3월 6일 11시,금요일,전라북도 군산시 수송동,경상사고,0,0,1,0,차대차 - 추돌,안전운전불이행,건조,맑음,교차로 - 교차로부근,승용,남,59세,상해없음,승용,남,48세,경상
2020030600100214,2020년 3월 6일 12시,금요일,전라북도 익산시 석왕동,경상사고,0,0,1,0,차대차 - 기타,차로위반,건조,맑음,교차로 - 교차로부근,승용,남,75세,상해없음,화물,남,57세,경상
2020030600100215,2020년 3월 6일 12시,금요일,전라북도 익산시 황등면,경상사고,0,0,1,0,차대차 - 측면충돌,직진우회전진행방해,건조,맑음,교차로 - 교차로안,승용,여,49세,상해없음,화물,남,45세,경상
2020030600100216,2020년 3월 6일 12시,금요일,전라북도 완주군 용진읍,중상사고,0,1,0,0,차대사람 - 기타,안전운전불이행,건조,맑음,기타 - 기타,승합,남,51세,상해없음,보행자,여,85세,중상
2020030600100240,2020년 3월 6일 13시,금요일,전라북도 순창군 순창읍,중상사고,0,1,0,0,차대사람 - 차도통행중,안전운전불이행,건조,맑음,교차로 - 교차로부근,승용,여,65세,상해없음,보행자,여,64세,중상
2020030600100275,2020년 3월 6일 14시,금요일,전라북도 전주시 완산구 중화산동2가,경상사고,0,0,1,0,차량단독 - 공작물충돌,안전운전불이행,건조,맑음,단일로 - 기타,승합,남,54세,상해없음,,,,
2020030600100306,2020년 3월 6일 15시,금요일,전라북도 전주시 덕진구 호성동2가,경상사고,0,0,1,0,차대차 - 측면충돌,안전거리미확보,건조,맑음,교차로 - 교차로부근,승합,남,47세,상해없음,화물,남,72세,경상
2020030600100307,2020년 3월 6일 15시,금요일,전라북도 정읍시 상동,경상사고,0,0,2,0,차대차 - 측면충돌,직진우회전진행방해,건조,맑음,교차로 - 교차로안,승용,남,32세,경상,승용,여,44세,경상
2020030600100389,2020년 3월 6일 17시,금요일,전라북도 전주시 덕진구 덕진동1가,중상사고,0,1,0,0,차대사람 - 기타,안전운전불이행,건조,맑음,단일로 - 기타,승용,여,80세,상해없음,보행자,남,50세,중상
2020030600100390,2020년 3월 6일 17시,금요일,전라북도 군산시 문화동,경상사고,0,0,1,0,차대차 - 측면충돌,안전운전불이행,건조,맑음,교차로 - 교차로안,승합,남,73세,상해없음,이륜,남,20세,경상
2020030600100391,2020년 3월 6일 17시,금요일,전라북도 남원시 하정동,경상사고,0,0,1,0,차대차 - 측면충돌,신호위반,건조,맑음,교차로 - 교차로안,승용,남,61세,상해없음,승용,여,29세,경상
2020030600100436,2020년 3월 6일 18시,금요일,전라북도 전주시 완산구 효자동3가,경상사고,0,0,1,0,차대차 - 기타,안전운전불이행,건조,맑음,단일로 - 기타,승용,남,43세,상해없음,승용,남,43세,경상
2020030600100437,2020년 3월 6일 18시,금요일,전라북도 남원시 운봉읍,사망사고,1,0,0,0,차량단독 - 공작물충돌,안전운전불이행,건조,맑음,단일로 - 기타,승용,남,71세,사망,,,,
2020030600100532,2020년 3월 6일 21시,금요일,전라북도 전주시 완산구 효자동2가,경상사고,0,0,1,0,차대차 - 기타,신호위반,건조,맑음,교차로 - 교차로안,자전거,여,51세,상해없음,이륜,남,25세,경상
2020030600100576,2020년 3월 6일 23시,금요일,전라북도 익산시 신동,경상사고,0,0,2,0,차대차 - 측면충돌,신호위반,건조,맑음,교차로 - 교차로안,승용,남,36세,상해없음,승용,남,80세,경상
2020030700100055,2020년 3월 7일 05시,토요일,전라북도 익산시 마동,중상사고,0,1,0,0,차대차 - 측면충돌,신호위반,건조,맑음,교차로 - 교차로안,화물,남,73세,상해없음,이륜,남,59세,중상
2020030700100072,2020년 3월 7일 07시,토요일,전라북도 군산시 서흥남동,경상사고,0,0,1,0,차대차 - 측면충돌,직진우회전진행방해,건조,맑음,교차로 - 교차로안,승용,여,40세,상해없음,승용,남,30세,경상
2020030700100073,2020년 3월 7일 07시,토요일,전라북도 익산시 팔봉동,경상사고,0,0,1,0,차대차 - 측면충돌,안전거리미확보,건조,맑음,단일로 - 기타,화물,남,43세,상해없음,승용,남,24세,경상
2020030700100114,2020년 3월 7일 10시,토요일,전라북도 전주시 완산구 중화산동2가,중상사고,0,1,0,0,차대사람 - 횡단중,보행자보호의무위반,건조,맑음,교차로 - 교차로안,승용,남,68세,상해없음,보행자,여,62세,중상
2020030700100146,2020년 3월 7일 11시,토요일,전라북도 군산시 옥산면,경상사고,0,0,1,0,차대차 - 측면충돌,안전운전불이행,건조,맑음,교차로 - 교차로안,승용,남,64세,상해없음,이륜,남,32세,경상
2020030700100147,2020년 3월 7일 11시,토요일,전라북도 김제시 부량면,경상사고,0,0,3,0,차대차 - 정면충돌,중앙선침범,건조,맑음,교차로 - 교차로부근,승용,남,23세,경상,승용,여,61세,경상
2020030700100201,2020년 3월 7일 13시,토요일,전라북도 전주시 완산구 평화동1가,중상사고,0,1,3,0,차대차 - 기타,교차로운행방법위반,건조,맑음,교차로 - 교차로안,승용,남,51세,경상,승용,남,26세,중상
2020030700100202,2020년 3월 7일 13시,토요일,전라북도 부안군 위도면,중상사고,0,1,0,0,차대사람 - 기타,안전운전불이행,건조,맑음,기타 - 기타,승용,남,53세,상해없음,보행자,남,5세,중상
2020030700100203,2020년 3월 7일 13시,토요일,전라북도 임실군 임실읍,경상사고,0,0,4,0,차대차 - 추돌,안전운전불이행,젖음/습기,비,교차로 - 교차로안,승용,남,48세,상해없음,승용,남,35세,경상
2020030700100221,2020년 3월 7일 14시,토요일,전라북도 임실군 관촌면,경상사고,0,0,5,0,차대차 - 추돌,안전운전불이행,젖음/습기,비,교차로 - 교차로부근,승용,여,22세,상해없음,승용,남,49세,경상
2020030700100240,2020년 3월 7일 15시,토요일,전라북도 남원시 동충동,경상사고,0,0,1,0,차대차 - 후진중충돌,안전운전불이행,건조,맑음,단일로 - 기타,승용,남,67세,상해없음,승용,남,24세,경상
2020030700100241,2020년 3월 7일 15시,토요일,전라북도 무주군 무주읍,중상사고,0,1,0,0,차대차 - 측면충돌,중앙선침범,젖음/습기,비,단일로 - 지하차도(도로)내,화물,남,77세,상해없음,승용,남,36세,중상
2020030700100292,2020년 3월 7일 17시,토요일,전라북도 전주시 덕진구 인후동1가,중상사고,0,1,0,0,차대사람 - 횡단중,안전운전불이행,젖음/습기,비,교차로 - 교차로안,승용,여,57세,상해없음,보행자,여,52세,중상
2020030700100348,2020년 3월 7일 19시,토요일,전라북도 전주시 덕진구 팔복동3가,경상사고,0,0,2,0,차대차 - 측면충돌,안전운전불이행,건조,맑음,단일로 - 기타,승용,남,59세,상해없음,승용,남,43세,경상
2020030700100349,2020년 3월 7일 19시,토요일,전라북도 군산시 동흥남동,경상사고,0,0,1,0,차대차 - 측면충돌,안전운전불이행,건조,맑음,교차로 - 교차로안,승용,남,65세,상해없음,승용,남,53세,경상
2020030700100399,2020년 3월 7일 21시,토요일,전라북도 군산시 나운동,경상사고,0,0,1,0,차대차 - 추돌,안전운전불이행,건조,맑음,교차로 - 교차로부근,승용,남,70세,상해없음,이륜,남,47세,경상
2020030700100418,2020년 3월 7일 22시,토요일,전라북도 전주시 완산구 효자동2가,중상사고,0,1,1,0,차대차 - 측면충돌,신호위반,건조,맑음,교차로 - 교차로안,승용,여,38세,상해없음,승용,남,59세,중상
2020030700100419,2020년 3월 7일 22시,토요일,전라북도 군산시 나운동,부상신고사고,0,0,0,1,차대차 - 측면충돌,안전운전불이행,건조,맑음,교차로 - 교차로안,이륜,남,18세,부상신고,승용,남,52세,상해없음
2020030800100051,2020년 3월 8일 05시,일요일,전라북도 전주시 완산구 서신동,경상사고,0,0,1,0,차대차 - 정면충돌,신호위반,건조,맑음,교차로 - 교차로안,승용,여,25세,상해없음,승용,남,27세,경상
2020030800100085,2020년 3월 8일 09시,일요일,전라북도 군산시 조촌동,부상신고사고,0,0,0,1,차대사람 - 기타,안전운전불이행,건조,맑음,단일로 - 기타,승용,남,55세,상해없음,보행자,남,62세,부상신고
2020030800100102,2020년 3월 8일 10시,일요일,전라북도 전주시 완산구 서신동,중상사고,0,1,2,0,차대차 - 측면충돌,안전운전불이행,건조,맑음,단일로 - 기타,승용,남,78세,경상,승용,남,57세,경상
2020030800100103,2020년 3월 8일 10시,일요일,전라북도 익산시 성당면,중상사고,0,1,0,0,차대차 - 측면충돌,신호위반,건조,맑음,교차로 - 교차로안,승용,남,42세,상해없음,화물,남,66세,중상
2020030800100117,2020년 3월 8일 11시,일요일,전라북도 정읍시 농소동,경상사고,0,0,1,0,차대차 - 측면충돌,신호위반,건조,맑음,교차로 - 교차로안,화물,남,55세,상해없음,승용,남,51세,경상
2020030800100174,2020년 3월 8일 14시,일요일,전라북도 군산시 수송동,경상사고,0,0,1,0,차대차 - 기타,교차로운행방법위반,건조,맑음,교차로 - 교차로안,승용,여,57세,상해없음,이륜,남,16세,경상
2020030800100255,2020년 3월 8일 17시,일요일,전라북도 무주군 무주읍,경상사고,0,0,1,0,차대차 - 측면충돌,신호위반,건조,맑음,교차로 - 교차로안,승용,여,34세,상해없음,승용,남,38세,경상
2020030800100281,2020년 3월 8일 18시,일요일,전라북도 군산시 산북동,중상사고,0,1,1,0,차대차 - 추돌,안전운전불이행,건조,맑음,교차로 - 교차로부근,승용,남,69세,경상,승용,여,49세,중상
2020030800100304,2020년 3월 8일 19시,일요일,전라북도 고창군 신림면,경상사고,0,0,1,0,차대차 - 측면충돌,안전운전불이행,건조,맑음,교차로 - 교차로안,승용,남,42세,상해없음,승용,남,62세,경상
2020030800100357,2020년 3월 8일 22시,일요일,전라북도 익산시 금강동,경상사고,0,0,1,0,차대차 - 추돌,안전운전불이행,건조,맑음,교차로 - 교차로부근,이륜,남,33세,기타불명,승용,남,60세,경상
2020030900100030,2020년 3월 9일 05시,월요일,전라북도 정읍시 수성동,중상사고,0,1,1,0,차대차 - 측면충돌,신호위반,건조,맑음,교차로 - 교차로안,화물,남,23세,상해없음,화물,남,57세,중상
2020030900100127,2020년 3월 9일 09시,월요일,전라북도 임실군 임실읍,중상사고,0,1,1,0,차대차 - 측면충돌,교차로운행방법위반,건조,맑음,교차로 - 교차로안,특수,남,52세,상해없음,승용,남,66세,경상
2020030900100156,2020년 3월 9일 10시,월요일,전라북도 전주시 덕진구 팔복동1가,경상사고,0,0,1,0,차대차 - 기타,불법유턴,건조,맑음,교차로 - 교차로부근,이륜,남,55세,상해없음,화물,남,42세,경상
2020030900100210,2020년 3월 9일 12시,월요일,전라북도 익산시 영등동,중상사고,0,1,0,0,차대차 - 측면충돌,안전운전불이행,건조,맑음,교차로 - 교차로안,승용,여,29세,상해없음,이륜,남,26세,중상
2020030900100242,2020년 3월 9일 13시,월요일,전라북도 익산시 모현동1가,경상사고,0,0,1,0,차량단독 - 공작물충돌,안전운전불이행,건조,맑음,단일로 - 기타,이륜,남,16세,경상,,,,
2020030900100271,2020년 3월 9일 14시,월요일,전라북도 전주시 덕진구 여의동,경상사고,0,0,1,0,차대차 - 측면충돌,신호위반,건조,맑음,교차로 - 교차로안,승용,남,59세,상해없음,승용,남,27세,경상
2020030900100272,2020년 3월 9일 14시,월요일,전라북도 김제시 용지면,중상사고,0,1,0,0,차대차 - 측면충돌,중앙선침범,건조,맑음,단일로 - 기타,승용,남,39세,상해없음,화물,남,64세,중상
2020030900100298,2020년 3월 9일 15시,월요일,전라북도 군산시 경암동,경상사고,0,0,1,0,차대차 - 기타,안전운전불이행,건조,흐림,단일로 - 기타,승용,남,64세,상해없음,자전거,여,56세,경상
2020030900100377,2020년 3월 9일 18시,월요일,전라북도 전주시 완산구 효자동3가,경상사고,0,0,2,0,차대차 - 측면충돌,안전운전불이행,젖음/습기,비,단일로 - 기타,승용,남,67세,상해없음,승용,남,34세,경상
2020030900100378,2020년 3월 9일 18시,월요일,전라북도 전주시 덕진구 호성동2가,중상사고,0,1,0,0,차대차 - 측면충돌,중앙선침범,젖음/습기,비,교차로 - 교차로부근,승용,남,51세,상해없음,이륜,남,42세,중상
2020030900100379,2020년 3월 9일 18시,월요일,전라북도 군산시 삼학동,중상사고,0,2,0,0,차대사람 - 횡단중,안전운전불이행,젖음/습기,비,주차장 - 주차장,승용,남,41세,상해없음,보행자,여,6세,중상
2020030900100419,2020년 3월 9일 19시,월요일,전라북도 익산시 동산동,경상사고,0,0,3,0,차대차 - 정면충돌,안전운전불이행,젖음/습기,비,단일로 - 기타,승용,여,53세,상해없음,승용,여,40세,경상
2020030900100451,2020년 3월 9일 20시,월요일,전라북도 남원시 쌍교동,경상사고,0,0,2,0,차대차 - 정면충돌,중앙선침범,젖음/습기,비,단일로 - 기타,화물,남,51세,상해없음,승용,남,53세,상해없음
2020030900100484,2020년 3월 9일 21시,월요일,전라북도 익산시 송학동,중상사고,0,1,0,0,차대사람 - 횡단중,안전운전불이행,젖음/습기,비,교차로 - 교차로부근,승용,남,35세,상해없음,보행자,남,42세,중상
2020030900100485,2020년 3월 9일 21시,월요일,전라북도 부안군 백산면,중상사고,0,1,0,0,차량단독 - 공작물충돌,안전운전불이행,젖음/습기,비,교차로 - 교차로안,승용,남,47세,상해없음,,,,
2020030900100516,2020년 3월 9일 22시,월요일,전라북도 김제시 백산면,경상사고,0,0,1,0,차대차 - 후진중충돌,안전운전불이행,건조,맑음,단일로 - 기타,승용,남,37세,상해없음,승용,남,34세,경상
2020031000100012,2020년 3월 10일 00시,화요일,전라북도 익산시 인화동1가,경상사고,0,0,1,0,차대차 - 추돌,안전운전불이행,젖음/습기,비,교차로 - 교차로부근,승용,남,24세,상해없음,승용,남,38세,경상
2020031000100083,2020년 3월 10일 07시,화요일,전라북도 전주시 완산구 중화산동2가,경상사고,0,0,3,0,차대차 - 측면충돌,신호위반,젖음/습기,비,교차로 - 교차로안,승용,여,51세,상해없음,승용,남,60세,경상
2020031000100125,2020년 3월 10일 09시,화요일,전라북도 김제시 만경읍,중상사고,0,1,0,0,차대차 - 측면충돌,신호위반,젖음/습기,비,교차로 - 교차로안,승용,남,67세,상해없음,화물,남,48세,중상
2020031000100150,2020년 3월 10일 10시,화요일,전라북도 전주시 완산구 중화산동2가,중상사고,0,1,0,0,차대차 - 측면충돌,안전거리미확보,젖음/습기,비,교차로 - 교차로부근,화물,남,48세,상해없음,승용,남,25세,중상
2020031000100151,2020년 3월 10일 10시,화요일,전라북도 익산시 남중동,경상사고,0,0,1,0,차대차 - 추돌,안전운전불이행,젖음/습기,비,단일로 - 기타,승용,남,60세,상해없음,화물,남,47세,경상
2020031000100165,2020년 3월 10일 11시,화요일,전라북도 전주시 덕진구 장동,중상사고,0,1,2,0,차대차 - 측면충돌,안전운전불이행,젖음/습기,비,단일로 - 기타,승용,여,65세,상해없음,승용,여,45세,중상
2020031000100166,2020년 3월 10일 11시,화요일,전라북도 군산시 오식도동,중상사고,0,1,0,0,차대차 - 측면충돌,신호위반,건조,맑음,교차로 - 교차로안,승용,남,52세,상해없음,화물,남,47세,중상
2020031000100167,2020년 3월 10일 11시,화요일,전라북도 김제시 부량면,경상사고,0,0,1,0,차대차 - 기타,안전운전불이행,건조,맑음,교차로 - 교차로안,화물,남,64세,상해없음,특수,남,45세,경상
2020031000100189,2020년 3월 10일 12시,화요일,전라북도 김제시 공덕면,중상사고,0,1,0,0,차대차 - 측면충돌,안전운전불이행,젖음/습기,비,교차로 - 교차로안,화물,남,64세,상해없음,이륜,남,78세,중상
2020031000100217,2020년 3월 10일 13시,화요일,전라북도 전주시 덕진구 송천동2가,경상사고,0,0,5,0,차대차 - 측면충돌,안전운전불이행,젖음/습기,비,교차로 - 교차로안,승용,여,47세,상해없음,승용,남,52세,경상
2020031000100246,2020년 3월 10일 14시,화요일,전라북도 전주시 덕진구 중동,경상사고,0,0,1,0,차대차 - 측면충돌,안전거리미확보,건조,맑음,단일로 - 기타,승용,남,55세,상해없음,승용,남,43세,경상
2020031000100262,2020년 3월 10일 15시,화요일,전라북도 전주시 덕진구 덕진동2가,중상사고,0,1,1,0,차대차 - 측면충돌,신호위반,건조,맑음,교차로 - 교차로안,승용,여,45세,상해없음,승용,남,65세,경상
2020031000100319,2020년 3월 10일 17시,화요일,전라북도 익산시 삼기면,경상사고,0,0,1,0,차대차 - 측면충돌,신호위반,건조,맑음,교차로 - 교차로안,승용,남,49세,상해없음,승용,남,48세,경상
2020031000100345,2020년 3월 10일 18시,화요일,전라북도 군산시 수송동,경상사고,0,0,1,0,차대사람 - 횡단중,보행자보호의무위반,건조,맑음,교차로 - 교차로횡단보도내,승용,남,23세,상해없음,보행자,남,28세,경상
2020031000100380,2020년 3월 10일 19시,화요일,전라북도 전주시 완산구 효자동3가,중상사고,0,1,0,0,차대사람 - 횡단중,보행자보호의무위반,건조,맑음,교차로 - 교차로횡단보도내,승용,여,61세,상해없음,보행자,여,16세,중상
2020031000100381,2020년 3월 10일 19시,화요일,전라북도 전주시 덕진구 팔복동4가,경상사고,0,0,1,0,차대차 - 정면충돌,안전운전불이행,건조,맑음,단일로 - 기타,승용,남,40세,상해없음,승용,여,49세,경상
2020031000100437,2020년 3월 10일 21시,화요일,전라북도 전주시 완산구 서신동,중상사고,0,1,0,0,차대차 - 추돌,안전운전불이행,건조,맑음,단일로 - 기타,승용,여,34세,상해없음,승용,남,26세,중상
2020031000100478,2020년 3월 10일 23시,화요일,전라북도 전주시 완산구 삼천동1가,경상사고,0,0,1,0,차대차 - 추돌,안전운전불이행,건조,맑음,교차로 - 교차로부근,화물,남,53세,경상,화물,남,31세,상해없음
2020031000100479,2020년 3월 10일 23시,화요일,전라북도 남원시 도통동,사망사고,1,0,0,0,차대사람 - 기타,안전운전불이행,건조,맑음,단일로 - 기타,승용,남,34세,상해없음,보행자,남,57세,사망
2020031000100480,2020년 3월 10일 23시,화요일,전라북도 순창군 순창읍,경상사고,0,0,2,0,차대차 - 측면충돌,신호위반,건조,맑음,교차로 - 교차로안,승용,남,29세,상해없음,승용,남,66세,경상