사고번호,사고일시,요일,시군구,사고내용,사망자수,중상자수,경상자수,부상신고자수,사고유형,법규위반,노면상태,기상상태,도로형태,가해운전자 차종,가해운전자 성별,가해운전자 연령,가해운전자 상해정도,피해운전자 차종,피해운전자 성별,피해운전자 연령,피해운전자 상해정도
2020041000100331,2020년 4월 10일 15시,금요일,전라북도 익산시 창인동1가,경상사고,0,0,1,0,차대사람 - 차도통행중,안전운전불이행,건조,맑음,단일로 - 기타,승용,여,71세,상해없음,보행자,여,33세,경상
2020041000100332,2020년 4월 10일 15시,금요일,전라북도 부안군 줄포면,중상사고,0,1,0,0,차대차 - 추돌,안전운전불이행,건조,맑음,교차로 - 교차로부근,원동기,여,50세,중상,승용,여,59세,상해없음
2020041000100333,2020년 4월 10일 15시,금요일,전라북도 무주군 무주읍,중상사고,0,1,0,0,차대차 - 측면충돌,신호위반,건조,맑음,교차로 - 교차로안,화물,남,72세,상해없음,화물,남,65세,중상
2020041000100504,2020년 4월 10일 20시,금요일,전라북도 고창군 고창읍,중상사고,0,2,0,0,차대사람 - 보도통행중,보행자보호의무위반,건조,맑음,교차로 - 교차로안,승용,남,46세,상해없음,보행자,여,54세,중상
2020041000100532,2020년 4월 10일 21시,금요일,전라북도 전주시 완산구 효자동3가,경상사고,0,0,1,0,차대사람 - 보도통행중,신호위반,건조,맑음,교차로 - 교차로안,승용,남,59세,상해없음,보행자,여,23세,경상
2020041000100533,2020년 4월 10일 21시,금요일,전라북도 전주시 완산구 중화산동2가,경상사고,0,0,1,0,차량단독 - 기타,안전운전불이행,건조,맑음,단일로 - 기타,승용,여,70세,상해없음,,,,
2020041100100021,2020년 4월 11일 01시,토요일,전라북도 전주시 완산구 고사동,경상사고,0,0,1,0,차대사람 - 길가장자리구역통행중,안전운전불이행,건조,맑음,단일로 - 기타,기타불명,기타불명,미분류,기타불명,보행자,남,23세,경상
2020041100100057,2020년 4월 11일 04시,토요일,전라북도 전주시 완산구 효자동2가,경상사고,0,0,2,0,차대차 - 측면충돌,중앙선침범,건조,맑음,단일로 - 기타,승용,여,22세,상해없음,승용,남,22세,경상
2020041100100100,2020년 4월 11일 08시,토요일,전라북도 군산시 나운동,경상사고,0,0,1,0,차대차 - 측면충돌,직진우회전진행방해,건조,맑음,교차로 - 교차로안,승용,여,53세,경상,화물,남,61세,상해없음
2020041100100141,2020년 4월 11일 10시,토요일,전라북도 익산시 함열읍,경상사고,0,0,3,0,차대차 - 측면충돌,안전운전불이행,건조,맑음,교차로 - 교차로안,승용,남,64세,상해없음,승용,남,57세,경상
2020041100100142,2020년 4월 11일 10시,토요일,전라북도 정읍시 하북동,경상사고,0,0,2,0,차대차 - 추돌,안전거리미확보,건조,맑음,교차로 - 교차로부근,화물,남,55세,상해없음,승용,남,34세,상해없음
2020041100100317,2020년 4월 11일 15시,토요일,전라북도 군산시 나운동,경상사고,0,0,5,0,차대차 - 추돌,안전거리미확보,건조,맑음,단일로 - 기타,승용,남,60세,상해없음,승용,남,40세,경상
2020041100100318,2020년 4월 11일 15시,토요일,전라북도 익산시 인화동1가,경상사고,0,0,2,0,차대차 - 측면충돌,직진우회전진행방해,건조,맑음,교차로 - 교차로안,승용,남,47세,상해없음,승용,남,26세,경상
2020041100100319,2020년 4월 11일 15시,토요일,전라북도 정읍시 수성동,경상사고,0,0,1,0,차대차 - 측면충돌,안전운전불이행,건조,맑음,기타 - 기타,자전거,남,71세,경상,승용,남,53세,상해없음
2020041100100389,2020년 4월 11일 17시,토요일,전라북도 군산시 명산동,경상사고,0,0,1,0,차대사람 - 횡단중,보행자보호의무위반,건조,맑음,교차로 - 교차로횡단보도내,승용,남,24세,상해없음,보행자,여,57세,경상
2020041100100390,2020년 4월 11일 17시,토요일,전라북도 정읍시 산외면,경상사고,0,0,1,0,차대차 - 측면충돌,안전운전불이행,건조,흐림,교차로 - 교차로부근,승용,남,78세,상해없음,승용,남,26세,경상
2020041100100428,2020년 4월 11일 18시,토요일,전라북도 익산시 마동,경상사고,0,0,1,0,차대차 - 측면충돌,안전운전불이행,건조,맑음,교차로 - 교차로부근,이륜,남,17세,경상,승용,남,65세,상해없음
2020041100100429,2020년 4월 11일 18시,토요일,전라북도 남원시 신촌동,경상사고,0,0,3,0,차대차 - 추돌,안전운전불이행,젖음/습기,비,단일로 - 기타,승용,남,38세,상해없음,승용,남,40세,경상
2020041100100489,2020년 4월 11일 20시,토요일,전라북도 전주시 덕진구 인후동1가,경상사고,0,0,1,0,차대차 - 측면충돌,신호위반,건조,맑음,교차로 - 교차로안,승용,남,52세,상해없음,이륜,남,18세,경상
2020041100100490,2020년 4월 11일 20시,토요일,전라북도 부안군 부안읍,경상사고,0,0,2,0,차대차 - 측면충돌,안전운전불이행,건조,맑음,교차로 - 교차로안,승합,여,39세,상해없음,승용,남,37세,경상
2020041100100491,2020년 4월 11일 20시,토요일,전라북도 무주군 설천면,중상사고,0,1,0,0,차대사람 - 기타,중앙선침범,건조,맑음,단일로 - 지하차도(도로)내,화물,남,28세,상해없음,보행자,남,34세,중상
2020041100100520,2020년 4월 11일 21시,토요일,전라북도 전주시 덕진구 우아동3가,중상사고,0,1,0,0,차대사람 - 횡단중,보행자보호의무위반,건조,맑음,교차로 - 교차로횡단보도내,승합,남,62세,상해없음,보행자,남,59세,중상
2020041200100007,2020년 4월 12일 00시,일요일,전라북도 익산시 신동,경상사고,0,0,2,0,차대차 - 측면충돌,안전운전불이행,건조,맑음,교차로 - 교차로부근,승용,남,27세,상해없음,승용,남,56세,경상
2020041200100025,2020년 4월 12일 01시,일요일,전라북도 전주시 완산구 평화동2가,중상사고,0,1,1,0,차대차 - 측면충돌,중앙선침범,건조,맑음,단일로 - 기타,승용,남,61세,상해없음,승용,남,59세,경상
2020041200100081,2020년 4월 12일 07시,일요일,전라북도 정읍시 송산동,사망사고,2,0,0,0,차량단독 - 공작물충돌,과속,건조,맑음,교차로 - 교차로부근,승용,남,18세,사망,,,,
2020041200100089,2020년 4월 12일 08시,일요일,전라북도 전주시 덕진구 금암동,경상사고,0,0,2,0,차대차 - 추돌,안전운전불이행,건조,맑음,교차로 - 교차로부근,승용,남,27세,상해없음,승용,남,46세,경상
2020041200100121,2020년 4월 12일 10시,일요일,전라북도 군산시 장미동,경상사고,0,0,3,0,차대차 - 기타,신호위반,건조,맑음,교차로 - 교차로안,승용,남,36세,상해없음,승용,남,66세,경상
2020041200100122,2020년 4월 12일 10시,일요일,전라북도 군산시 명산동,경상사고,0,0,3,0,차대차 - 기타,안전운전불이행,건조,맑음,교차로 - 교차로안,승용,여,67세,상해없음,승용,남,68세,경상
2020041200100123,2020년 4월 12일 10시,일요일,전라북도 정읍시 연지동,중상사고,0,1,0,0,차대사람 - 횡단중,안전운전불이행,건조,맑음,단일로 - 기타,승용,남,25세,상해없음,보행자,남,85세,중상
2020041200100124,2020년 4월 12일 10시,일요일,전라북도 남원시 주생면,중상사고,0,1,0,0,차대차 - 측면충돌,안전운전불이행,건조,맑음,교차로 - 교차로안,화물,남,51세,상해없음,승용,남,25세,중상
2020041200100210,2020년 4월 12일 14시,일요일,전라북도 군산시 옥도면,경상사고,0,0,2,0,차대차 - 추돌,안전운전불이행,건조,맑음,단일로 - 기타,승용,여,34세,상해없음,승용,남,51세,경상
2020041200100274,2020년 4월 12일 16시,일요일,전라북도 군산시 나운동,경상사고,0,0,1,0,차대사람 - 보도통행중,기타,젖음/습기,비,단일로 - 기타,승용,남,55세,상해없음,보행자,남,85세,경상
2020041200100275,2020년 4월 12일 16시,일요일,전라북도 군산시 나운동,경상사고,0,0,1,0,차대차 - 추돌,신호위반,젖음/습기,비,교차로 - 교차로안,승용,남,56세,상해없음,승용,남,59세,상해없음
2020041200100276,2020년 4월 12일 16시,일요일,전라북도 김제시 요촌동,경상사고,0,0,3,0,차대차 - 추돌,안전운전불이행,건조,맑음,교차로 - 교차로안,승용,남,37세,상해없음,승용,남,47세,경상
2020041200100297,2020년 4월 12일 17시,일요일,전라북도 고창군 고창읍,경상사고,0,0,2,0,차대차 - 측면충돌,교차로운행방법위반,젖음/습기,비,교차로 - 교차로안,승용,남,22세,상해없음,원동기,남,65세,경상
2020041200100318,2020년 4월 12일 18시,일요일,전라북도 정읍시 산외면,중상사고,0,1,0,0,차량단독 - 전도전복 - 전도,안전운전불이행,건조,흐림,단일로 - 기타,화물,남,55세,중상,,,,
2020041200100346,2020년 4월 12일 19시,일요일,전라북도 군산시 경장동,중상사고,0,2,4,0,차대차 - 기타,안전운전불이행,젖음/습기,비,교차로 - 교차로부근,이륜,남,52세,상해없음,승용,남,62세,경상
2020041300100004,2020년 4월 13일 00시,월요일,전라북도 전주시 완산구 효자동3가,경상사고,0,0,1,0,차대차 - 기타,직진우회전진행방해,건조,맑음,교차로 - 교차로안,승용,남,41세,상해없음,승용,남,47세,경상
2020041300100050,2020년 4월 13일 07시,월요일,전라북도 익산시 영등동,경상사고,0,0,1,0,차대차 - 측면충돌,안전운전불이행,건조,맑음,교차로 - 교차로안,승용,여,31세,상해없음,승용,남,35세,경상
2020041300100117,2020년 4월 13일 09시,월요일,전라북도 임실군 관촌면,경상사고,0,0,1,0,차대차 - 추돌,안전운전불이행,건조,맑음,단일로 - 기타,승용,남,68세,상해없음,승용,여,35세,경상
2020041300100118,2020년 4월 13일 09시,월요일,전라북도 진안군 부귀면,사망사고,1,1,1,0,차대차 - 측면충돌,신호위반,건조,맑음,교차로 - 교차로안,승용,여,61세,경상,화물,남,55세,중상
2020041300100143,2020년 4월 13일 10시,월요일,전라북도 정읍시 하북동,중상사고,0,1,0,0,차대차 - 측면충돌,교차로운행방법위반,건조,맑음,교차로 - 교차로안,승용,남,49세,상해없음,이륜,남,53세,중상
2020041300100175,2020년 4월 13일 11시,월요일,전라북도 익산시 영등동,경상사고,0,0,1,0,차대사람 - 횡단중,안전운전불이행,건조,맑음,단일로 - 기타,승용,남,57세,상해없음,보행자,여,2세,경상
2020041300100207,2020년 4월 13일 12시,월요일,전라북도 군산시 월명동,경상사고,0,0,1,0,차대차 - 기타,교차로운행방법위반,건조,맑음,교차로 - 교차로안,승용,남,67세,상해없음,자전거,남,67세,경상
2020041300100276,2020년 4월 13일 14시,월요일,전라북도 정읍시 고부면,경상사고,0,0,1,0,차대차 - 정면충돌,중앙선침범,건조,맑음,교차로 - 교차로부근,승용,여,51세,상해없음,승용,남,42세,경상
2020041300100277,2020년 4월 13일 14시,월요일,전라북도 고창군 고창읍,중상사고,0,1,0,0,차대차 - 측면충돌,안전운전불이행,건조,맑음,교차로 - 교차로부근,승용,남,18세,상해없음,승용,남,55세,중상
2020041300100335,2020년 4월 13일 16시,월요일,전라북도 익산시 금강동,경상사고,0,0,2,0,차대차 - 추돌,안전운전불이행,건조,맑음,교차로 - 교차로부근,화물,남,60세,상해없음,승용,남,70세,상해없음
2020041300100336,2020년 4월 13일 16시,월요일,전라북도 김제시 입석동,중상사고,0,1,1,0,차대차 - 추돌,안전운전불이행,건조,맑음,교차로 - 교차로안,승용,남,85세,상해없음,화물,남,62세,상해없음
2020041300100390,2020년 4월 13일 17시,월요일,전라북도 군산시 사정동,경상사고,0,0,2,0,차대차 - 기타,안전운전불이행,건조,맑음,단일로 - 기타,승용,남,30세,경상,승용,남,39세,경상
2020041300100436,2020년 4월 13일 18시,월요일,전라북도 군산시 옥산면,경상사고,0,0,2,0,차대차 - 기타,안전운전불이행,건조,맑음,교차로 - 교차로안,승용,여,19세,상해없음,승용,여,46세,경상
2020041300100437,2020년 4월 13일 18시,월요일,전라북도 익산시 남중동,경상사고,0,0,2,0,차대차 - 추돌,안전운전불이행,건조,맑음,단일로 - 기타,화물,남,40세,상해없음,승용,남,59세,경상
2020041300100480,2020년 4월 13일 19시,월요일,전라북도 전주시 완산구 동완산동,중상사고,0,1,0,0,차대사람 - 횡단중,보행자보호의무위반,건조,맑음,교차로 - 교차로부근,승용,남,57세,상해없음,보행자,남,70세,중상
2020041300100481,2020년 4월 13일 19시,월요일,전라북도 군산시 나운동,경상사고,0,0,2,0,차대차 - 기타,교차로운행방법위반,건조,맑음,교차로 - 교차로안,승용,남,62세,경상,승용,남,58세,경상
2020041300100517,2020년 4월 13일 20시,월요일,전라북도 전주시 덕진구 용정동,중상사고,0,1,0,0,차대차 - 추돌,안전운전불이행,건조,맑음,단일로 - 기타,화물,남,42세,상해없음,화물,남,49세,중상
2020041300100518,2020년 4월 13일 20시,월요일,전라북도 전주시 덕진구 용정동,부상신고사고,0,0,0,1,차대차 - 추돌,안전운전불이행,건조,맑음,단일로 - 기타,화물,남,32세,상해없음,화물,남,49세,부상신고
2020041300100519,2020년 4월 13일 20시,월요일,전라북도 익산시 주현동,경상사고,0,0,1,0,차대차 - 기타,안전거리미확보,건조,맑음,단일로 - 기타,승용,남,63세,상해없음,이륜,남,25세,경상
2020041300100560,2020년 4월 13일 21시,월요일,전라북도 진안군 진안읍,경상사고,0,0,1,0,차대차 - 추돌,안전운전불이행,건조,맑음,단일로 - 기타,이륜,남,48세,경상,승용,여,55세,기타불명
2020041400100006,2020년 4월 14일 00시,화요일,전라북도 군산시 지곡동,경상사고,0,0,1,0,차대차 - 측면충돌,신호위반,건조,맑음,교차로 - 교차로안,승용,남,40세,상해없음,승용,남,48세,경상
2020041400100023,2020년 4월 14일 01시,화요일,전라북도 군산시 나운동,경상사고,0,0,2,0,차대차 - 기타,신호위반,건조,맑음,교차로 - 교차로안,승용,남,65세,상해없음,승용,남,64세,경상
2020041400100044,2020년 4월 14일 04시,화요일,전라북도 익산시 낭산면,중상사고,0,1,0,0,차대사람 - 횡단중,안전운전불이행,건조,맑음,단일로 - 기타,승용,남,47세,상해없음,보행자,여,82세,중상
2020041400100067,2020년 4월 14일 07시,화요일,전라북도 고창군 성내면,중상사고,0,1,0,0,차대차 - 측면충돌,안전거리미확보,건조,맑음,단일로 - 기타,승합,남,61세,상해없음,승용,남,28세,중상
2020041400100128,2020년 4월 14일 09시,화요일,전라북도 전주시 완산구 효자동1가,경상사고,0,0,2,0,차대차 - 측면충돌,신호위반,건조,맑음,교차로 - 교차로안,승용,남,68세,상해없음,승용,남,61세,경상
2020041400100153,2020년 4월 14일 10시,화요일,전라북도 익산시 황등면,경상사고,0,0,1,0,차대차 - 측면충돌,신호위반,건조,맑음,교차로 - 교차로안,화물,남,46세,상해없음,승합,남,59세,경상
2020041400100311,2020년 4월 14일 15시,화요일,전라북도 순창군 순창읍,중상사고,0,1,0,0,차대사람 - 횡단중,안전운전불이행,건조,맑음,교차로 - 교차로부근,승용,여,67세,상해없음,보행자,여,85세,중상
2020041400100345,2020년 4월 14일 16시,화요일,전라북도 익산시 금마면,경상사고,0,0,2,0,차대차 - 측면충돌,중앙선침범,건조,맑음,단일로 - 기타,승용,남,68세,상해없음,승용,여,25세,경상
2020041400100388,2020년 4월 14일 17시,화요일,전라북도 전주시 덕진구 진북동,경상사고,0,0,1,0,차대차 - 측면충돌,중앙선침범,건조,맑음,단일로 - 기타,승용,여,39세,상해없음,이륜,남,40세,경상
2020041400100389,2020년 4월 14일 17시,화요일,전라북도 고창군 신림면,경상사고,0,0,1,0,차대차 - 추돌,안전운전불이행,건조,맑음,기타 - 기타,승용,여,41세,상해없음,화물,남,69세,경상
2020041400100444,2020년 4월 14일 18시,화요일,전라북도 익산시 석왕동,중상사고,0,1,0,0,차대차 - 측면충돌,안전운전불이행,건조,맑음,단일로 - 기타,화물,여,65세,상해없음,자전거,남,63세,중상
2020041400100490,2020년 4월 14일 19시,화요일,전라북도 전주시 완산구 효자동3가,중상사고,0,1,0,0,차대차 - 측면충돌,차로위반,건조,맑음,교차로 - 교차로부근,승용,여,27세,상해없음,이륜,남,37세,중상
2020041400100491,2020년 4월 14일 19시,화요일,전라북도 전주시 완산구 효자동3가,경상사고,0,0,4,0,차대차 - 기타,안전운전불이행,건조,맑음,교차로 - 교차로부근,승용,남,46세,상해없음,승용,남,36세,경상
2020041400100492,2020년 4월 14일 19시,화요일,전라북도 무주군 안성면,중상사고,0,1,0,0,차대차 - 추돌,안전운전불이행,건조,맑음,교차로 - 교차로안,화물,남,42세,상해없음,농기계,남,64세,중상
2020041400100518,2020년 4월 14일 20시,화요일,전라북도 전주시 덕진구 장동,경상사고,0,0,1,0,차대차 - 추돌,안전운전불이행,건조,맑음,교차로 - 교차로부근,승용,남,45세,상해없음,승용,남,43세,경상
2020041400100519,2020년 4월 14일 20시,화요일,전라북도 군산시 경장동,중상사고,0,1,0,0,차대차 - 기타,중앙선침범,건조,맑음,교차로 - 교차로부근,승용,여,25세,상해없음,승용,여,54세,중상
2020041500100007,2020년 4월 15일 00시,수요일,전라북도 전주시 완산구 서신동,중상사고,0,1,0,0,차대사람 - 횡단중,보행자보호의무위반,건조,맑음,교차로 - 교차로횡단보도내,승용,남,61세,상해없음,보행자,남,44세,중상
2020041500100130,2020년 4월 15일 10시,수요일,전라북도 전주시 완산구 효자동1가,경상사고,0,0,1,0,차대차 - 측면충돌,신호위반,건조,맑음,교차로 - 교차로안,승용,남,44세,상해없음,승용,남,61세,경상
2020041500100180,2020년 4월 15일 12시,수요일,전라북도 익산시 남중동,경상사고,0,0,4,0,차대차 - 정면충돌,중앙선침범,건조,맑음,단일로 - 기타,승용,남,48세,상해없음,승용,남,69세,경상
2020041500100181,2020년 4월 15일 12시,수요일,전라북도 남원시 송동면,경상사고,0,0,1,0,차대차 - 측면충돌,교차로운행방법위반,건조,맑음,교차로 - 교차로안,승용,남,57세,상해없음,화물,남,42세,경상
2020041500100182,2020년 4월 15일 12시,수요일,전라북도 임실군 오수면,경상사고,0,0,1,0,차대차 - 측면충돌,교차로운행방법위반,건조,맑음,교차로 - 교차로안,승용,여,66세,상해없음,승용,남,59세,상해없음
2020041500100204,2020년 4월 15일 13시,수요일,전라북도 전주시 완산구 삼천동1가,중상사고,0,1,0,0,차대사람 - 횡단중,보행자보호의무위반,건조,맑음,단일로 - 기타,승용,여,38세,상해없음,보행자,여,63세,중상
2020041500100205,2020년 4월 15일 13시,수요일,전라북도 전주시 덕진구 우아동2가,중상사고,0,1,0,0,차대사람 - 횡단중,안전운전불이행,건조,맑음,교차로 - 교차로안,승용,남,37세,상해없음,보행자,여,78세,중상
2020041500100206,2020년 4월 15일 13시,수요일,전라북도 전주시 덕진구 만성동,중상사고,0,1,0,0,차량단독 - 기타,안전운전불이행,건조,맑음,교차로 - 교차로부근,승합,남,47세,상해없음,,,,
2020041500100237,2020년 4월 15일 14시,수요일,전라북도 익산시 어양동,경상사고,0,0,1,0,차대사람 - 횡단중,보행자보호의무위반,건조,맑음,교차로 - 교차로횡단보도내,화물,여,50세,기타불명,보행자,여,24세,경상
2020041500100279,2020년 4월 15일 15시,수요일,전라북도 정읍시 연지동,경상사고,0,0,2,0,차대차 - 측면충돌,신호위반,건조,맑음,교차로 - 교차로안,승용,여,41세,상해없음,승용,남,21세,경상
2020041500100340,2020년 4월 15일 17시,수요일,전라북도 익산시 신동,경상사고,0,0,1,0,차대사람 - 차도통행중,안전운전불이행,건조,맑음,단일로 - 기타,승용,여,64세,상해없음,보행자,남,32세,경상
2020041500100368,2020년 4월 15일 18시,수요일,전라북도 부안군 부안읍,경상사고,0,0,1,0,차량단독 - 기타,안전운전불이행,건조,맑음,단일로 - 기타,이륜,남,18세,경상,,,,
2020041500100369,2020년 4월 15일 18시,수요일,전라북도 완주군 봉동읍,중상사고,0,1,0,0,차량단독 - 기타,안전운전불이행,건조,맑음,단일로 - 기타,원동기,남,49세,중상,,,,
2020041500100462,2020년 4월 15일 22시,수요일,전라북도 전주시 덕진구 송천동1가,경상사고,0,0,1,0,차대차 - 추돌,안전운전불이행,건조,맑음,단일로 - 기타,승용,남,47세,상해없음,승합,남,58세,상해없음
2020041500100476,2020년 4월 15일 23시,수요일,전라북도 익산시 남중동,경상사고,0,0,1,0,차대사람 - 기타,안전운전불이행,건조,맑음,교차로 - 교차로부근,화물,남,43세,상해없음,보행자,남,46세,경상
2020041600100018,2020년 4월 16일 01시,목요일,전라북도 군산시 수송동,중상사고,0,2,0,0,차대차 - 측면충돌,신호위반,건조,맑음,교차로 - 교차로안,승용,남,73세,상해없음,이륜,남,21세,중상
2020041600100049,2020년 4월 16일 06시,목요일,전라북도 무주군 무주읍,경상사고,0,0,1,0,차대차 - 측면충돌,안전운전불이행,건조,맑음,교차로 - 교차로안,승용,남,63세,상해없음,화물,여,37세,경상
2020041600100059,2020년 4월 16일 07시,목요일,전라북도 익산시 모현동1가,부상신고사고,0,0,0,1,차대차 - 기타,안전운전불이행,건조,맑음,단일로 - 기타,자전거,남,83세,부상신고,승합,남,50세,상해없음
2020041600100086,2020년 4월 16일 08시,목요일,전라북도 군산시 소룡동,중상사고,0,1,0,0,차대사람 - 횡단중,신호위반,건조,맑음,단일로 - 지하차도(도로)내,승용,남,81세,상해없음,보행자,남,78세,중상
2020041600100087,2020년 4월 16일 08시,목요일,전라북도 임실군 임실읍,중상사고,0,1,3,0,차대차 - 측면충돌,교차로운행방법위반,건조,맑음,교차로 - 교차로안,화물,남,82세,상해없음,승용,여,41세,중상
2020041600100106,2020년 4월 16일 09시,목요일,전라북도 김제시 신풍동,경상사고,0,0,2,0,차대차 - 측면충돌,교차로운행방법위반,건조,맑음,교차로 - 교차로부근,승용,남,58세,상해없음,승용,남,23세,경상
2020041600100128,2020년 4월 16일 10시,목요일,전라북도 군산시 수송동,경상사고,0,0,2,0,차대차 - 측면충돌,신호위반,건조,맑음,교차로 - 교차로안,화물,남,65세,상해없음,승용,남,28세,경상
2020041600100156,2020년 4월 16일 11시,목요일,전라북도 군산시 옥도면,경상사고,0,0,1,0,차대차 - 후진중충돌,불법유턴,건조,맑음,단일로 - 지하차도(도로)내,화물,남,63세,상해없음,건설기계,남,42세,경상
2020041600100177,2020년 4월 16일 12시,목요일,전라북도 전주시 덕진구 용정동,중상사고,0,1,0,0,차대차 - 추돌,안전운전불이행,건조,맑음,단일로 - 기타,승용,남,45세,상해없음,승용,남,60세,중상
2020041600100178,2020년 4월 16일 12시,목요일,전라북도 익산시 주현동,경상사고,0,0,1,0,차대차 - 측면충돌,교차로운행방법위반,건조,맑음,교차로 - 교차로안,승용,남,23세,상해없음,승용,여,40세,경상
2020041600100179,2020년 4월 16일 12시,목요일,전라북도 순창군 순창읍,중상사고,0,1,0,0,차대차 - 기타,불법유턴,건조,맑음,교차로 - 교차로부근,승용,남,22세,상해없음,이륜,남,74세,중상
2020041600100208,2020년 4월 16일 13시,목요일,전라북도 전주시 완산구 삼천동1가,중상사고,0,1,0,0,차대사람 - 횡단중,보행자보호의무위반,건조,맑음,교차로 - 교차로부근,승용,여,56세,상해없음,보행자,여,65세,중상
2020041600100209,2020년 4월 16일 13시,목요일,전라북도 군산시 나운동,경상사고,0,0,1,0,차대차 - 측면충돌,안전거리미확보,건조,맑음,단일로 - 기타,승용,남,38세,상해없음,이륜,남,58세,경상
2020041600100210,2020년 4월 16일 13시,목요일,전라북도 장수군 장계면,중상사고,0,1,0,0,차대사람 - 횡단중,중앙선침범,건조,맑음,단일로 - 기타,화물,남,62세,상해없음,보행자,여,85세,중상
2020041600100239,2020년 4월 16일 14시,목요일,전라북도 전주시 완산구 서신동,경상사고,0,0,1,0,차대차 - 기타,안전운전불이행,건조,맑음,교차로 - 교차로부근,화물,남,33세,상해없음,이륜,남,22세,경상
2020041600100241,2020년 4월 16일 14시,목요일,전라북도 김제시 금산면,중상사고,0,1,0,0,차대차 - 기타,안전운전불이행,건조,맑음,교차로 - 교차로안,기타불명,기타불명,미분류,기타불명,자전거,여,78세,중상
2020041600100282,2020년 4월 16일 15시,목요일,전라북도 완주군 용진읍,경상사고,0,0,1,0,차량단독 - 기타,안전운전불이행,건조,맑음,기타 - 기타,화물,남,52세,상해없음,,,,
2020041600100313,2020년 4월 16일 16시,목요일,전라북도 정읍시 태인면,중상사고,0,1,0,0,차대차 - 측면충돌,신호위반,건조,맑음,교차로 - 교차로안,건설기계,남,71세,상해없음,승용,남,31세,중상
2020041600100314,2020년 4월 16일 16시,목요일,전라북도 완주군 용진읍,경상사고,0,0,1,0,차대차 - 추돌,안전운전불이행,건조,맑음,단일로 - 기타,화물,남,58세,상해없음,승용,여,45세,경상
2020041600100342,2020년 4월 16일 17시,목요일,전라북도 군산시 영화동,경상사고,0,0,1,0,차대차 - 측면충돌,교차로운행방법위반,건조,맑음,교차로 - 교차로안,승용,여,51세,상해없음,승용,여,27세,경상
2020041600100379,2020년 4월 16일 18시,목요일,전라북도 군산시 나운동,경상사고,0,0,1,0,차대사람 - 차도통행중,안전운전불이행,건조,맑음,단일로 - 지하차도(도로)내,승용,여,44세,상해없음,보행자,여,67세,경상
2020041600100380,2020년 4월 16일 18시,목요일,전라북도 순창군 적성면,경상사고,0,0,1,0,차대차 - 기타,직진우회전진행방해,건조,맑음,교차로 - 교차로안,화물,남,47세,상해없음,승용,남,30세,경상
2020041700100006,2020년 4월 17일 00시,금요일,전라북도 전주시 덕진구 송천동2가,경상사고,0,0,1,0,차대차 - 측면충돌,안전운전불이행,건조,맑음,교차로 - 교차로안,승용,남,41세,상해없음,승용,남,54세,경상
2020041700100007,2020년 4월 17일 00시,금요일,전라북도 익산시 모현동1가,경상사고,0,0,1,0,차대사람 - 횡단중,신호위반,건조,맑음,교차로 - 교차로횡단보도내,이륜,남,24세,상해없음,보행자,남,41세,경상
2020041700100044,2020년 4월 17일 05시,금요일,전라북도 전주시 완산구 대성동,사망사고,1,0,0,0,차대차 - 추돌,과속,젖음/습기,맑음,단일로 - 기타,승합,남,39세,상해없음,이륜,남,65세,사망
2020041700100085,2020년 4월 17일 08시,금요일,전라북도 전주시 완산구 효자동1가,경상사고,0,0,1,0,차대차 - 측면충돌,안전운전불이행,젖음/습기,비,교차로 - 교차로안,승용,남,47세,상해없음,승용,여,66세,경상
2020041700100086,2020년 4월 17일 08시,금요일,전라북도 부안군 변산면,경상사고,0,0,2,0,차대차 - 측면충돌,중앙선침범,건조,맑음,단일로 - 기타,승용,여,41세,경상,승용,남,28세,경상
2020041700100087,2020년 4월 17일 08시,금요일,전라북도 임실군 덕치면,경상사고,0,0,4,0,차대차 - 추돌,안전운전불이행,젖음/습기,비,단일로 - 기타,승용,남,44세,경상,승용,여,25세,경상
2020041700100110,2020년 4월 17일 09시,금요일,전라북도 익산시 남중동,경상사고,0,0,2,0,차대차 - 측면충돌,직진우회전진행방해,건조,맑음,교차로 - 교차로안,승용,여,64세,상해없음,승용,여,47세,경상
2020041700100137,2020년 4월 17일 10시,금요일,전라북도 군산시 문화동,경상사고,0,0,1,0,차대차 - 추돌,안전운전불이행,건조,맑음,단일로 - 기타,승합,남,74세,상해없음,승용,여,68세,경상
2020041700100138,2020년 4월 17일 10시,금요일,전라북도 군산시 소룡동,중상사고,0,1,0,0,차대차 - 측면충돌,신호위반,건조,맑음,교차로 - 교차로안,특수,남,46세,상해없음,화물,남,44세,중상
2020041700100162,2020년 4월 17일 11시,금요일,전라북도 군산시 대야면,경상사고,0,0,1,0,차대차 - 측면충돌,안전운전불이행,건조,맑음,기타 - 기타,화물,남,54세,상해없음,승용,남,61세,경상
2020041700100251,2020년 4월 17일 14시,금요일,전라북도 부안군 부안읍,경상사고,0,0,1,0,차량단독 - 전도전복 - 전도,안전운전불이행,건조,맑음,교차로 - 교차로부근,이륜,남,75세,경상,,,,
2020041700100286,2020년 4월 17일 15시,금요일,전라북도 전주시 완산구 삼천동3가,중상사고,0,1,1,0,차대차 - 측면충돌,과속,젖음/습기,비,교차로 - 교차로안,화물,여,65세,경상,이륜,남,16세,중상