사고번호,사고일시,요일,시군구,사고내용,사망자수,중상자수,경상자수,부상신고자수,사고유형,법규위반,노면상태,기상상태,도로형태,가해운전자 차종,가해운전자 성별,가해운전자 연령,가해운전자 상해정도,피해운전자 차종,피해운전자 성별,피해운전자 연령,피해운전자 상해정도
2020041700100320,2020년 4월 17일 16시,금요일,전라북도 전주시 덕진구 덕진동1가,경상사고,0,0,2,0,차대차 - 측면충돌,신호위반,젖음/습기,비,교차로 - 교차로안,승용,여,50세,상해없음,승용,여,60세,경상
2020041700100321,2020년 4월 17일 16시,금요일,전라북도 군산시 나운동,경상사고,0,0,2,0,차대차 - 기타,안전거리미확보,건조,맑음,단일로 - 기타,승용,여,60세,경상,승용,남,46세,경상
2020041700100322,2020년 4월 17일 16시,금요일,전라북도 군산시 명산동,경상사고,0,0,1,0,차대차 - 추돌,안전운전불이행,건조,맑음,단일로 - 기타,승용,여,27세,상해없음,승용,여,34세,경상
2020041700100390,2020년 4월 17일 18시,금요일,전라북도 전주시 덕진구 송천동1가,경상사고,0,0,1,0,차대차 - 추돌,안전운전불이행,건조,맑음,교차로 - 교차로부근,승용,남,54세,상해없음,원동기,남,18세,경상
2020041700100391,2020년 4월 17일 18시,금요일,전라북도 전주시 덕진구 우아동3가,경상사고,0,0,1,0,차대차 - 측면충돌,직진우회전진행방해,건조,맑음,교차로 - 교차로안,승용,여,27세,상해없음,이륜,남,51세,경상
2020041700100481,2020년 4월 17일 21시,금요일,전라북도 전주시 덕진구 송천동1가,경상사고,0,0,1,0,차대차 - 추돌,안전거리미확보,건조,맑음,단일로 - 기타,승합,남,48세,상해없음,승용,남,45세,경상
2020041700100482,2020년 4월 17일 21시,금요일,전라북도 순창군 동계면,중상사고,0,1,1,0,차대차 - 측면충돌,안전운전불이행,건조,맑음,교차로 - 교차로안,화물,남,78세,상해없음,승용,남,33세,경상
2020041700100509,2020년 4월 17일 22시,금요일,전라북도 군산시 신풍동,경상사고,0,0,1,0,차대차 - 측면충돌,안전운전불이행,건조,맑음,단일로 - 기타,승용,남,34세,상해없음,승용,남,23세,상해없음
2020041800100013,2020년 4월 18일 00시,토요일,전라북도 정읍시 북면,경상사고,0,0,1,0,차대차 - 정면충돌,중앙선침범,건조,맑음,단일로 - 기타,승용,여,52세,상해없음,승용,남,50세,경상
2020041800100032,2020년 4월 18일 02시,토요일,전라북도 익산시 신흥동,경상사고,0,0,1,0,차대차 - 측면충돌,안전거리미확보,건조,맑음,교차로 - 교차로부근,승용,남,23세,상해없음,승용,남,50세,경상
2020041800100082,2020년 4월 18일 07시,토요일,전라북도 정읍시 정우면,경상사고,0,0,3,0,차대차 - 측면충돌,안전운전불이행,젖음/습기,흐림,단일로 - 기타,승용,남,23세,경상,승용,여,59세,경상
2020041800100083,2020년 4월 18일 07시,토요일,전라북도 임실군 청웅면,경상사고,0,0,1,0,차대차 - 추돌,안전운전불이행,건조,맑음,단일로 - 기타,화물,남,67세,상해없음,승용,여,61세,경상
2020041800100084,2020년 4월 18일 07시,토요일,전라북도 순창군 순창읍,경상사고,0,0,1,0,차량단독 - 기타,안전운전불이행,건조,맑음,단일로 - 기타,승합,남,53세,상해없음,,,,
2020041800100123,2020년 4월 18일 09시,토요일,전라북도 남원시 도통동,경상사고,0,0,1,0,차대차 - 기타,안전운전불이행,건조,맑음,교차로 - 교차로안,승용,남,78세,상해없음,원동기,남,65세,경상
2020041800100148,2020년 4월 18일 10시,토요일,전라북도 전주시 덕진구 송천동2가,중상사고,0,1,0,0,차대사람 - 횡단중,신호위반,건조,맑음,교차로 - 교차로횡단보도내,화물,남,61세,상해없음,보행자,남,66세,중상
2020041800100149,2020년 4월 18일 10시,토요일,전라북도 전주시 덕진구 호성동1가,경상사고,0,0,1,0,차대차 - 추돌,안전운전불이행,건조,맑음,교차로 - 교차로부근,승용,남,61세,상해없음,승용,남,76세,경상
2020041800100214,2020년 4월 18일 12시,토요일,전라북도 전주시 완산구 전동3가,중상사고,0,1,0,0,차대사람 - 횡단중,보행자보호의무위반,건조,맑음,교차로 - 교차로횡단보도내,승용,남,65세,상해없음,보행자,여,79세,중상
2020041800100215,2020년 4월 18일 12시,토요일,전라북도 군산시 소룡동,경상사고,0,0,1,0,차대차 - 측면충돌,직진우회전진행방해,건조,맑음,교차로 - 교차로안,화물,남,50세,상해없음,승용,남,43세,경상
2020041800100245,2020년 4월 18일 13시,토요일,전라북도 임실군 강진면,경상사고,0,0,3,0,차대차 - 추돌,교차로운행방법위반,건조,맑음,교차로 - 교차로안,승용,남,29세,상해없음,승용,남,60세,경상
2020041800100390,2020년 4월 18일 17시,토요일,전라북도 전주시 덕진구 덕진동2가,중상사고,0,1,0,0,차대차 - 측면충돌,교차로운행방법위반,건조,맑음,교차로 - 교차로안,이륜,남,25세,기타불명,이륜,남,30세,중상
2020041800100478,2020년 4월 18일 20시,토요일,전라북도 전주시 덕진구 인후동1가,중상사고,0,1,1,0,차대차 - 측면충돌,신호위반,건조,맑음,교차로 - 교차로부근,원동기,남,23세,중상,승용,남,69세,경상
2020041800100479,2020년 4월 18일 20시,토요일,전라북도 전주시 덕진구 반월동,부상신고사고,0,0,0,1,차대차 - 측면충돌,신호위반,건조,맑음,교차로 - 교차로안,원동기,남,18세,부상신고,화물,여,61세,상해없음
2020041800100480,2020년 4월 18일 20시,토요일,전라북도 김제시 금구면,중상사고,0,1,0,0,차대차 - 측면충돌,신호위반,건조,맑음,교차로 - 교차로안,승용,남,44세,상해없음,승용,여,48세,중상
2020041800100481,2020년 4월 18일 20시,토요일,전라북도 김제시 요촌동,경상사고,0,0,5,0,차대차 - 측면충돌,교차로운행방법위반,건조,맑음,교차로 - 교차로안,승용,남,31세,상해없음,승용,남,57세,경상
2020041800100497,2020년 4월 18일 21시,토요일,전라북도 전주시 덕진구 장동,중상사고,0,1,1,0,차대차 - 측면충돌,안전운전불이행,건조,맑음,교차로 - 교차로안,승용,남,35세,경상,승용,남,51세,중상
2020041800100498,2020년 4월 18일 21시,토요일,전라북도 전주시 덕진구 우아동3가,중상사고,0,1,1,0,차대차 - 정면충돌,중앙선침범,건조,맑음,단일로 - 기타,승용,남,62세,상해없음,승용,남,51세,경상
2020041800100540,2020년 4월 18일 23시,토요일,전라북도 전주시 완산구 색장동,경상사고,0,0,1,0,차대차 - 측면충돌,안전운전불이행,건조,맑음,단일로 - 기타,승용,남,30세,상해없음,승용,남,62세,경상
2020041900100010,2020년 4월 19일 00시,일요일,전라북도 전주시 덕진구 금암동,경상사고,0,0,4,0,차대차 - 추돌,안전운전불이행,건조,맑음,교차로 - 교차로부근,승용,남,27세,상해없음,승용,남,27세,경상
2020041900100011,2020년 4월 19일 00시,일요일,전라북도 익산시 마동,경상사고,0,0,1,0,차대차 - 측면충돌,안전운전불이행,건조,맑음,교차로 - 교차로안,승용,남,60세,상해없음,승용,여,45세,경상
2020041900100054,2020년 4월 19일 04시,일요일,전라북도 전주시 완산구 중화산동2가,중상사고,0,1,0,0,차대차 - 정면충돌,신호위반,건조,맑음,교차로 - 교차로안,승용,남,39세,상해없음,승용,남,33세,중상
2020041900100096,2020년 4월 19일 10시,일요일,전라북도 전주시 완산구 효자동3가,중상사고,0,1,0,0,차대사람 - 횡단중,신호위반,건조,맑음,교차로 - 교차로횡단보도내,화물,남,41세,상해없음,보행자,여,23세,중상
2020041900100097,2020년 4월 19일 10시,일요일,전라북도 군산시 서수면,경상사고,0,0,3,0,차대차 - 측면충돌,신호위반,건조,맑음,교차로 - 교차로안,승용,남,37세,상해없음,승용,남,48세,경상
2020041900100153,2020년 4월 19일 13시,일요일,전라북도 전주시 완산구 고사동,중상사고,0,1,0,0,차대차 - 측면충돌,신호위반,젖음/습기,비,교차로 - 교차로횡단보도내,승용,남,62세,상해없음,자전거,여,29세,중상
2020041900100229,2020년 4월 19일 16시,일요일,전라북도 익산시 부송동,경상사고,0,0,1,0,차대차 - 추돌,안전운전불이행,젖음/습기,비,단일로 - 기타,자전거,남,60세,경상,승용,남,52세,기타불명
2020041900100275,2020년 4월 19일 18시,일요일,전라북도 전주시 완산구 효자동1가,중상사고,0,1,0,0,차대사람 - 횡단중,안전운전불이행,건조,맑음,단일로 - 기타,화물,남,58세,상해없음,보행자,남,60세,중상
2020041900100307,2020년 4월 19일 19시,일요일,전라북도 전주시 완산구 경원동2가,중상사고,0,1,0,0,차대사람 - 횡단중,보행자보호의무위반,건조,맑음,교차로 - 교차로안,승용,남,38세,상해없음,보행자,여,57세,중상
2020041900100308,2020년 4월 19일 19시,일요일,전라북도 김제시 요촌동,경상사고,0,0,1,0,차대차 - 측면충돌,불법유턴,젖음/습기,비,교차로 - 교차로안,승용,남,35세,상해없음,이륜,남,17세,경상
2020041900100376,2020년 4월 19일 21시,일요일,전라북도 전주시 덕진구 인후동2가,경상사고,0,0,1,0,차대사람 - 횡단중,안전운전불이행,젖음/습기,흐림,교차로 - 교차로안,승용,남,51세,상해없음,보행자,남,26세,경상
2020042000100005,2020년 4월 20일 00시,월요일,전라북도 전주시 덕진구 우아동3가,경상사고,0,0,1,0,차대차 - 측면충돌,안전거리미확보,젖음/습기,흐림,교차로 - 교차로안,승용,남,44세,상해없음,이륜,남,49세,경상
2020042000100006,2020년 4월 20일 00시,월요일,전라북도 군산시 조촌동,경상사고,0,0,3,0,차대차 - 추돌,안전운전불이행,건조,맑음,교차로 - 교차로부근,승용,남,72세,상해없음,승용,남,62세,경상
2020042000100057,2020년 4월 20일 07시,월요일,전라북도 익산시 신동,중상사고,0,1,0,0,차대사람 - 횡단중,보행자보호의무위반,건조,맑음,교차로 - 교차로부근,승용,여,57세,상해없음,보행자,여,67세,중상
2020042000100058,2020년 4월 20일 07시,월요일,전라북도 김제시 검산동,경상사고,0,0,1,0,차대차 - 측면충돌,신호위반,건조,맑음,교차로 - 교차로안,승용,남,61세,상해없음,승용,남,47세,경상
2020042000100113,2020년 4월 20일 09시,월요일,전라북도 남원시 어현동,중상사고,0,1,0,0,차대차 - 측면충돌,안전운전불이행,건조,맑음,교차로 - 교차로안,승용,여,58세,상해없음,자전거,여,60세,중상
2020042000100140,2020년 4월 20일 10시,월요일,전라북도 정읍시 산외면,경상사고,0,0,1,0,차량단독 - 전도전복 - 전복,안전운전불이행,건조,맑음,단일로 - 기타,승용,남,45세,경상,,,,
2020042000100141,2020년 4월 20일 10시,월요일,전라북도 완주군 용진읍,경상사고,0,0,2,0,차대차 - 기타,안전운전불이행,건조,맑음,단일로 - 기타,승용,여,59세,상해없음,승용,남,84세,경상
2020042000100166,2020년 4월 20일 11시,월요일,전라북도 군산시 미원동,부상신고사고,0,0,0,1,차대차 - 기타,안전운전불이행,건조,맑음,단일로 - 기타,자전거,남,71세,부상신고,승용,남,63세,상해없음
2020042000100167,2020년 4월 20일 11시,월요일,전라북도 익산시 왕궁면,중상사고,0,1,0,0,차대차 - 측면충돌,교차로운행방법위반,건조,맑음,교차로 - 교차로부근,화물,남,64세,상해없음,이륜,남,72세,중상
2020042000100168,2020년 4월 20일 11시,월요일,전라북도 정읍시 연지동,경상사고,0,0,1,0,차대사람 - 횡단중,신호위반,건조,맑음,교차로 - 교차로횡단보도내,화물,여,53세,상해없음,보행자,남,71세,경상
2020042000100200,2020년 4월 20일 12시,월요일,전라북도 군산시 문화동,부상신고사고,0,0,0,1,차량단독 - 전도전복 - 전도,안전운전불이행,건조,맑음,교차로 - 교차로안,사륜오토바이(ATV),남,81세,부상신고,,,,
2020042000100201,2020년 4월 20일 12시,월요일,전라북도 정읍시 수성동,경상사고,0,0,1,0,차대차 - 추돌,안전운전불이행,건조,맑음,교차로 - 교차로부근,승용,남,45세,상해없음,승용,여,26세,경상
2020042000100202,2020년 4월 20일 12시,월요일,전라북도 남원시 덕과면,경상사고,0,0,1,0,차대차 - 정면충돌,중앙선침범,건조,맑음,단일로 - 기타,화물,남,33세,상해없음,화물,남,52세,경상
2020042000100203,2020년 4월 20일 12시,월요일,전라북도 임실군 운암면,중상사고,0,1,0,0,차대차 - 측면충돌,중앙선침범,건조,맑음,단일로 - 지하차도(도로)내,이륜,남,28세,상해없음,승용,남,62세,상해없음
2020042000100204,2020년 4월 20일 12시,월요일,전라북도 임실군 임실읍,경상사고,0,0,1,0,차대차 - 측면충돌,교차로운행방법위반,건조,맑음,교차로 - 교차로안,승용,남,23세,상해없음,원동기,남,81세,경상
2020042000100234,2020년 4월 20일 13시,월요일,전라북도 익산시 모현동1가,중상사고,0,1,0,0,차대차 - 추돌,안전거리미확보,건조,맑음,교차로 - 교차로부근,승용,남,47세,상해없음,이륜,남,30세,중상
2020042000100235,2020년 4월 20일 13시,월요일,전라북도 남원시 사매면,중상사고,0,1,0,0,차대차 - 측면충돌,안전운전불이행,건조,맑음,교차로 - 교차로안,사륜오토바이(ATV),여,78세,중상,화물,남,46세,상해없음
2020042000100318,2020년 4월 20일 15시,월요일,전라북도 전주시 완산구 효자동2가,경상사고,0,0,2,0,차대차 - 후진중충돌,불법유턴,건조,맑음,단일로 - 기타,승용,남,45세,상해없음,승용,남,40세,경상
2020042000100404,2020년 4월 20일 18시,월요일,전라북도 익산시 남중동,경상사고,0,0,1,0,차대사람 - 횡단중,안전운전불이행,건조,맑음,단일로 - 기타,승용,남,63세,상해없음,보행자,남,63세,경상
2020042000100405,2020년 4월 20일 18시,월요일,전라북도 남원시 월락동,경상사고,0,0,3,0,차대차 - 추돌,안전운전불이행,건조,맑음,단일로 - 기타,승합,남,50세,상해없음,승합,여,41세,경상
2020042000100444,2020년 4월 20일 19시,월요일,전라북도 김제시 용지면,중상사고,0,1,1,0,차대차 - 측면충돌,신호위반,건조,맑음,교차로 - 교차로안,화물,남,44세,상해없음,승용,남,46세,경상
2020042000100468,2020년 4월 20일 20시,월요일,전라북도 전주시 덕진구 덕진동2가,경상사고,0,0,2,0,차대차 - 추돌,안전운전불이행,건조,맑음,단일로 - 기타,승용,남,65세,상해없음,승용,남,37세,경상
2020042000100469,2020년 4월 20일 20시,월요일,전라북도 남원시 도통동,경상사고,0,0,2,0,차대차 - 정면충돌,안전운전불이행,건조,맑음,교차로 - 교차로안,승용,남,69세,상해없음,승합,남,52세,경상
2020042000100509,2020년 4월 20일 22시,월요일,전라북도 군산시 수송동,경상사고,0,0,2,0,차대차 - 후진중충돌,안전운전불이행,건조,맑음,주차장 - 주차장,승용,남,18세,상해없음,승용,여,45세,경상
2020042000100528,2020년 4월 20일 23시,월요일,전라북도 군산시 지곡동,경상사고,0,0,2,0,차대차 - 추돌,안전운전불이행,건조,맑음,교차로 - 교차로부근,승용,남,44세,상해없음,승합,남,41세,경상
2020042100100088,2020년 4월 21일 08시,화요일,전라북도 군산시 구암동,경상사고,0,0,1,1,차대차 - 추돌,안전운전불이행,건조,맑음,교차로 - 교차로부근,승용,여,37세,경상,화물,남,46세,부상신고
2020042100100120,2020년 4월 21일 09시,화요일,전라북도 익산시 임상동,중상사고,0,1,0,0,차대사람 - 기타,안전운전불이행,건조,맑음,단일로 - 기타,화물,남,64세,상해없음,보행자,여,70세,중상
2020042100100121,2020년 4월 21일 09시,화요일,전라북도 익산시 영등동,중상사고,0,1,0,0,차대사람 - 횡단중,안전운전불이행,건조,맑음,교차로 - 교차로안,승용,남,25세,상해없음,보행자,남,72세,중상
2020042100100122,2020년 4월 21일 09시,화요일,전라북도 순창군 순창읍,중상사고,0,1,0,0,차대차 - 측면충돌,직진우회전진행방해,건조,맑음,교차로 - 교차로안,자전거,여,61세,중상,승용,여,46세,상해없음
2020042100100145,2020년 4월 21일 10시,화요일,전라북도 김제시 금산면,경상사고,0,0,4,0,차대차 - 추돌,안전운전불이행,건조,맑음,단일로 - 지하차도(도로)내,이륜,남,31세,상해없음,승합,여,44세,경상
2020042100100146,2020년 4월 21일 10시,화요일,전라북도 완주군 봉동읍,중상사고,0,2,0,0,차대차 - 측면충돌,신호위반,건조,맑음,단일로 - 기타,화물,남,48세,상해없음,승용,남,19세,중상
2020042100100198,2020년 4월 21일 12시,화요일,전라북도 남원시 동충동,경상사고,0,0,1,0,차대사람 - 차도통행중,안전운전불이행,건조,맑음,단일로 - 기타,승용,남,51세,상해없음,보행자,여,41세,경상
2020042100100259,2020년 4월 21일 14시,화요일,전라북도 전주시 완산구 서신동,경상사고,0,0,1,1,차대차 - 측면충돌,안전운전불이행,건조,맑음,단일로 - 기타,승용,남,38세,부상신고,화물,남,57세,경상
2020042100100260,2020년 4월 21일 14시,화요일,전라북도 전주시 덕진구 금암동,경상사고,0,0,1,0,차대차 - 기타,안전운전불이행,건조,맑음,교차로 - 교차로횡단보도내,이륜,남,45세,경상,승용,남,50세,상해없음
2020042100100295,2020년 4월 21일 15시,화요일,전라북도 전주시 덕진구 인후동1가,경상사고,0,0,1,0,차대차 - 측면충돌,중앙선침범,건조,맑음,단일로 - 기타,승용,남,27세,상해없음,이륜,남,41세,경상
2020042100100434,2020년 4월 21일 19시,화요일,전라북도 익산시 신흥동,경상사고,0,0,1,0,차대차 - 측면충돌,안전거리미확보,건조,맑음,단일로 - 기타,화물,남,66세,상해없음,승용,남,27세,경상
2020042100100463,2020년 4월 21일 20시,화요일,전라북도 전주시 덕진구 금암동,경상사고,0,0,1,0,차대차 - 추돌,안전거리미확보,건조,맑음,교차로 - 교차로부근,승용,남,26세,상해없음,승용,여,27세,경상
2020042100100489,2020년 4월 21일 21시,화요일,전라북도 익산시 어양동,경상사고,0,0,3,0,차대차 - 측면충돌,신호위반,건조,맑음,교차로 - 교차로안,승용,남,36세,경상,승용,남,24세,경상
2020042100100518,2020년 4월 21일 22시,화요일,전라북도 전주시 덕진구 금암동,경상사고,0,0,1,0,차대차 - 정면충돌,중앙선침범,건조,맑음,교차로 - 교차로안,승용,여,60세,상해없음,승용,여,21세,경상
2020042100100519,2020년 4월 21일 22시,화요일,전라북도 전주시 덕진구 금암동,경상사고,0,0,1,0,차대차 - 추돌,안전운전불이행,건조,맑음,교차로 - 교차로부근,화물,남,60세,상해없음,승용,여,39세,경상
2020042200100022,2020년 4월 22일 01시,수요일,전라북도 전주시 완산구 효자동3가,중상사고,0,1,1,0,차대차 - 정면충돌,신호위반,건조,맑음,교차로 - 교차로안,승용,남,33세,상해없음,승용,남,53세,경상
2020042200100108,2020년 4월 22일 08시,수요일,전라북도 전주시 덕진구 우아동2가,경상사고,0,0,1,0,차대차 - 추돌,안전운전불이행,건조,맑음,단일로 - 기타,승용,남,61세,상해없음,승용,남,29세,경상
2020042200100109,2020년 4월 22일 08시,수요일,전라북도 전주시 덕진구 여의동,중상사고,0,1,0,0,차대차 - 측면충돌,안전운전불이행,건조,맑음,교차로 - 교차로부근,화물,남,42세,상해없음,자전거,남,66세,중상
2020042200100133,2020년 4월 22일 09시,수요일,전라북도 완주군 봉동읍,중상사고,0,1,0,0,차대차 - 기타,신호위반,건조,맑음,교차로 - 교차로안,승용,남,72세,상해없음,이륜,남,77세,중상
2020042200100185,2020년 4월 22일 11시,수요일,전라북도 부안군 변산면,중상사고,0,1,0,0,차대차 - 측면충돌,차로위반,건조,맑음,교차로 - 교차로부근,원동기,남,86세,중상,승용,남,71세,상해없음
2020042200100219,2020년 4월 22일 12시,수요일,전라북도 군산시 문화동,경상사고,0,0,1,0,차대차 - 기타,안전운전불이행,건조,맑음,교차로 - 교차로안,승용,남,64세,상해없음,이륜,남,32세,경상
2020042200100220,2020년 4월 22일 12시,수요일,전라북도 익산시 영등동,경상사고,0,0,1,0,차대차 - 측면충돌,안전운전불이행,건조,맑음,교차로 - 교차로안,승용,남,64세,상해없음,이륜,남,37세,경상
2020042200100304,2020년 4월 22일 15시,수요일,전라북도 순창군 인계면,부상신고사고,0,0,0,1,차량단독 - 기타,안전운전불이행,건조,흐림,단일로 - 기타,화물,남,43세,부상신고,,,,
2020042200100339,2020년 4월 22일 16시,수요일,전라북도 전주시 완산구 중화산동2가,경상사고,0,0,1,0,차대차 - 측면충돌,안전운전불이행,건조,맑음,기타 - 기타,승용,남,66세,상해없음,자전거,남,13세,경상
2020042200100340,2020년 4월 22일 16시,수요일,전라북도 부안군 동진면,중상사고,0,1,1,0,차대차 - 측면충돌,안전운전불이행,건조,맑음,교차로 - 교차로안,화물,남,60세,경상,화물,남,71세,중상
2020042200100492,2020년 4월 22일 21시,수요일,전라북도 정읍시 상동,경상사고,0,0,1,0,차대차 - 측면충돌,안전운전불이행,건조,맑음,교차로 - 교차로부근,승용,남,66세,상해없음,이륜,남,30세,경상
2020042300100005,2020년 4월 23일 00시,목요일,전라북도 전주시 완산구 효자동3가,경상사고,0,0,1,0,차대차 - 추돌,안전운전불이행,건조,맑음,교차로 - 교차로안,승용,남,59세,상해없음,이륜,남,36세,경상
2020042300100018,2020년 4월 23일 01시,목요일,전라북도 전주시 완산구 중화산동2가,중상사고,0,1,1,0,차대차 - 정면충돌,신호위반,건조,맑음,교차로 - 교차로안,승용,남,26세,경상,승용,여,26세,중상
2020042300100104,2020년 4월 23일 08시,목요일,전라북도 군산시 조촌동,중상사고,0,1,1,0,차대차 - 측면충돌,신호위반,건조,맑음,교차로 - 교차로안,승용,남,77세,상해없음,승용,남,25세,경상
2020042300100140,2020년 4월 23일 09시,목요일,전라북도 고창군 상하면,사망사고,1,0,0,0,차대사람 - 차도통행중,안전운전불이행,건조,맑음,교차로 - 교차로안,화물,남,44세,상해없음,보행자,여,83세,사망
2020042300100187,2020년 4월 23일 11시,목요일,전라북도 군산시 나운동,경상사고,0,0,3,0,차대차 - 추돌,안전운전불이행,건조,맑음,단일로 - 지하차도(도로)내,승용,남,71세,경상,승용,여,50세,경상
2020042300100188,2020년 4월 23일 11시,목요일,전라북도 익산시 황등면,중상사고,0,1,0,0,차대차 - 기타,안전운전불이행,건조,맑음,교차로 - 교차로안,건설기계,남,58세,상해없음,자전거,남,84세,중상
2020042300100189,2020년 4월 23일 11시,목요일,전라북도 정읍시 수성동,경상사고,0,0,2,0,차대차 - 측면충돌,신호위반,건조,맑음,교차로 - 교차로안,승용,여,64세,상해없음,승용,남,73세,경상
2020042300100235,2020년 4월 23일 13시,목요일,전라북도 남원시 사매면,경상사고,0,0,2,0,차대차 - 측면충돌,안전운전불이행,건조,맑음,단일로 - 기타,화물,남,56세,상해없음,화물,여,61세,경상
2020042300100253,2020년 4월 23일 14시,목요일,전라북도 전주시 완산구 중화산동1가,경상사고,0,0,1,0,차대차 - 추돌,안전운전불이행,건조,맑음,교차로 - 교차로부근,승용,남,70세,상해없음,승용,여,34세,경상
2020042300100291,2020년 4월 23일 15시,목요일,전라북도 군산시 대명동,경상사고,0,0,1,0,차량단독 - 공작물충돌,기타,건조,맑음,단일로 - 지하차도(도로)내,승용,남,72세,상해없음,,,,
2020042300100324,2020년 4월 23일 16시,목요일,전라북도 전주시 덕진구 덕진동1가,경상사고,0,0,1,0,차대사람 - 길가장자리구역통행중,안전운전불이행,건조,맑음,단일로 - 기타,승용,남,64세,기타불명,보행자,여,19세,경상
2020042300100367,2020년 4월 23일 17시,목요일,전라북도 전주시 덕진구 송천동2가,경상사고,0,0,1,0,차대차 - 측면충돌,신호위반,건조,맑음,교차로 - 교차로안,승용,여,61세,상해없음,승용,남,69세,경상
2020042300100418,2020년 4월 23일 18시,목요일,전라북도 정읍시 소성면,경상사고,0,0,1,0,차대차 - 측면충돌,중앙선침범,건조,맑음,교차로 - 교차로횡단보도내,이륜,여,62세,경상,승용,여,22세,상해없음
2020042400100010,2020년 4월 24일 00시,금요일,전라북도 군산시 미장동,경상사고,0,0,1,0,차대차 - 측면충돌,직진우회전진행방해,건조,맑음,교차로 - 교차로안,승용,여,20세,상해없음,승용,남,66세,경상
2020042400100031,2020년 4월 24일 01시,금요일,전라북도 정읍시 내장동,경상사고,0,0,1,0,차량단독 - 공작물충돌,안전운전불이행,건조,맑음,단일로 - 지하차도(도로)내,승용,남,34세,경상,,,,
2020042400100109,2020년 4월 24일 08시,금요일,전라북도 김제시 신풍동,경상사고,0,0,1,0,차대사람 - 차도통행중,안전운전불이행,건조,맑음,단일로 - 기타,승용,여,48세,기타불명,보행자,남,6세,경상
2020042400100141,2020년 4월 24일 09시,금요일,전라북도 전주시 덕진구 인후동1가,경상사고,0,0,1,0,차대차 - 측면충돌,안전운전불이행,건조,맑음,교차로 - 교차로부근,승용,남,62세,상해없음,승용,여,51세,경상
2020042400100168,2020년 4월 24일 10시,금요일,전라북도 전주시 덕진구 인후동2가,중상사고,0,1,0,0,차대사람 - 보도통행중,기타,건조,맑음,기타 - 기타,승용,남,80세,상해없음,보행자,여,88세,중상
2020042400100211,2020년 4월 24일 11시,금요일,전라북도 군산시 지곡동,경상사고,0,0,1,0,차대사람 - 횡단중,보행자보호의무위반,건조,맑음,교차로 - 교차로횡단보도내,승용,여,41세,상해없음,보행자,남,8세,경상
2020042400100244,2020년 4월 24일 12시,금요일,전라북도 전주시 완산구 풍남동3가,경상사고,0,0,2,0,차대차 - 기타,안전거리미확보,건조,맑음,교차로 - 교차로안,승용,기타불명,미분류,기타불명,승용,여,34세,경상
2020042400100307,2020년 4월 24일 14시,금요일,전라북도 전주시 완산구 효자동1가,경상사고,0,0,2,0,차대차 - 추돌,안전운전불이행,건조,맑음,단일로 - 기타,승용,남,39세,상해없음,승용,여,33세,경상
2020042400100308,2020년 4월 24일 14시,금요일,전라북도 전주시 덕진구 용정동,중상사고,0,2,0,0,차대차 - 추돌,안전거리미확보,건조,맑음,단일로 - 기타,화물,남,50세,상해없음,승용,남,33세,중상
2020042400100495,2020년 4월 24일 18시,금요일,전라북도 완주군 용진읍,중상사고,0,1,0,0,차대사람 - 기타,기타,건조,맑음,기타 - 기타,승용,여,52세,상해없음,보행자,여,75세,중상
2020042400100528,2020년 4월 24일 19시,금요일,전라북도 군산시 수송동,경상사고,0,0,3,0,차대차 - 측면충돌,차로위반,건조,맑음,단일로 - 지하차도(도로)내,승용,남,59세,상해없음,승용,남,54세,경상
2020042400100638,2020년 4월 24일 23시,금요일,전라북도 전주시 덕진구 금암동,중상사고,0,1,0,0,차대차 - 측면충돌,안전운전불이행,건조,맑음,교차로 - 교차로부근,승용,남,52세,상해없음,이륜,남,17세,중상
2020042400100639,2020년 4월 24일 23시,금요일,전라북도 익산시 신동,경상사고,0,0,1,0,차대사람 - 횡단중,보행자보호의무위반,건조,맑음,교차로 - 교차로안,승용,남,23세,상해없음,보행자,여,22세,경상
2020042500100052,2020년 4월 25일 03시,토요일,전라북도 군산시 오식도동,경상사고,0,0,1,0,차대차 - 추돌,기타,건조,맑음,단일로 - 지하차도(도로)내,화물,남,61세,기타불명,화물,남,42세,경상
2020042500100079,2020년 4월 25일 06시,토요일,전라북도 정읍시 시기동,중상사고,0,1,0,0,차대차 - 측면충돌,신호위반,건조,맑음,교차로 - 교차로안,승합,남,49세,상해없음,화물,남,67세,중상
2020042500100080,2020년 4월 25일 06시,토요일,전라북도 완주군 용진읍,경상사고,0,0,1,0,차대차 - 측면충돌,안전운전불이행,건조,맑음,교차로 - 교차로부근,화물,남,62세,상해없음,화물,남,65세,경상
2020042500100111,2020년 4월 25일 08시,토요일,전라북도 군산시 소룡동,사망사고,1,0,1,0,차대차 - 측면충돌,차로위반,건조,맑음,단일로 - 기타,승용,남,67세,사망,승용,남,70세,경상
2020042500100141,2020년 4월 25일 09시,토요일,전라북도 전주시 완산구 삼천동1가,경상사고,0,0,1,0,차대차 - 측면충돌,안전운전불이행,건조,맑음,교차로 - 교차로안,승용,남,45세,상해없음,승용,여,40세,경상
2020042500100142,2020년 4월 25일 09시,토요일,전라북도 정읍시 연지동,경상사고,0,0,1,0,차대차 - 측면충돌,안전거리미확보,건조,맑음,교차로 - 교차로부근,승용,남,64세,상해없음,승용,남,55세,경상