사고번호,사고일시,요일,시군구,사고내용,사망자수,중상자수,경상자수,부상신고자수,사고유형,법규위반,노면상태,기상상태,도로형태,가해운전자 차종,가해운전자 성별,가해운전자 연령,가해운전자 상해정도,피해운전자 차종,피해운전자 성별,피해운전자 연령,피해운전자 상해정도
2020042500100170,2020년 4월 25일 10시,토요일,전라북도 순창군 풍산면,중상사고,0,1,0,0,차대사람 - 기타,안전운전불이행,건조,맑음,단일로 - 기타,승용,여,60세,상해없음,보행자,남,33세,중상
2020042500100192,2020년 4월 25일 11시,토요일,전라북도 전주시 덕진구 덕진동1가,경상사고,0,0,1,0,차대차 - 측면충돌,안전운전불이행,건조,맑음,교차로 - 교차로안,승용,남,48세,상해없음,자전거,여,19세,경상
2020042500100193,2020년 4월 25일 11시,토요일,전라북도 김제시 순동,경상사고,0,0,1,0,차대차 - 측면충돌,중앙선침범,건조,맑음,교차로 - 교차로부근,승용,남,67세,상해없음,승용,여,49세,경상
2020042500100230,2020년 4월 25일 12시,토요일,전라북도 전주시 완산구 서신동,경상사고,0,0,4,0,차대차 - 측면충돌,신호위반,건조,맑음,교차로 - 교차로안,승용,여,57세,상해없음,승용,남,29세,경상
2020042500100231,2020년 4월 25일 12시,토요일,전라북도 전주시 완산구 효자동3가,경상사고,0,0,1,0,차대차 - 측면충돌,안전운전불이행,건조,맑음,단일로 - 기타,승용,남,74세,상해없음,승용,남,53세,경상
2020042500100232,2020년 4월 25일 12시,토요일,전라북도 전주시 덕진구 팔복동3가,경상사고,0,0,2,0,차대차 - 추돌,안전운전불이행,건조,맑음,단일로 - 기타,화물,남,42세,상해없음,승용,남,26세,경상
2020042500100366,2020년 4월 25일 16시,토요일,전라북도 군산시 수송동,경상사고,0,0,1,2,차대차 - 추돌,안전거리미확보,건조,맑음,교차로 - 교차로부근,승용,남,68세,상해없음,승용,여,31세,경상
2020042500100367,2020년 4월 25일 16시,토요일,전라북도 익산시 마동,경상사고,0,0,1,0,차대차 - 측면충돌,중앙선침범,건조,맑음,교차로 - 교차로부근,승용,남,30세,상해없음,승용,남,58세,경상
2020042500100368,2020년 4월 25일 16시,토요일,전라북도 고창군 고창읍,중상사고,0,1,0,0,차대사람 - 기타,안전운전불이행,건조,맑음,교차로 - 교차로안,화물,남,60세,상해없음,보행자,여,81세,중상
2020042500100369,2020년 4월 25일 16시,토요일,전라북도 무주군 무주읍,중상사고,0,1,0,0,차대차 - 측면충돌,안전운전불이행,건조,맑음,단일로 - 지하차도(도로)내,승용,남,34세,상해없음,승용,여,41세,중상
2020042500100401,2020년 4월 25일 17시,토요일,전라북도 순창군 복흥면,중상사고,0,3,1,1,차대차 - 측면충돌,직진우회전진행방해,건조,맑음,교차로 - 교차로안,화물,남,56세,상해없음,승합,남,63세,부상신고
2020042600100129,2020년 4월 26일 10시,일요일,전라북도 군산시 옥서면,중상사고,0,1,0,0,차대차 - 측면충돌,안전운전불이행,건조,맑음,교차로 - 교차로안,승용,남,73세,상해없음,자전거,남,60세,중상
2020042600100157,2020년 4월 26일 11시,일요일,전라북도 익산시 덕기동,중상사고,0,2,1,0,차대차 - 측면충돌,기타,건조,맑음,교차로 - 교차로안,승용,여,59세,경상,승용,여,63세,중상
2020042600100158,2020년 4월 26일 11시,일요일,전라북도 정읍시 산외면,중상사고,0,3,3,0,차대차 - 측면충돌,안전거리미확보,건조,맑음,단일로 - 기타,승용,남,73세,상해없음,승합,남,32세,경상
2020042600100193,2020년 4월 26일 13시,일요일,전라북도 군산시 대야면,경상사고,0,0,2,0,차대차 - 기타,중앙선침범,건조,맑음,단일로 - 기타,화물,남,75세,상해없음,승용,남,40세,경상
2020042600100194,2020년 4월 26일 13시,일요일,전라북도 익산시 영등동,경상사고,0,0,1,0,차대차 - 측면충돌,직진우회전진행방해,건조,맑음,교차로 - 교차로안,이륜,남,34세,경상,승용,남,23세,상해없음
2020042600100251,2020년 4월 26일 15시,일요일,전라북도 전주시 완산구 동서학동,중상사고,0,1,2,0,차대차 - 기타,안전운전불이행,건조,맑음,교차로 - 교차로안,기타불명,기타불명,미분류,기타불명,사륜오토바이(ATV),여,43세,경상
2020042600100252,2020년 4월 26일 15시,일요일,전라북도 군산시 나운동,경상사고,0,0,1,0,차대사람 - 기타,안전운전불이행,건조,맑음,단일로 - 기타,승용,여,46세,상해없음,보행자,여,70세,경상
2020042600100253,2020년 4월 26일 15시,일요일,전라북도 군산시 나운동,중상사고,0,1,0,0,차대사람 - 보도통행중,보행자보호의무위반,건조,맑음,교차로 - 교차로횡단보도내,승용,여,56세,기타불명,보행자,남,6세,중상
2020042600100290,2020년 4월 26일 16시,일요일,전라북도 전주시 완산구 효자동3가,중상사고,0,2,0,0,차대차 - 측면충돌,중앙선침범,건조,맑음,단일로 - 기타,승용,남,28세,상해없음,승용,여,31세,중상
2020042600100403,2020년 4월 26일 20시,일요일,전라북도 전주시 완산구 중화산동2가,경상사고,0,0,3,0,차대차 - 측면충돌,교차로운행방법위반,건조,맑음,교차로 - 교차로안,승용,남,58세,상해없음,이륜,남,34세,경상
2020042600100404,2020년 4월 26일 20시,일요일,전라북도 고창군 흥덕면,경상사고,0,0,2,0,차대차 - 추돌,신호위반,건조,맑음,교차로 - 교차로부근,화물,남,38세,경상,승용,여,48세,경상
2020042600100405,2020년 4월 26일 20시,일요일,전라북도 무주군 안성면,경상사고,0,0,1,0,차대차 - 측면충돌,중앙선침범,건조,맑음,단일로 - 지하차도(도로)내,승용,남,57세,상해없음,승합,남,64세,경상
2020042600100463,2020년 4월 26일 23시,일요일,전라북도 군산시 조촌동,경상사고,0,0,1,0,차대사람 - 횡단중,안전운전불이행,건조,맑음,단일로 - 기타,승용,남,20세,상해없음,보행자,여,43세,경상
2020042600100464,2020년 4월 26일 23시,일요일,전라북도 군산시 소룡동,경상사고,0,0,1,0,차대차 - 기타,신호위반,건조,맑음,교차로 - 교차로안,승용,남,41세,상해없음,승용,남,49세,경상
2020042700100006,2020년 4월 27일 00시,월요일,전라북도 전주시 완산구 효자동2가,경상사고,0,0,1,0,차대차 - 기타,신호위반,건조,맑음,교차로 - 교차로안,개인형이동수단(PM),남,63세,경상,승용,남,71세,상해없음
2020042700100033,2020년 4월 27일 05시,월요일,전라북도 익산시 어양동,경상사고,0,0,2,0,차대차 - 측면충돌,신호위반,건조,맑음,교차로 - 교차로안,화물,남,52세,상해없음,승용,남,61세,경상
2020042700100034,2020년 4월 27일 05시,월요일,전라북도 장수군 계남면,경상사고,0,0,1,0,차량단독 - 전도전복 - 전도,안전운전불이행,건조,맑음,단일로 - 기타,승용,여,40세,경상,,,,
2020042700100041,2020년 4월 27일 06시,월요일,전라북도 익산시 함라면,중상사고,0,1,1,0,차대차 - 측면충돌,신호위반,건조,맑음,교차로 - 교차로안,승용,여,22세,상해없음,승합,남,39세,상해없음
2020042700100059,2020년 4월 27일 07시,월요일,전라북도 부안군 행안면,경상사고,0,0,1,0,차량단독 - 도로외이탈 - 추락,안전운전불이행,건조,맑음,단일로 - 기타,승용,여,69세,경상,,,,
2020042700100060,2020년 4월 27일 07시,월요일,전라북도 임실군 임실읍,경상사고,0,0,1,0,차대사람 - 차도통행중,안전운전불이행,건조,맑음,단일로 - 터널,화물,남,66세,상해없음,보행자,남,47세,경상
2020042700100093,2020년 4월 27일 08시,월요일,전라북도 김제시 죽산면,중상사고,0,1,0,0,차대차 - 추돌,안전운전불이행,건조,맑음,단일로 - 기타,승용,남,36세,중상,화물,남,61세,상해없음
2020042700100153,2020년 4월 27일 10시,월요일,전라북도 군산시 나운동,경상사고,0,0,1,0,차대차 - 측면충돌,안전운전불이행,건조,맑음,단일로 - 기타,승용,여,54세,상해없음,승용,남,61세,경상
2020042700100154,2020년 4월 27일 10시,월요일,전라북도 김제시 요촌동,경상사고,0,0,3,0,차대차 - 추돌,안전거리미확보,건조,맑음,교차로 - 교차로부근,승용,남,72세,상해없음,승용,남,69세,경상
2020042700100189,2020년 4월 27일 11시,월요일,전라북도 군산시 경암동,경상사고,0,0,1,0,차대차 - 추돌,안전거리미확보,건조,맑음,단일로 - 지하차도(도로)내,화물,남,44세,상해없음,승용,여,61세,상해없음
2020042700100265,2020년 4월 27일 13시,월요일,전라북도 익산시 남중동,경상사고,0,0,1,0,차대사람 - 횡단중,안전운전불이행,건조,맑음,교차로 - 교차로부근,승용,여,64세,상해없음,보행자,남,85세,경상
2020042700100335,2020년 4월 27일 15시,월요일,전라북도 군산시 나운동,중상사고,0,2,0,0,차대사람 - 횡단중,안전운전불이행,건조,맑음,교차로 - 교차로안,승용,여,39세,상해없음,보행자,여,83세,중상
2020042700100336,2020년 4월 27일 15시,월요일,전라북도 익산시 중앙동1가,경상사고,0,0,1,0,차대사람 - 횡단중,보행자보호의무위반,건조,맑음,단일로 - 기타,화물,남,61세,상해없음,보행자,여,64세,경상
2020042700100337,2020년 4월 27일 15시,월요일,전라북도 익산시 영등동,경상사고,0,0,1,0,차대차 - 측면충돌,신호위반,건조,맑음,교차로 - 교차로안,승용,남,88세,상해없음,승용,여,54세,경상
2020042700100338,2020년 4월 27일 15시,월요일,전라북도 익산시 어양동,경상사고,0,0,1,0,차대차 - 후진중충돌,안전운전불이행,건조,맑음,단일로 - 기타,승용,여,45세,상해없음,원동기,남,39세,경상
2020042700100339,2020년 4월 27일 15시,월요일,전라북도 정읍시 입암면,중상사고,0,1,0,0,차대사람 - 차도통행중,안전운전불이행,건조,맑음,단일로 - 지하차도(도로)내,이륜,남,24세,상해없음,보행자,남,28세,중상
2020042700100376,2020년 4월 27일 16시,월요일,전라북도 전주시 덕진구 금암동,경상사고,0,0,3,0,차대차 - 측면충돌,교차로운행방법위반,건조,맑음,교차로 - 교차로안,승용,여,41세,상해없음,승용,남,50세,경상
2020042700100426,2020년 4월 27일 17시,월요일,전라북도 군산시 수송동,경상사고,0,0,2,0,차대차 - 측면충돌,신호위반,건조,맑음,교차로 - 교차로안,승용,남,58세,상해없음,승용,남,67세,경상
2020042700100427,2020년 4월 27일 17시,월요일,전라북도 순창군 풍산면,경상사고,0,0,2,0,차대차 - 측면충돌,교차로운행방법위반,건조,맑음,교차로 - 교차로안,승용,여,44세,경상,화물,남,50세,경상
2020042700100463,2020년 4월 27일 18시,월요일,전라북도 군산시 동흥남동,중상사고,0,1,0,0,차대사람 - 횡단중,안전운전불이행,건조,맑음,교차로 - 교차로횡단보도내,승용,남,44세,상해없음,보행자,남,62세,중상
2020042700100508,2020년 4월 27일 19시,월요일,전라북도 전주시 덕진구 금암동,경상사고,0,0,5,0,차대차 - 측면충돌,교차로운행방법위반,건조,맑음,교차로 - 교차로안,승용,남,61세,상해없음,승용,남,21세,경상
2020042700100571,2020년 4월 27일 21시,월요일,전라북도 정읍시 농소동,경상사고,0,0,1,0,차대사람 - 횡단중,보행자보호의무위반,건조,맑음,교차로 - 교차로안,승용,남,66세,상해없음,보행자,여,20세,경상
2020042700100572,2020년 4월 27일 21시,월요일,전라북도 완주군 봉동읍,경상사고,0,0,1,0,차대사람 - 기타,안전운전불이행,건조,맑음,기타 - 기타,승용,남,30세,상해없음,보행자,남,53세,경상
2020042700100573,2020년 4월 27일 21시,월요일,전라북도 완주군 용진읍,경상사고,0,0,1,0,차대차 - 측면충돌,안전운전불이행,건조,맑음,교차로 - 교차로부근,화물,남,64세,상해없음,승용,여,59세,경상
2020042700100617,2020년 4월 27일 23시,월요일,전라북도 전주시 덕진구 인후동2가,중상사고,0,1,0,0,차대차 - 측면충돌,교차로운행방법위반,건조,맑음,교차로 - 교차로안,승용,여,45세,상해없음,원동기,남,30세,중상
2020042800100024,2020년 4월 28일 02시,화요일,전라북도 전주시 덕진구 여의동,경상사고,0,0,2,0,차대차 - 추돌,안전운전불이행,건조,맑음,교차로 - 교차로부근,승용,여,47세,상해없음,승용,남,57세,경상
2020042800100071,2020년 4월 28일 07시,화요일,전라북도 익산시 영등동,중상사고,0,2,0,0,차대차 - 측면충돌,신호위반,건조,맑음,교차로 - 교차로안,승용,여,60세,중상,승용,여,28세,중상
2020042800100174,2020년 4월 28일 10시,화요일,전라북도 전주시 덕진구 반월동,중상사고,0,1,0,0,차대사람 - 횡단중,안전운전불이행,건조,맑음,단일로 - 기타,승용,남,34세,상해없음,보행자,여,77세,중상
2020042800100175,2020년 4월 28일 10시,화요일,전라북도 김제시 교동,경상사고,0,0,1,0,차대차 - 측면충돌,중앙선침범,건조,맑음,교차로 - 교차로부근,화물,남,56세,상해없음,승용,남,49세,경상
2020042800100176,2020년 4월 28일 10시,화요일,전라북도 고창군 고창읍,중상사고,0,2,0,0,차대차 - 측면충돌,직진우회전진행방해,건조,맑음,교차로 - 교차로안,화물,남,54세,상해없음,원동기,남,64세,중상
2020042800100211,2020년 4월 28일 11시,화요일,전라북도 전주시 완산구 효자동3가,경상사고,0,0,1,0,차대차 - 추돌,안전운전불이행,건조,맑음,단일로 - 기타,승용,남,33세,상해없음,승용,남,39세,경상
2020042800100212,2020년 4월 28일 11시,화요일,전라북도 전주시 덕진구 금암동,경상사고,0,0,1,0,차대차 - 측면충돌,신호위반,건조,맑음,교차로 - 교차로안,승용,여,46세,상해없음,승용,남,50세,경상
2020042800100272,2020년 4월 28일 13시,화요일,전라북도 정읍시 덕천면,중상사고,0,1,0,0,차대사람 - 차도통행중,안전운전불이행,건조,맑음,단일로 - 지하차도(도로)내,화물,남,54세,기타불명,보행자,남,6세,중상
2020042800100367,2020년 4월 28일 15시,화요일,전라북도 전주시 완산구 삼천동1가,중상사고,0,1,0,0,차대사람 - 횡단중,안전운전불이행,건조,맑음,단일로 - 기타,승용,여,56세,상해없음,보행자,여,10세,중상
2020042800100368,2020년 4월 28일 15시,화요일,전라북도 전주시 덕진구 진북동,경상사고,0,0,2,0,차대차 - 측면충돌,교차로운행방법위반,건조,맑음,교차로 - 교차로안,승합,남,58세,상해없음,승용,여,51세,경상
2020042800100403,2020년 4월 28일 16시,화요일,전라북도 익산시 송학동,경상사고,0,0,4,0,차대차 - 측면충돌,신호위반,건조,맑음,교차로 - 교차로안,승용,여,65세,경상,화물,남,53세,경상
2020042800100404,2020년 4월 28일 16시,화요일,전라북도 익산시 용안면,경상사고,0,0,1,0,차대차 - 측면충돌,신호위반,건조,맑음,교차로 - 교차로안,승용,남,77세,상해없음,승용,남,36세,경상
2020042800100437,2020년 4월 28일 17시,화요일,전라북도 전주시 덕진구 우아동1가,경상사고,0,0,1,0,차대사람 - 차도통행중,안전운전불이행,건조,맑음,교차로 - 교차로안,화물,남,57세,상해없음,보행자,여,20세,경상
2020042800100489,2020년 4월 28일 18시,화요일,전라북도 익산시 영등동,중상사고,0,1,0,0,차대사람 - 횡단중,안전운전불이행,건조,맑음,단일로 - 기타,원동기,남,34세,상해없음,보행자,여,79세,중상
2020042800100612,2020년 4월 28일 22시,화요일,전라북도 부안군 위도면,중상사고,0,1,0,0,차대차 - 추돌,안전운전불이행,건조,맑음,단일로 - 기타,원동기,남,45세,중상,농기계,남,81세,상해없음
2020042900100008,2020년 4월 29일 00시,수요일,전라북도 완주군 용진읍,경상사고,0,0,1,0,차대차 - 기타,안전운전불이행,건조,맑음,단일로 - 기타,화물,남,53세,상해없음,승용,남,43세,경상
2020042900100123,2020년 4월 29일 09시,수요일,전라북도 전주시 완산구 평화동1가,경상사고,0,0,2,0,차대차 - 측면충돌,직진우회전진행방해,건조,맑음,교차로 - 교차로안,승용,남,48세,상해없음,이륜,남,50세,경상
2020042900100189,2020년 4월 29일 11시,수요일,전라북도 익산시 함열읍,중상사고,0,1,1,0,차대차 - 측면충돌,직진우회전진행방해,건조,맑음,교차로 - 교차로안,승용,남,77세,상해없음,이륜,남,51세,경상
2020042900100231,2020년 4월 29일 12시,수요일,전라북도 전주시 완산구 효자동1가,경상사고,0,0,4,0,차대차 - 측면충돌,중앙선침범,건조,맑음,단일로 - 기타,승용,남,44세,상해없음,화물,남,44세,경상
2020042900100296,2020년 4월 29일 14시,수요일,전라북도 정읍시 하북동,경상사고,0,0,2,0,차대차 - 정면충돌,안전운전불이행,건조,맑음,교차로 - 교차로안,화물,남,72세,상해없음,승용,남,47세,경상
2020042900100337,2020년 4월 29일 15시,수요일,전라북도 군산시 미룡동,경상사고,0,0,1,0,차대차 - 기타,신호위반,건조,맑음,교차로 - 교차로안,화물,남,50세,상해없음,승용,남,31세,경상
2020042900100338,2020년 4월 29일 15시,수요일,전라북도 군산시 경암동,경상사고,0,0,1,0,차대차 - 기타,안전운전불이행,건조,맑음,단일로 - 기타,화물,남,62세,상해없음,승용,여,30세,경상
2020042900100388,2020년 4월 29일 16시,수요일,전라북도 전주시 덕진구 인후동1가,경상사고,0,0,1,0,차대차 - 측면충돌,신호위반,건조,맑음,교차로 - 교차로안,화물,남,46세,상해없음,승용,여,42세,경상
2020042900100389,2020년 4월 29일 16시,수요일,전라북도 익산시 낭산면,부상신고사고,0,0,0,1,차대차 - 측면충돌,안전운전불이행,건조,맑음,단일로 - 기타,화물,남,75세,부상신고,화물,남,53세,상해없음
2020042900100437,2020년 4월 29일 17시,수요일,전라북도 전주시 덕진구 인후동1가,경상사고,0,0,1,0,차대사람 - 기타,기타,건조,맑음,단일로 - 기타,승용,남,45세,상해없음,보행자,여,55세,경상
2020042900100438,2020년 4월 29일 17시,수요일,전라북도 군산시 나운동,중상사고,0,1,0,0,차대사람 - 횡단중,보행자보호의무위반,건조,맑음,교차로 - 교차로횡단보도내,승용,여,60세,상해없음,보행자,여,55세,중상
2020042900100489,2020년 4월 29일 18시,수요일,전라북도 익산시 어양동,경상사고,0,0,1,0,차대사람 - 횡단중,보행자보호의무위반,건조,맑음,교차로 - 교차로횡단보도내,승용,남,40세,상해없음,보행자,남,36세,경상
2020042900100536,2020년 4월 29일 19시,수요일,전라북도 남원시 월락동,중상사고,0,1,0,0,차대사람 - 횡단중,보행자보호의무위반,건조,맑음,교차로 - 교차로횡단보도내,승용,남,35세,상해없음,보행자,여,46세,중상
2020042900100537,2020년 4월 29일 19시,수요일,전라북도 고창군 고창읍,사망사고,1,0,0,0,차대사람 - 횡단중,안전운전불이행,건조,맑음,기타 - 기타,승용,남,56세,상해없음,보행자,남,56세,사망
2020042900100538,2020년 4월 29일 19시,수요일,전라북도 부안군 변산면,사망사고,1,0,0,0,차대차 - 추돌,안전운전불이행,건조,맑음,교차로 - 교차로부근,화물,남,57세,상해없음,자전거,남,54세,사망
2020042900100585,2020년 4월 29일 20시,수요일,전라북도 남원시 향교동,중상사고,0,1,0,0,차대사람 - 횡단중,보행자보호의무위반,건조,맑음,교차로 - 교차로횡단보도내,승용,남,55세,상해없음,보행자,남,54세,중상
2020042900100586,2020년 4월 29일 20시,수요일,전라북도 고창군 신림면,중상사고,0,1,0,0,차량단독 - 전도전복 - 전도,안전운전불이행,건조,맑음,기타 - 기타,원동기,남,66세,중상,,,,
2020042900100651,2020년 4월 29일 22시,수요일,전라북도 고창군 신림면,경상사고,0,0,4,0,차대차 - 추돌,안전운전불이행,건조,맑음,단일로 - 기타,승용,남,37세,상해없음,승용,남,26세,경상
2020042900100684,2020년 4월 29일 23시,수요일,전라북도 전주시 덕진구 우아동1가,경상사고,0,0,2,0,차대차 - 추돌,안전운전불이행,건조,맑음,교차로 - 교차로부근,승용,남,76세,상해없음,화물,남,37세,경상
2020043000100021,2020년 4월 30일 01시,목요일,전라북도 전주시 덕진구 인후동1가,경상사고,0,0,1,0,차대차 - 측면충돌,안전거리미확보,건조,맑음,단일로 - 기타,승용,남,61세,상해없음,이륜,남,23세,경상
2020043000100022,2020년 4월 30일 01시,목요일,전라북도 전주시 완산구 상림동,경상사고,0,0,1,0,차대차 - 추돌,안전운전불이행,건조,맑음,교차로 - 교차로부근,승용,남,26세,상해없음,승합,남,53세,경상
2020043000100061,2020년 4월 30일 04시,목요일,전라북도 군산시 옥구읍,경상사고,0,0,1,0,차량단독 - 공작물충돌,안전운전불이행,건조,맑음,단일로 - 기타,승용,여,47세,경상,,,,
2020043000100121,2020년 4월 30일 08시,목요일,전라북도 임실군 관촌면,경상사고,0,0,1,0,차대차 - 측면충돌,기타,건조,맑음,교차로 - 교차로안,승용,남,69세,상해없음,승용,여,59세,경상
2020043000100122,2020년 4월 30일 08시,목요일,전라북도 임실군 오수면,중상사고,0,2,0,0,차대차 - 측면충돌,신호위반,건조,맑음,교차로 - 교차로안,화물,남,65세,상해없음,화물,남,74세,중상
2020043000100157,2020년 4월 30일 10시,목요일,전라북도 정읍시 덕천면,중상사고,0,1,0,0,차대차 - 기타,안전운전불이행,건조,맑음,단일로 - 기타,화물,남,27세,상해없음,자전거,남,15세,중상
2020043000100158,2020년 4월 30일 10시,목요일,전라북도 남원시 고죽동,경상사고,0,0,1,0,차대차 - 측면충돌,안전운전불이행,건조,맑음,교차로 - 교차로안,승용,여,66세,상해없음,승용,여,29세,경상
2020043000100159,2020년 4월 30일 10시,목요일,전라북도 고창군 고창읍,경상사고,0,0,1,0,차대차 - 측면충돌,직진우회전진행방해,건조,맑음,교차로 - 교차로안,승합,남,46세,상해없음,이륜,남,69세,경상
2020043000100227,2020년 4월 30일 12시,목요일,전라북도 군산시 옥도면,중상사고,0,3,2,0,차대차 - 기타,안전운전불이행,건조,맑음,교차로 - 교차로안,승용,남,42세,상해없음,승용,남,42세,중상
2020043000100228,2020년 4월 30일 12시,목요일,전라북도 남원시 노암동,경상사고,0,0,1,0,차대차 - 후진중충돌,안전운전불이행,건조,맑음,단일로 - 기타,승용,여,56세,상해없음,승용,남,40세,경상
2020043000100229,2020년 4월 30일 12시,목요일,전라북도 진안군 부귀면,경상사고,0,0,1,0,차대차 - 측면충돌,직진우회전진행방해,건조,맑음,교차로 - 교차로안,원동기,남,83세,경상,승용,여,59세,상해없음
2020043000100272,2020년 4월 30일 13시,목요일,전라북도 정읍시 태인면,경상사고,0,0,1,0,차대사람 - 보도통행중,안전운전불이행,건조,맑음,주차장 - 주차장,이륜,남,68세,상해없음,보행자,남,48세,경상
2020043000100273,2020년 4월 30일 13시,목요일,전라북도 남원시 금지면,경상사고,0,0,1,0,차대차 - 추돌,안전운전불이행,건조,맑음,단일로 - 기타,화물,남,59세,상해없음,화물,남,58세,상해없음
2020043000100315,2020년 4월 30일 14시,목요일,전라북도 군산시 오식도동,경상사고,0,0,1,0,차대차 - 기타,신호위반,건조,맑음,교차로 - 교차로안,이륜,남,46세,상해없음,승용,남,33세,경상
2020043000100316,2020년 4월 30일 14시,목요일,전라북도 익산시 송학동,경상사고,0,0,1,0,차대차 - 측면충돌,신호위반,건조,맑음,교차로 - 교차로안,승용,남,64세,상해없음,승용,남,49세,경상
2020043000100353,2020년 4월 30일 15시,목요일,전라북도 전주시 덕진구 여의동,경상사고,0,0,1,0,차대차 - 측면충돌,교차로운행방법위반,건조,맑음,교차로 - 교차로안,승용,남,51세,상해없음,화물,남,29세,경상
2020043000100354,2020년 4월 30일 15시,목요일,전라북도 군산시 나운동,경상사고,0,0,2,0,차대차 - 기타,직진우회전진행방해,건조,맑음,교차로 - 교차로안,승용,남,30세,기타불명,승용,여,50세,경상
2020043000100355,2020년 4월 30일 15시,목요일,전라북도 남원시 동충동,중상사고,0,1,0,0,차대차 - 측면충돌,안전운전불이행,건조,맑음,교차로 - 교차로안,이륜,남,87세,중상,승용,남,49세,상해없음
2020043000100398,2020년 4월 30일 16시,목요일,전라북도 군산시 미장동,경상사고,0,0,1,0,차대차 - 기타,안전운전불이행,건조,맑음,교차로 - 교차로안,승용,여,62세,상해없음,승용,남,52세,경상
2020043000100555,2020년 4월 30일 21시,목요일,전라북도 무주군 무주읍,중상사고,0,1,0,0,차대사람 - 보도통행중,기타,건조,맑음,단일로 - 지하차도(도로)내,특수,남,29세,상해없음,보행자,여,62세,중상
2020043000100597,2020년 4월 30일 23시,목요일,전라북도 전주시 완산구 중화산동2가,경상사고,0,0,3,0,차대차 - 측면충돌,안전거리미확보,건조,맑음,단일로 - 기타,승용,남,60세,상해없음,승용,남,24세,경상
2020050100100073,2020년 5월 1일 08시,금요일,전라북도 익산시 모현동2가,경상사고,0,0,1,0,차대차 - 측면충돌,안전운전불이행,건조,맑음,교차로 - 교차로안,승용,여,61세,상해없음,화물,남,59세,경상
2020050100100099,2020년 5월 1일 09시,금요일,전라북도 정읍시 태인면,중상사고,0,1,0,0,차대차 - 측면충돌,교차로운행방법위반,건조,맑음,교차로 - 교차로안,이륜,남,81세,중상,화물,남,57세,상해없음
2020050100100100,2020년 5월 1일 09시,금요일,전라북도 순창군 순창읍,부상신고사고,0,0,0,1,차대차 - 추돌,안전운전불이행,건조,맑음,단일로 - 기타,사륜오토바이(ATV),여,77세,부상신고,화물,남,48세,상해없음
2020050100100101,2020년 5월 1일 09시,금요일,전라북도 순창군 순창읍,부상신고사고,0,0,0,1,차대차 - 기타,안전운전불이행,건조,맑음,교차로 - 교차로횡단보도내,사륜오토바이(ATV),여,77세,부상신고,승용,남,53세,상해없음
2020050100100164,2020년 5월 1일 11시,금요일,전라북도 무주군 무주읍,경상사고,0,0,1,0,차대차 - 후진중충돌,안전운전불이행,건조,맑음,단일로 - 지하차도(도로)내,승용,남,58세,상해없음,원동기,여,63세,경상
2020050100100203,2020년 5월 1일 12시,금요일,전라북도 남원시 송동면,중상사고,0,1,3,0,차대차 - 측면충돌,안전운전불이행,건조,맑음,단일로 - 기타,승용,남,27세,상해없음,승용,남,49세,경상
2020050100100247,2020년 5월 1일 13시,금요일,전라북도 남원시 쌍교동,경상사고,0,0,4,0,차대차 - 측면충돌,중앙선침범,건조,맑음,단일로 - 기타,승용,남,69세,상해없음,승용,남,59세,경상
2020050100100285,2020년 5월 1일 14시,금요일,전라북도 김제시 검산동,중상사고,0,1,0,0,차대사람 - 횡단중,보행자보호의무위반,건조,맑음,교차로 - 교차로횡단보도내,화물,남,62세,상해없음,보행자,여,63세,중상
2020050100100365,2020년 5월 1일 16시,금요일,전라북도 전주시 덕진구 금암동,중상사고,0,1,0,0,차대차 - 측면충돌,중앙선침범,건조,맑음,교차로 - 교차로부근,승용,남,69세,상해없음,원동기,남,18세,중상
2020050100100366,2020년 5월 1일 16시,금요일,전라북도 익산시 용제동,경상사고,0,0,2,0,차대차 - 추돌,안전운전불이행,건조,맑음,교차로 - 교차로부근,승용,남,59세,상해없음,승용,남,33세,경상
2020050100100408,2020년 5월 1일 17시,금요일,전라북도 익산시 용안면,경상사고,0,0,3,0,차대차 - 측면충돌,중앙선침범,건조,맑음,단일로 - 기타,화물,남,69세,기타불명,승용,여,36세,경상
2020050100100448,2020년 5월 1일 18시,금요일,전라북도 전주시 완산구 서신동,경상사고,0,0,1,0,차대차 - 기타,안전운전불이행,건조,맑음,교차로 - 교차로안,자전거,남,60세,경상,이륜,남,29세,상해없음
2020050100100474,2020년 5월 1일 19시,금요일,전라북도 전주시 덕진구 반월동,중상사고,0,1,0,0,차대사람 - 횡단중,안전운전불이행,건조,맑음,단일로 - 기타,이륜,남,21세,상해없음,보행자,남,58세,중상
2020050100100504,2020년 5월 1일 20시,금요일,전라북도 군산시 오식도동,중상사고,0,3,1,0,차대차 - 측면충돌,신호위반,건조,맑음,교차로 - 교차로안,승용,남,46세,상해없음,승용,남,63세,상해없음
2020050100100506,2020년 5월 1일 20시,금요일,전라북도 정읍시 시기동,경상사고,0,0,1,0,차대차 - 측면충돌,불법유턴,건조,맑음,교차로 - 교차로안,승용,남,55세,상해없음,이륜,남,60세,경상
2020050100100543,2020년 5월 1일 21시,금요일,전라북도 전주시 완산구 효자동1가,경상사고,0,0,2,0,차대차 - 측면충돌,안전운전불이행,건조,맑음,단일로 - 기타,승용,남,65세,상해없음,승용,남,53세,경상
2020050100100593,2020년 5월 1일 23시,금요일,전라북도 전주시 완산구 중화산동2가,경상사고,0,0,2,0,차대차 - 기타,안전운전불이행,건조,맑음,기타 - 기타,승용,남,43세,상해없음,승용,남,60세,경상