사고번호,사고일시,요일,시군구,사고내용,사망자수,중상자수,경상자수,부상신고자수,사고유형,법규위반,노면상태,기상상태,도로형태,가해운전자 차종,가해운전자 성별,가해운전자 연령,가해운전자 상해정도,피해운전자 차종,피해운전자 성별,피해운전자 연령,피해운전자 상해정도
2020050800100371,2020년 5월 8일 16시,금요일,전라북도 무주군 무주읍,경상사고,0,0,2,0,차대차 - 측면충돌,신호위반,건조,맑음,교차로 - 교차로안,승용,남,59세,상해없음,승용,남,79세,경상
2020050800100408,2020년 5월 8일 17시,금요일,전라북도 전주시 완산구 서신동,경상사고,0,0,1,0,차대차 - 측면충돌,차로위반,건조,맑음,교차로 - 교차로안,건설기계,남,58세,상해없음,승용,남,26세,경상
2020050800100409,2020년 5월 8일 17시,금요일,전라북도 정읍시 소성면,경상사고,0,0,2,0,차대차 - 측면충돌,안전거리미확보,건조,맑음,교차로 - 교차로부근,이륜,남,64세,경상,승용,남,28세,경상
2020050800100453,2020년 5월 8일 18시,금요일,전라북도 전주시 완산구 서서학동,경상사고,0,0,3,0,차대차 - 추돌,안전운전불이행,건조,맑음,교차로 - 교차로부근,승용,남,51세,상해없음,승용,여,57세,경상
2020050800100454,2020년 5월 8일 18시,금요일,전라북도 정읍시 수성동,경상사고,0,0,1,0,차대차 - 추돌,안전운전불이행,젖음/습기,흐림,교차로 - 교차로안,화물,남,32세,상해없음,승용,여,64세,경상
2020050800100597,2020년 5월 8일 20시,금요일,전라북도 전주시 완산구 효자동1가,중상사고,0,1,0,1,차대사람 - 횡단중,보행자보호의무위반,젖음/습기,비,교차로 - 교차로횡단보도내,이륜,남,40세,부상신고,보행자,여,60세,중상
2020050800100598,2020년 5월 8일 20시,금요일,전라북도 군산시 지곡동,경상사고,0,0,1,0,차대사람 - 기타,안전운전불이행,건조,기타,주차장 - 주차장,화물,남,54세,상해없음,보행자,남,52세,경상
2020050800100599,2020년 5월 8일 20시,금요일,전라북도 정읍시 시기동,경상사고,0,0,2,0,차대차 - 측면충돌,안전운전불이행,젖음/습기,비,교차로 - 교차로안,승용,여,37세,경상,승용,여,23세,경상
2020050800100746,2020년 5월 8일 23시,금요일,전라북도 익산시 여산면,경상사고,0,0,1,0,차대차 - 추돌,안전운전불이행,건조,맑음,단일로 - 기타,승용,남,53세,상해없음,승용,남,24세,경상
2020050900100046,2020년 5월 9일 01시,토요일,전라북도 전주시 완산구 중화산동2가,경상사고,0,0,3,0,차대차 - 측면충돌,안전운전불이행,젖음/습기,비,교차로 - 교차로부근,승용,남,63세,상해없음,승용,여,57세,경상
2020050900100047,2020년 5월 9일 01시,토요일,전라북도 전주시 덕진구 금암동,경상사고,0,0,3,0,차대차 - 측면충돌,신호위반,젖음/습기,비,교차로 - 교차로안,승용,남,55세,상해없음,승용,여,59세,경상
2020050900100081,2020년 5월 9일 03시,토요일,전라북도 익산시 신동,사망사고,1,2,1,0,차대차 - 측면충돌,신호위반,젖음/습기,비,교차로 - 교차로안,승용,남,33세,중상,화물,남,43세,경상
2020050900100115,2020년 5월 9일 07시,토요일,전라북도 전주시 덕진구 우아동3가,경상사고,0,0,1,0,차대차 - 추돌,안전운전불이행,건조,맑음,교차로 - 교차로부근,승용,여,55세,상해없음,승용,남,53세,상해없음
2020050900100116,2020년 5월 9일 07시,토요일,전라북도 김제시 금구면,중상사고,0,2,0,0,차대차 - 측면충돌,신호위반,젖음/습기,비,교차로 - 교차로횡단보도내,화물,남,62세,중상,화물,남,26세,중상
2020050900100152,2020년 5월 9일 09시,토요일,전라북도 부안군 변산면,중상사고,0,1,2,0,차량단독 - 공작물충돌,안전운전불이행,젖음/습기,비,단일로 - 기타,승용,남,66세,경상,,,,
2020050900100203,2020년 5월 9일 11시,토요일,전라북도 익산시 영등동,경상사고,0,0,2,0,차대차 - 정면충돌,중앙선침범,건조,맑음,교차로 - 교차로부근,승용,남,57세,상해없음,승용,남,47세,경상
2020050900100276,2020년 5월 9일 13시,토요일,전라북도 전주시 덕진구 여의동,경상사고,0,0,1,0,차대차 - 추돌,안전운전불이행,건조,맑음,교차로 - 교차로부근,화물,남,54세,상해없음,승용,남,33세,경상
2020050900100339,2020년 5월 9일 15시,토요일,전라북도 부안군 부안읍,경상사고,0,0,3,0,차대차 - 측면충돌,교차로운행방법위반,젖음/습기,흐림,교차로 - 교차로안,승용,남,63세,상해없음,승용,남,40세,경상
2020050900100473,2020년 5월 9일 19시,토요일,전라북도 익산시 남중동,경상사고,0,0,1,0,차대사람 - 횡단중,안전운전불이행,젖음/습기,흐림,단일로 - 기타,화물,남,69세,상해없음,보행자,남,63세,경상
2020050900100542,2020년 5월 9일 21시,토요일,전라북도 군산시 경장동,경상사고,0,0,1,0,차대사람 - 횡단중,신호위반,건조,맑음,교차로 - 교차로횡단보도내,승용,남,68세,상해없음,보행자,남,44세,경상
2020051000100127,2020년 5월 10일 11시,일요일,전라북도 임실군 관촌면,중상사고,0,1,0,0,차대사람 - 횡단중,안전운전불이행,젖음/습기,흐림,교차로 - 교차로안,화물,남,81세,상해없음,보행자,여,75세,중상
2020051000100197,2020년 5월 10일 14시,일요일,전라북도 군산시 죽성동,경상사고,0,0,4,1,차대차 - 측면충돌,교차로운행방법위반,건조,흐림,교차로 - 교차로안,승용,남,60세,상해없음,승용,남,69세,경상
2020051000100252,2020년 5월 10일 16시,일요일,전라북도 군산시 임피면,경상사고,0,0,2,0,차대차 - 측면충돌,교차로운행방법위반,건조,맑음,교차로 - 교차로안,승용,남,55세,상해없음,승용,여,59세,경상
2020051000100346,2020년 5월 10일 20시,일요일,전라북도 군산시 조촌동,경상사고,0,0,4,0,차대차 - 측면충돌,안전운전불이행,건조,맑음,교차로 - 교차로부근,승용,남,25세,상해없음,승용,남,65세,기타불명
2020051000100347,2020년 5월 10일 20시,일요일,전라북도 정읍시 상동,경상사고,0,0,2,0,차대사람 - 횡단중,보행자보호의무위반,건조,맑음,교차로 - 교차로횡단보도내,승용,여,63세,상해없음,보행자,남,50세,경상
2020051000100370,2020년 5월 10일 21시,일요일,전라북도 군산시 미장동,경상사고,0,0,2,0,차대차 - 측면충돌,안전운전불이행,건조,맑음,교차로 - 교차로부근,승용,남,59세,경상,이륜,남,24세,경상
2020051100100041,2020년 5월 11일 05시,월요일,전라북도 정읍시 산외면,중상사고,0,1,0,0,차량단독 - 공작물충돌,안전운전불이행,건조,맑음,교차로 - 교차로부근,이륜,남,16세,중상,,,,
2020051100100082,2020년 5월 11일 07시,월요일,전라북도 전주시 덕진구 송천동2가,경상사고,0,0,1,0,차대차 - 정면충돌,안전운전불이행,건조,맑음,교차로 - 교차로안,화물,남,49세,상해없음,승용,남,46세,경상
2020051100100120,2020년 5월 11일 08시,월요일,전라북도 전주시 완산구 삼천동1가,중상사고,0,2,0,0,차대차 - 추돌,안전운전불이행,건조,맑음,단일로 - 기타,이륜,남,50세,상해없음,승용,여,50세,중상
2020051100100121,2020년 5월 11일 08시,월요일,전라북도 정읍시 덕천면,중상사고,0,1,3,0,차대차 - 측면충돌,직진우회전진행방해,건조,맑음,교차로 - 교차로안,승용,여,49세,경상,화물,남,73세,중상
2020051100100157,2020년 5월 11일 09시,월요일,전라북도 전주시 덕진구 중동,경상사고,0,0,2,0,차대차 - 측면충돌,중앙선침범,건조,맑음,교차로 - 교차로부근,승용,남,34세,상해없음,화물,남,55세,경상
2020051100100241,2020년 5월 11일 11시,월요일,전라북도 전주시 완산구 서신동,경상사고,0,0,1,0,차대차 - 후진중충돌,안전운전불이행,건조,맑음,단일로 - 기타,승합,남,58세,상해없음,승용,남,32세,경상
2020051100100242,2020년 5월 11일 11시,월요일,전라북도 군산시 사정동,경상사고,0,0,1,0,차대사람 - 기타,교차로운행방법위반,건조,맑음,교차로 - 교차로부근,화물,남,57세,상해없음,보행자,남,60세,경상
2020051100100243,2020년 5월 11일 11시,월요일,전라북도 군산시 소룡동,경상사고,0,0,3,0,차대차 - 추돌,안전운전불이행,건조,맑음,교차로 - 교차로부근,승용,남,39세,상해없음,승용,남,52세,경상
2020051100100283,2020년 5월 11일 12시,월요일,전라북도 정읍시 북면,경상사고,0,0,1,0,차대차 - 측면충돌,안전운전불이행,건조,맑음,교차로 - 교차로안,화물,남,47세,상해없음,이륜,남,85세,경상
2020051100100407,2020년 5월 11일 15시,월요일,전라북도 군산시 경장동,경상사고,0,0,1,0,차대차 - 기타,기타,건조,맑음,교차로 - 교차로안,승용,남,40세,상해없음,원동기,남,30세,경상
2020051100100449,2020년 5월 11일 16시,월요일,전라북도 남원시 사매면,경상사고,0,0,1,0,차대차 - 측면충돌,교차로운행방법위반,건조,맑음,교차로 - 교차로안,사륜오토바이(ATV),여,82세,경상,승용,남,58세,상해없음
2020051100100555,2020년 5월 11일 19시,월요일,전라북도 전주시 덕진구 송천동2가,경상사고,0,0,2,0,차대차 - 추돌,안전운전불이행,건조,맑음,단일로 - 기타,승용,남,46세,상해없음,화물,남,40세,상해없음
2020051100100556,2020년 5월 11일 19시,월요일,전라북도 전주시 덕진구 금암동,중상사고,0,1,0,0,차대사람 - 보도통행중,기타,건조,맑음,단일로 - 기타,승용,남,35세,상해없음,보행자,여,22세,중상
2020051100100557,2020년 5월 11일 19시,월요일,전라북도 정읍시 수성동,경상사고,0,0,1,0,차대차 - 추돌,안전운전불이행,건조,맑음,교차로 - 교차로부근,승용,여,28세,상해없음,승용,남,52세,경상
2020051100100586,2020년 5월 11일 20시,월요일,전라북도 익산시 모현동1가,중상사고,0,1,0,0,차대차 - 측면충돌,안전운전불이행,건조,맑음,교차로 - 교차로안,승용,여,44세,상해없음,자전거,남,70세,중상
2020051100100642,2020년 5월 11일 22시,월요일,전라북도 익산시 영등동,경상사고,0,0,2,0,차대사람 - 보도통행중,보행자보호의무위반,건조,맑음,교차로 - 교차로안,이륜,남,17세,상해없음,보행자,남,33세,경상
2020051200100013,2020년 5월 12일 00시,화요일,전라북도 군산시 조촌동,경상사고,0,0,1,0,차대차 - 측면충돌,안전거리미확보,건조,흐림,단일로 - 기타,승용,남,53세,상해없음,승용,남,30세,경상
2020051200100066,2020년 5월 12일 06시,화요일,전라북도 군산시 조촌동,경상사고,0,0,1,0,차대사람 - 기타,안전운전불이행,건조,맑음,단일로 - 기타,승용,여,50세,상해없음,보행자,남,62세,경상
2020051200100086,2020년 5월 12일 07시,화요일,전라북도 군산시 오식도동,경상사고,0,0,1,0,차대차 - 기타,교차로운행방법위반,건조,맑음,교차로 - 교차로안,승용,남,51세,상해없음,자전거,남,79세,경상
2020051200100130,2020년 5월 12일 08시,화요일,전라북도 전주시 완산구 서신동,중상사고,0,1,0,0,차대사람 - 횡단중,안전운전불이행,건조,맑음,교차로 - 교차로안,승용,여,68세,상해없음,보행자,남,52세,중상
2020051200100131,2020년 5월 12일 08시,화요일,전라북도 전주시 완산구 서노송동,경상사고,0,0,1,0,차대차 - 측면충돌,안전운전불이행,건조,맑음,단일로 - 기타,승용,남,54세,상해없음,승용,여,59세,경상
2020051200100188,2020년 5월 12일 10시,화요일,전라북도 남원시 향교동,중상사고,0,1,0,0,차대사람 - 횡단중,보행자보호의무위반,건조,맑음,교차로 - 교차로횡단보도내,화물,남,60세,상해없음,보행자,여,52세,중상
2020051200100189,2020년 5월 12일 10시,화요일,전라북도 남원시 동충동,중상사고,0,1,0,0,차대차 - 측면충돌,직진우회전진행방해,건조,맑음,교차로 - 교차로안,승용,남,67세,상해없음,이륜,남,42세,중상
2020051200100224,2020년 5월 12일 11시,화요일,전라북도 익산시 영등동,중상사고,0,1,0,0,차대사람 - 횡단중,안전운전불이행,건조,맑음,단일로 - 기타,화물,남,63세,상해없음,보행자,남,68세,중상
2020051200100225,2020년 5월 12일 11시,화요일,전라북도 고창군 부안면,중상사고,0,1,0,0,차대차 - 측면충돌,신호위반,건조,맑음,교차로 - 교차로안,건설기계,남,60세,상해없음,승용,남,62세,중상
2020051200100277,2020년 5월 12일 13시,화요일,전라북도 군산시 경장동,경상사고,0,0,1,0,차대차 - 측면충돌,안전운전불이행,건조,맑음,교차로 - 교차로안,승용,여,66세,상해없음,승용,남,38세,경상
2020051200100278,2020년 5월 12일 13시,화요일,전라북도 익산시 인화동1가,경상사고,0,0,2,0,차대차 - 측면충돌,직진우회전진행방해,건조,맑음,교차로 - 교차로안,승용,남,52세,경상,승용,남,61세,경상
2020051200100279,2020년 5월 12일 13시,화요일,전라북도 김제시 서암동,경상사고,0,0,3,0,차대차 - 측면충돌,차로위반,건조,맑음,단일로 - 기타,화물,남,46세,상해없음,승용,여,35세,경상
2020051200100306,2020년 5월 12일 14시,화요일,전라북도 군산시 수송동,경상사고,0,0,1,0,차대차 - 기타,신호위반,건조,맑음,교차로 - 교차로부근,승용,남,61세,상해없음,승용,여,57세,경상
2020051200100335,2020년 5월 12일 15시,화요일,전라북도 전주시 완산구 삼천동3가,경상사고,0,0,1,0,차대차 - 추돌,안전운전불이행,건조,맑음,단일로 - 기타,승용,남,58세,상해없음,승용,남,65세,경상
2020051200100336,2020년 5월 12일 15시,화요일,전라북도 익산시 왕궁면,경상사고,0,0,2,0,차대차 - 측면충돌,직진우회전진행방해,건조,맑음,교차로 - 교차로안,화물,남,55세,경상,승용,여,39세,경상
2020051200100337,2020년 5월 12일 15시,화요일,전라북도 부안군 부안읍,경상사고,0,0,3,0,차대차 - 추돌,안전운전불이행,건조,맑음,기타 - 기타,승용,여,60세,상해없음,승용,남,80세,경상
2020051200100472,2020년 5월 12일 18시,화요일,전라북도 익산시 모현동1가,경상사고,0,0,1,0,차대차 - 측면충돌,신호위반,건조,맑음,교차로 - 교차로안,승용,남,70세,상해없음,승용,남,61세,경상
2020051200100532,2020년 5월 12일 20시,화요일,전라북도 군산시 나운동,중상사고,0,1,1,0,차대차 - 측면충돌,안전운전불이행,건조,맑음,교차로 - 교차로부근,승용,여,38세,상해없음,승용,여,50세,중상
2020051200100575,2020년 5월 12일 22시,화요일,전라북도 장수군 장계면,경상사고,0,0,1,0,차대차 - 기타,안전운전불이행,건조,맑음,단일로 - 기타,화물,남,54세,상해없음,화물,남,65세,경상
2020051200100595,2020년 5월 12일 23시,화요일,전라북도 김제시 죽산면,사망사고,1,0,1,0,차대차 - 추돌,안전운전불이행,건조,맑음,단일로 - 기타,화물,남,45세,사망,화물,남,52세,경상
2020051300100008,2020년 5월 13일 00시,수요일,전라북도 전주시 덕진구 동산동,중상사고,0,1,0,0,차량단독 - 공작물충돌,안전운전불이행,건조,맑음,교차로 - 교차로부근,승용,남,26세,중상,,,,
2020051300100023,2020년 5월 13일 01시,수요일,전라북도 전주시 완산구 효자동1가,경상사고,0,0,1,0,차대사람 - 보도통행중,보행자보호의무위반,건조,맑음,교차로 - 교차로횡단보도내,승용,여,57세,상해없음,보행자,여,22세,경상
2020051300100024,2020년 5월 13일 01시,수요일,전라북도 군산시 대명동,경상사고,0,0,1,0,차대차 - 기타,안전운전불이행,건조,기타,기타 - 기타,승용,남,47세,상해없음,승용,여,54세,경상
2020051300100025,2020년 5월 13일 01시,수요일,전라북도 순창군 인계면,중상사고,0,1,2,1,차대차 - 정면충돌,중앙선침범,건조,맑음,단일로 - 기타,승용,여,72세,부상신고,승합,남,74세,경상
2020051300100092,2020년 5월 13일 07시,수요일,전라북도 전주시 완산구 서신동,중상사고,0,1,0,0,차대차 - 측면충돌,안전운전불이행,건조,맑음,교차로 - 교차로안,승합,남,62세,상해없음,승용,여,23세,중상
2020051300100093,2020년 5월 13일 07시,수요일,전라북도 전주시 완산구 서서학동,경상사고,0,0,1,0,차대차 - 측면충돌,불법유턴,건조,맑음,교차로 - 교차로부근,승용,남,82세,상해없음,승용,남,28세,경상
2020051300100094,2020년 5월 13일 07시,수요일,전라북도 군산시 사정동,중상사고,0,1,0,0,차대차 - 측면충돌,안전운전불이행,건조,맑음,단일로 - 기타,승용,남,46세,상해없음,자전거,여,63세,중상
2020051300100123,2020년 5월 13일 08시,수요일,전라북도 전주시 완산구 서노송동,경상사고,0,0,2,0,차대차 - 측면충돌,기타,건조,맑음,교차로 - 교차로안,승용,남,64세,상해없음,화물,남,53세,경상
2020051300100124,2020년 5월 13일 08시,수요일,전라북도 군산시 수송동,경상사고,0,0,1,0,차대차 - 측면충돌,안전거리미확보,건조,맑음,단일로 - 지하차도(도로)내,승용,여,46세,상해없음,승용,여,37세,경상
2020051300100125,2020년 5월 13일 08시,수요일,전라북도 장수군 계북면,중상사고,0,1,0,0,차대차 - 정면충돌,교차로운행방법위반,건조,맑음,교차로 - 교차로안,사륜오토바이(ATV),여,69세,중상,화물,남,46세,상해없음
2020051300100155,2020년 5월 13일 09시,수요일,전라북도 익산시 남중동,경상사고,0,0,1,0,차대차 - 측면충돌,안전운전불이행,건조,맑음,교차로 - 교차로안,승용,남,53세,상해없음,자전거,남,74세,경상
2020051300100228,2020년 5월 13일 11시,수요일,전라북도 군산시 나운동,중상사고,0,1,0,0,차대차 - 추돌,안전운전불이행,건조,맑음,단일로 - 지하차도(도로)내,승용,여,56세,상해없음,이륜,남,40세,중상
2020051300100261,2020년 5월 13일 12시,수요일,전라북도 정읍시 감곡면,중상사고,0,2,2,0,차대차 - 측면충돌,직진우회전진행방해,건조,맑음,교차로 - 교차로안,승용,여,61세,경상,승합,여,38세,경상
2020051300100289,2020년 5월 13일 13시,수요일,전라북도 전주시 덕진구 금암동,중상사고,0,1,0,0,차대차 - 측면충돌,불법유턴,건조,맑음,교차로 - 교차로횡단보도내,이륜,남,58세,상해없음,이륜,남,23세,중상
2020051300100290,2020년 5월 13일 13시,수요일,전라북도 전주시 덕진구 송천동2가,경상사고,0,0,1,0,차대차 - 측면충돌,안전운전불이행,건조,맑음,교차로 - 교차로안,승용,남,25세,상해없음,승용,남,32세,경상
2020051300100367,2020년 5월 13일 15시,수요일,전라북도 전주시 완산구 중화산동2가,중상사고,0,1,0,0,차대차 - 측면충돌,안전운전불이행,건조,맑음,교차로 - 교차로안,승용,남,75세,상해없음,승용,남,55세,중상
2020051300100461,2020년 5월 13일 17시,수요일,전라북도 전주시 덕진구 금암동,중상사고,0,1,0,0,차대차 - 측면충돌,교차로운행방법위반,건조,맑음,교차로 - 교차로안,승용,남,52세,상해없음,이륜,남,59세,중상
2020051300100462,2020년 5월 13일 17시,수요일,전라북도 전주시 덕진구 인후동1가,경상사고,0,0,4,0,차대차 - 측면충돌,교차로운행방법위반,건조,맑음,교차로 - 교차로안,승용,남,29세,상해없음,승용,남,35세,경상
2020051300100505,2020년 5월 13일 18시,수요일,전라북도 군산시 서수면,경상사고,0,0,2,0,차대차 - 측면충돌,신호위반,건조,맑음,교차로 - 교차로안,승용,남,23세,상해없음,승용,여,38세,경상
2020051300100506,2020년 5월 13일 18시,수요일,전라북도 정읍시 용계동,경상사고,0,0,1,0,차대차 - 측면충돌,불법유턴,건조,맑음,기타 - 기타,승용,남,31세,상해없음,승용,여,25세,경상
2020051300100507,2020년 5월 13일 18시,수요일,전라북도 순창군 동계면,부상신고사고,0,0,0,1,차대차 - 기타,안전운전불이행,건조,맑음,교차로 - 교차로부근,자전거,남,37세,부상신고,화물,남,53세,상해없음
2020051300100553,2020년 5월 13일 19시,수요일,전라북도 전주시 덕진구 진북동,경상사고,0,0,1,0,차대차 - 측면충돌,교차로운행방법위반,건조,맑음,교차로 - 교차로안,승용,여,43세,상해없음,승용,남,65세,경상
2020051300100554,2020년 5월 13일 19시,수요일,전라북도 익산시 인화동1가,중상사고,0,1,2,0,차대차 - 측면충돌,직진우회전진행방해,건조,맑음,교차로 - 교차로안,승용,여,47세,상해없음,승용,남,29세,중상
2020051400100050,2020년 5월 14일 06시,목요일,전라북도 김제시 금구면,경상사고,0,0,1,0,차대차 - 측면충돌,차로위반,건조,맑음,단일로 - 기타,건설기계,남,59세,상해없음,승용,남,44세,경상
2020051400100125,2020년 5월 14일 09시,목요일,전라북도 익산시 남중동,경상사고,0,0,1,0,차대차 - 측면충돌,교차로운행방법위반,건조,맑음,교차로 - 교차로안,승용,남,59세,상해없음,승용,여,49세,경상
2020051400100153,2020년 5월 14일 10시,목요일,전라북도 전주시 완산구 서서학동,중상사고,0,1,0,0,차대차 - 기타,신호위반,건조,맑음,교차로 - 교차로안,화물,남,37세,상해없음,이륜,남,59세,중상
2020051400100154,2020년 5월 14일 10시,목요일,전라북도 전주시 덕진구 인후동1가,경상사고,0,0,1,0,차대차 - 측면충돌,중앙선침범,건조,맑음,단일로 - 기타,승용,남,57세,상해없음,승용,여,47세,경상
2020051400100155,2020년 5월 14일 10시,목요일,전라북도 익산시 춘포면,경상사고,0,0,1,0,차대차 - 측면충돌,안전거리미확보,건조,맑음,단일로 - 기타,화물,남,39세,상해없음,승용,여,65세,경상
2020051400100195,2020년 5월 14일 11시,목요일,전라북도 군산시 나운동,경상사고,0,0,1,0,차대차 - 기타,안전운전불이행,건조,맑음,교차로 - 교차로횡단보도내,자전거,여,77세,경상,화물,남,31세,상해없음
2020051400100196,2020년 5월 14일 11시,목요일,전라북도 완주군 고산면,중상사고,0,1,0,0,차대사람 - 기타,안전운전불이행,건조,맑음,기타 - 기타,승용,남,72세,상해없음,보행자,남,67세,중상
2020051400100229,2020년 5월 14일 12시,목요일,전라북도 순창군 팔덕면,경상사고,0,0,2,1,차대차 - 측면충돌,교차로운행방법위반,건조,맑음,교차로 - 교차로안,승용,여,74세,경상,승용,여,51세,경상
2020051400100230,2020년 5월 14일 12시,목요일,전라북도 완주군 경천면,경상사고,0,0,1,0,차대사람 - 기타,안전운전불이행,건조,맑음,단일로 - 기타,승용,여,69세,상해없음,보행자,남,45세,경상
2020051400100343,2020년 5월 14일 15시,목요일,전라북도 군산시 미장동,경상사고,0,0,1,0,차대차 - 후진중충돌,안전운전불이행,건조,맑음,단일로 - 기타,승용,남,65세,상해없음,승용,남,51세,경상
2020051400100344,2020년 5월 14일 15시,목요일,전라북도 장수군 계북면,중상사고,0,1,0,0,차량단독 - 전도전복 - 전도,안전운전불이행,건조,맑음,단일로 - 기타,건설기계,남,51세,중상,,,,
2020051400100375,2020년 5월 14일 16시,목요일,전라북도 정읍시 수성동,경상사고,0,0,3,0,차대차 - 측면충돌,안전운전불이행,건조,맑음,교차로 - 교차로안,승용,남,46세,상해없음,승용,여,38세,경상
2020051400100415,2020년 5월 14일 17시,목요일,전라북도 군산시 명산동,중상사고,0,1,2,0,차대차 - 측면충돌,안전운전불이행,건조,맑음,교차로 - 교차로안,승용,남,24세,상해없음,승용,여,37세,경상
2020051400100416,2020년 5월 14일 17시,목요일,전라북도 김제시 검산동,경상사고,0,0,1,0,차대차 - 측면충돌,신호위반,건조,맑음,교차로 - 교차로안,이륜,남,70세,상해없음,승용,남,51세,경상
2020051400100417,2020년 5월 14일 17시,목요일,전라북도 남원시 산곡동,경상사고,0,0,1,0,차대차 - 추돌,안전운전불이행,건조,맑음,단일로 - 기타,화물,남,49세,상해없음,승용,여,71세,경상
2020051400100464,2020년 5월 14일 18시,목요일,전라북도 전주시 덕진구 송천동1가,경상사고,0,0,2,0,차대차 - 측면충돌,직진우회전진행방해,건조,맑음,교차로 - 교차로안,승용,남,43세,상해없음,승용,여,65세,경상
2020051400100465,2020년 5월 14일 18시,목요일,전라북도 익산시 부송동,부상신고사고,0,0,0,1,차대차 - 측면충돌,신호위반,건조,맑음,교차로 - 교차로안,원동기,남,85세,부상신고,승용,남,33세,상해없음
2020051400100543,2020년 5월 14일 20시,목요일,전라북도 익산시 신동,경상사고,0,0,1,0,차대사람 - 횡단중,안전운전불이행,건조,맑음,교차로 - 교차로안,원동기,남,22세,상해없음,보행자,남,66세,경상
2020051400100602,2020년 5월 14일 22시,목요일,전라북도 전주시 완산구 삼천동1가,중상사고,0,1,0,0,차대사람 - 길가장자리구역통행중,안전운전불이행,건조,맑음,교차로 - 교차로안,승용,남,64세,상해없음,보행자,여,60세,중상
2020051500100009,2020년 5월 15일 00시,금요일,전라북도 군산시 미장동,경상사고,0,0,1,0,차량단독 - 공작물충돌,안전운전불이행,건조,흐림,단일로 - 기타,승용,남,56세,상해없음,,,,
2020051500100010,2020년 5월 15일 00시,금요일,전라북도 김제시 신풍동,경상사고,0,0,1,0,차대사람 - 길가장자리구역통행중,안전운전불이행,건조,맑음,주차장 - 주차장,승용,남,55세,상해없음,보행자,남,43세,경상
2020051500100022,2020년 5월 15일 01시,금요일,전라북도 전주시 완산구 서노송동,경상사고,0,0,1,0,차대차 - 기타,안전운전불이행,건조,맑음,단일로 - 기타,승용,남,50세,상해없음,자전거,남,72세,경상
2020051500100083,2020년 5월 15일 07시,금요일,전라북도 군산시 대야면,사망사고,1,5,11,0,차량단독 - 도로외이탈 - 기타,안전운전불이행,젖음/습기,비,단일로 - 기타,승합,남,66세,사망,,,,
2020051500100115,2020년 5월 15일 08시,금요일,전라북도 군산시 옥서면,경상사고,0,0,1,0,차대사람 - 기타,안전운전불이행,젖음/습기,비,단일로 - 기타,화물,남,50세,상해없음,보행자,남,23세,경상
2020051500100143,2020년 5월 15일 09시,금요일,전라북도 전주시 덕진구 금암동,경상사고,0,0,1,0,차대차 - 측면충돌,안전운전불이행,젖음/습기,맑음,교차로 - 교차로부근,승용,남,89세,상해없음,승용,남,59세,경상
2020051500100173,2020년 5월 15일 10시,금요일,전라북도 임실군 임실읍,경상사고,0,0,2,0,차대차 - 측면충돌,안전운전불이행,젖음/습기,비,단일로 - 기타,승용,남,71세,상해없음,승용,남,53세,경상
2020051500100258,2020년 5월 15일 13시,금요일,전라북도 완주군 구이면,경상사고,0,0,1,0,차대차 - 기타,안전운전불이행,젖음/습기,맑음,단일로 - 기타,승합,여,35세,상해없음,승용,여,47세,경상
2020051500100291,2020년 5월 15일 14시,금요일,전라북도 군산시 수송동,경상사고,0,0,1,0,차대차 - 기타,신호위반,젖음/습기,비,교차로 - 교차로안,승용,남,74세,상해없음,승용,여,28세,경상
2020051500100292,2020년 5월 15일 14시,금요일,전라북도 익산시 함열읍,경상사고,0,0,2,0,차대차 - 추돌,안전운전불이행,젖음/습기,비,단일로 - 기타,승용,남,57세,상해없음,승용,여,47세,경상
2020051500100329,2020년 5월 15일 15시,금요일,전라북도 전주시 완산구 효자동1가,경상사고,0,0,1,0,차대차 - 측면충돌,안전거리미확보,건조,맑음,교차로 - 교차로부근,승합,남,51세,상해없음,승용,여,57세,경상
2020051500100375,2020년 5월 15일 16시,금요일,전라북도 군산시 개사동,경상사고,0,0,1,0,차대차 - 기타,안전운전불이행,건조,맑음,단일로 - 기타,승용,여,50세,상해없음,승합,남,51세,경상
2020051500100376,2020년 5월 15일 16시,금요일,전라북도 익산시 남중동,경상사고,0,0,2,0,차대차 - 측면충돌,신호위반,건조,맑음,교차로 - 교차로안,승용,남,33세,상해없음,승용,남,62세,경상
2020051500100420,2020년 5월 15일 17시,금요일,전라북도 전주시 완산구 평화동2가,경상사고,0,0,1,0,차대차 - 추돌,안전거리미확보,건조,맑음,단일로 - 기타,승용,남,64세,상해없음,승합,여,56세,경상
2020051500100421,2020년 5월 15일 17시,금요일,전라북도 익산시 신동,경상사고,0,0,1,0,차대차 - 기타,안전운전불이행,건조,맑음,교차로 - 교차로부근,원동기,남,33세,상해없음,원동기,남,30세,경상
2020051500100422,2020년 5월 15일 17시,금요일,전라북도 남원시 도통동,경상사고,0,0,4,0,차대차 - 측면충돌,안전운전불이행,젖음/습기,비,교차로 - 교차로부근,승용,여,37세,상해없음,승용,남,49세,경상
2020051500100423,2020년 5월 15일 17시,금요일,전라북도 부안군 부안읍,경상사고,0,0,1,0,차대차 - 후진중충돌,안전운전불이행,젖음/습기,비,주차장 - 주차장,승용,여,57세,상해없음,승용,여,50세,경상
2020051500100549,2020년 5월 15일 20시,금요일,전라북도 군산시 수송동,경상사고,0,0,2,0,차대차 - 기타,신호위반,젖음/습기,비,교차로 - 교차로안,이륜,남,16세,경상,승용,여,56세,경상