사고번호,사고일시,요일,시군구,사고내용,사망자수,중상자수,경상자수,부상신고자수,사고유형,법규위반,노면상태,기상상태,도로형태,가해운전자 차종,가해운전자 성별,가해운전자 연령,가해운전자 상해정도,피해운전자 차종,피해운전자 성별,피해운전자 연령,피해운전자 상해정도
2020051500100550,2020년 5월 15일 20시,금요일,전라북도 익산시 동산동,경상사고,0,0,2,0,차대사람 - 기타,기타,젖음/습기,흐림,교차로 - 교차로부근,승용,남,50세,상해없음,보행자,남,39세,경상
2020051500100551,2020년 5월 15일 20시,금요일,전라북도 김제시 신풍동,경상사고,0,0,1,0,차대사람 - 기타,안전운전불이행,건조,맑음,기타 - 기타,승용,남,42세,상해없음,보행자,남,61세,경상
2020051500100643,2020년 5월 15일 22시,금요일,전라북도 김제시 교동,경상사고,0,0,1,0,차대사람 - 횡단중,안전운전불이행,건조,맑음,단일로 - 기타,승합,남,48세,상해없음,보행자,남,59세,경상
2020051500100644,2020년 5월 15일 22시,금요일,전라북도 완주군 소양면,경상사고,0,0,1,0,차대차 - 추돌,안전운전불이행,건조,흐림,교차로 - 교차로안,화물,남,51세,상해없음,승용,남,30세,경상
2020051500100672,2020년 5월 15일 23시,금요일,전라북도 군산시 옥산면,경상사고,0,0,2,0,차대차 - 기타,안전운전불이행,젖음/습기,비,교차로 - 교차로부근,승용,여,58세,경상,승용,남,40세,경상
2020051500100673,2020년 5월 15일 23시,금요일,전라북도 익산시 영등동,중상사고,0,1,2,0,차대사람 - 보도통행중,안전운전불이행,젖음/습기,흐림,교차로 - 교차로횡단보도내,승용,남,64세,상해없음,보행자,여,19세,중상
2020051600100039,2020년 5월 16일 01시,토요일,전라북도 전주시 완산구 효자동3가,경상사고,0,0,2,0,차대차 - 기타,신호위반,건조,맑음,교차로 - 교차로안,승용,남,19세,상해없음,승용,남,38세,경상
2020051600100040,2020년 5월 16일 01시,토요일,전라북도 전주시 완산구 다가동3가,중상사고,0,1,2,0,차대차 - 추돌,안전운전불이행,건조,맑음,교차로 - 교차로부근,승용,남,28세,상해없음,승용,남,64세,중상
2020051600100093,2020년 5월 16일 07시,토요일,전라북도 군산시 나포면,경상사고,0,0,1,0,차대차 - 기타,안전운전불이행,젖음/습기,비,단일로 - 기타,자전거,남,80세,경상,건설기계,남,64세,상해없음
2020051600100186,2020년 5월 16일 11시,토요일,전라북도 익산시 어양동,중상사고,0,1,1,0,차대차 - 측면충돌,안전운전불이행,건조,맑음,단일로 - 기타,승용,여,59세,상해없음,이륜,남,82세,경상
2020051600100220,2020년 5월 16일 12시,토요일,전라북도 전주시 완산구 효자동2가,경상사고,0,0,2,0,차대차 - 기타,차로위반,건조,맑음,단일로 - 기타,승용,남,44세,상해없음,승용,남,27세,경상
2020051600100317,2020년 5월 16일 15시,토요일,전라북도 김제시 부량면,중상사고,0,1,1,0,차대차 - 측면충돌,신호위반,건조,맑음,단일로 - 지하차도(도로)내,자전거,남,60세,경상,이륜,남,43세,중상
2020051600100378,2020년 5월 16일 17시,토요일,전라북도 익산시 춘포면,중상사고,0,2,4,0,차대차 - 측면충돌,직진우회전진행방해,건조,맑음,교차로 - 교차로안,승용,여,30세,경상,승용,여,41세,중상
2020051600100379,2020년 5월 16일 17시,토요일,전라북도 익산시 모현동1가,경상사고,0,0,1,0,차대차 - 측면충돌,안전운전불이행,건조,맑음,교차로 - 교차로안,승용,남,71세,상해없음,자전거,남,22세,경상
2020051600100407,2020년 5월 16일 18시,토요일,전라북도 순창군 금과면,중상사고,0,1,0,0,차대사람 - 기타,안전운전불이행,건조,맑음,교차로 - 교차로안,화물,남,52세,상해없음,보행자,남,47세,중상
2020051600100439,2020년 5월 16일 19시,토요일,전라북도 군산시 경암동,경상사고,0,0,2,0,차대차 - 기타,직진우회전진행방해,건조,맑음,교차로 - 교차로안,승용,남,59세,상해없음,승용,여,32세,경상
2020051600100490,2020년 5월 16일 21시,토요일,전라북도 전주시 완산구 태평동,경상사고,0,0,1,0,차대사람 - 횡단중,안전운전불이행,건조,맑음,교차로 - 교차로안,승용,남,60세,상해없음,보행자,남,62세,경상
2020051600100518,2020년 5월 16일 22시,토요일,전라북도 군산시 미룡동,경상사고,0,0,1,0,차대차 - 기타,직진우회전진행방해,건조,맑음,교차로 - 교차로안,이륜,남,29세,상해없음,승용,남,65세,상해없음
2020051600100519,2020년 5월 16일 22시,토요일,전라북도 익산시 영등동,경상사고,0,0,1,0,차대차 - 측면충돌,안전운전불이행,건조,맑음,교차로 - 교차로안,원동기,남,37세,상해없음,승용,남,56세,경상
2020051600100540,2020년 5월 16일 23시,토요일,전라북도 익산시 춘포면,경상사고,0,0,1,0,차대차 - 측면충돌,교차로운행방법위반,건조,맑음,교차로 - 교차로안,승용,남,51세,상해없음,화물,남,60세,상해없음
2020051700100049,2020년 5월 17일 03시,일요일,전라북도 군산시 수송동,경상사고,0,0,3,0,차대차 - 기타,직진우회전진행방해,건조,맑음,교차로 - 교차로안,승용,남,65세,상해없음,승용,여,62세,경상
2020051700100067,2020년 5월 17일 06시,일요일,전라북도 부안군 상서면,사망사고,1,0,0,0,차량단독 - 도로외이탈 - 추락,안전운전불이행,건조,맑음,단일로 - 기타,사륜오토바이(ATV),남,65세,사망,,,,
2020051700100078,2020년 5월 17일 07시,일요일,전라북도 군산시 수송동,경상사고,0,0,2,0,차대차 - 기타,안전운전불이행,건조,맑음,교차로 - 교차로부근,승용,남,47세,상해없음,승용,남,72세,경상
2020051700100098,2020년 5월 17일 09시,일요일,전라북도 전주시 덕진구 진북동,경상사고,0,0,2,0,차대차 - 측면충돌,안전운전불이행,건조,맑음,교차로 - 교차로안,승용,여,64세,상해없음,승용,여,50세,경상
2020051700100100,2020년 5월 17일 09시,일요일,전라북도 완주군 봉동읍,경상사고,0,0,3,0,차대차 - 추돌,안전운전불이행,건조,맑음,단일로 - 기타,승용,여,62세,상해없음,승용,여,50세,경상
2020051700100139,2020년 5월 17일 11시,일요일,전라북도 부안군 행안면,경상사고,0,0,1,0,차량단독 - 공작물충돌,안전운전불이행,건조,맑음,단일로 - 기타,승용,남,56세,경상,,,,
2020051700100194,2020년 5월 17일 13시,일요일,전라북도 완주군 삼례읍,중상사고,0,1,0,0,차대차 - 측면충돌,안전운전불이행,건조,맑음,교차로 - 교차로부근,승용,남,53세,상해없음,이륜,남,76세,중상
2020051700100256,2020년 5월 17일 15시,일요일,전라북도 부안군 부안읍,경상사고,0,0,1,0,차대사람 - 보도통행중,기타,건조,맑음,기타 - 기타,자전거,남,8세,상해없음,보행자,여,84세,경상
2020051700100322,2020년 5월 17일 17시,일요일,전라북도 남원시 수지면,중상사고,0,1,0,0,차대사람 - 기타,안전운전불이행,건조,맑음,단일로 - 기타,화물,남,59세,상해없음,보행자,남,61세,중상
2020051700100373,2020년 5월 17일 19시,일요일,전라북도 익산시 남중동,경상사고,0,0,3,0,차대차 - 측면충돌,직진우회전진행방해,건조,맑음,교차로 - 교차로안,화물,남,80세,경상,승용,남,24세,경상
2020051700100398,2020년 5월 17일 20시,일요일,전라북도 전주시 완산구 효자동1가,경상사고,0,0,1,0,차대차 - 추돌,안전운전불이행,건조,맑음,단일로 - 기타,승용,여,62세,상해없음,승용,여,54세,경상
2020051700100436,2020년 5월 17일 21시,일요일,전라북도 부안군 줄포면,경상사고,0,0,1,0,차량단독 - 공작물충돌,안전운전불이행,건조,맑음,단일로 - 기타,승용,남,48세,경상,,,,
2020051800100004,2020년 5월 18일 00시,월요일,전라북도 군산시 회현면,사망사고,1,0,0,0,차량단독 - 도로외이탈 - 추락,안전운전불이행,건조,맑음,단일로 - 지하차도(도로)내,승합,남,45세,사망,,,,
2020051800100005,2020년 5월 18일 00시,월요일,전라북도 남원시 고죽동,중상사고,0,1,0,0,차량단독 - 공작물충돌,안전운전불이행,건조,맑음,교차로 - 교차로부근,화물,남,24세,중상,,,,
2020051800100141,2020년 5월 18일 10시,월요일,전라북도 군산시 경암동,중상사고,0,1,0,0,차대차 - 측면충돌,안전운전불이행,건조,맑음,단일로 - 기타,이륜,남,78세,중상,승용,남,40세,상해없음
2020051800100219,2020년 5월 18일 12시,월요일,전라북도 부안군 주산면,중상사고,0,1,0,0,차량단독 - 기타,안전운전불이행,건조,맑음,기타 - 기타,농기계,남,68세,중상,,,,
2020051800100300,2020년 5월 18일 14시,월요일,전라북도 군산시 중앙로1가,경상사고,0,0,1,0,차대사람 - 횡단중,안전운전불이행,건조,흐림,단일로 - 지하차도(도로)내,이륜,남,61세,상해없음,보행자,여,7세,경상
2020051800100396,2020년 5월 18일 16시,월요일,전라북도 무주군 안성면,중상사고,0,1,0,0,차대사람 - 차도통행중,안전운전불이행,건조,맑음,교차로 - 교차로부근,화물,남,31세,상해없음,보행자,여,14세,중상
2020051800100397,2020년 5월 18일 16시,월요일,전라북도 완주군 삼례읍,경상사고,0,0,1,0,차대차 - 후진중충돌,안전운전불이행,건조,맑음,기타 - 기타,승용,남,57세,상해없음,자전거,여,10세,경상
2020051800100437,2020년 5월 18일 17시,월요일,전라북도 군산시 미룡동,중상사고,0,1,5,0,차대차 - 측면충돌,신호위반,젖음/습기,비,교차로 - 교차로안,승합,남,73세,중상,승용,남,65세,경상
2020051800100438,2020년 5월 18일 17시,월요일,전라북도 김제시 백산면,경상사고,0,0,1,0,차대차 - 측면충돌,안전운전불이행,젖음/습기,비,교차로 - 교차로부근,화물,남,54세,상해없음,화물,여,54세,경상
2020051800100439,2020년 5월 18일 17시,월요일,전라북도 무주군 무주읍,경상사고,0,0,1,0,차량단독 - 전도전복 - 전도,안전운전불이행,건조,흐림,단일로 - 지하차도(도로)내,이륜,남,64세,상해없음,,,,
2020051800100485,2020년 5월 18일 18시,월요일,전라북도 군산시 문화동,경상사고,0,0,1,0,차대차 - 측면충돌,교차로운행방법위반,젖음/습기,비,교차로 - 교차로안,승용,여,43세,기타불명,자전거,남,56세,경상
2020051800100522,2020년 5월 18일 19시,월요일,전라북도 전주시 덕진구 송천동2가,경상사고,0,0,1,0,차대차 - 측면충돌,중앙선침범,젖음/습기,비,교차로 - 교차로부근,승용,여,25세,상해없음,이륜,남,23세,경상
2020051800100563,2020년 5월 18일 20시,월요일,전라북도 군산시 나운동,경상사고,0,0,4,0,차대차 - 추돌,교차로운행방법위반,젖음/습기,비,교차로 - 교차로부근,승용,남,58세,경상,승용,남,29세,경상
2020051800100564,2020년 5월 18일 20시,월요일,전라북도 익산시 목천동,경상사고,0,0,1,0,차대차 - 측면충돌,안전거리미확보,젖음/습기,비,단일로 - 기타,승용,남,29세,상해없음,승용,남,40세,경상
2020051800100594,2020년 5월 18일 21시,월요일,전라북도 전주시 덕진구 우아동2가,경상사고,0,0,1,0,차대차 - 측면충돌,중앙선침범,젖음/습기,비,단일로 - 기타,승용,남,26세,상해없음,이륜,남,18세,경상
2020051800100626,2020년 5월 18일 22시,월요일,전라북도 익산시 목천동,경상사고,0,0,1,0,차대차 - 측면충돌,과속,젖음/습기,비,단일로 - 고가도로위,승용,남,34세,상해없음,승용,여,51세,경상
2020051900100018,2020년 5월 19일 01시,화요일,전라북도 정읍시 장명동,중상사고,0,1,2,0,차대차 - 측면충돌,중앙선침범,건조,맑음,단일로 - 고가도로위,승용,여,34세,경상,승용,남,48세,경상
2020051900100033,2020년 5월 19일 03시,화요일,전라북도 군산시 수송동,경상사고,0,0,1,0,차대사람 - 횡단중,안전운전불이행,건조,맑음,교차로 - 교차로안,승용,남,47세,상해없음,보행자,여,21세,경상
2020051900100089,2020년 5월 19일 08시,화요일,전라북도 김제시 금구면,중상사고,0,1,0,0,차대사람 - 횡단중,과속,젖음/습기,비,단일로 - 기타,승용,남,48세,상해없음,보행자,남,26세,중상
2020051900100119,2020년 5월 19일 09시,화요일,전라북도 고창군 아산면,경상사고,0,0,1,0,차대차 - 측면충돌,기타,젖음/습기,비,교차로 - 교차로안,승합,남,54세,상해없음,화물,여,63세,경상
2020051900100139,2020년 5월 19일 10시,화요일,전라북도 전주시 덕진구 인후동1가,중상사고,0,1,0,0,차대차 - 측면충돌,신호위반,젖음/습기,비,교차로 - 교차로안,승합,남,65세,상해없음,승용,남,67세,중상
2020051900100140,2020년 5월 19일 10시,화요일,전라북도 정읍시 신태인읍,중상사고,0,1,1,0,차대차 - 측면충돌,안전운전불이행,건조,흐림,교차로 - 교차로안,화물,남,79세,경상,화물,남,41세,중상
2020051900100141,2020년 5월 19일 10시,화요일,전라북도 무주군 무주읍,중상사고,0,2,0,0,차대차 - 후진중충돌,안전운전불이행,건조,맑음,단일로 - 지하차도(도로)내,화물,남,40세,상해없음,승용,여,68세,중상
2020051900100169,2020년 5월 19일 11시,화요일,전라북도 전주시 덕진구 중동,경상사고,0,0,2,0,차대차 - 측면충돌,안전운전불이행,젖음/습기,비,교차로 - 교차로안,승용,남,71세,상해없음,승용,여,34세,경상
2020051900100202,2020년 5월 19일 12시,화요일,전라북도 군산시 삼학동,경상사고,0,0,2,0,차대차 - 정면충돌,교차로운행방법위반,건조,맑음,교차로 - 교차로안,화물,여,54세,경상,승용,여,48세,경상
2020051900100234,2020년 5월 19일 13시,화요일,전라북도 전주시 완산구 서서학동,중상사고,0,1,0,0,차대사람 - 길가장자리구역통행중,안전운전불이행,젖음/습기,비,단일로 - 기타,화물,남,63세,상해없음,보행자,남,47세,중상
2020051900100235,2020년 5월 19일 13시,화요일,전라북도 전주시 완산구 용복동,경상사고,0,0,1,0,차대차 - 추돌,안전운전불이행,젖음/습기,비,교차로 - 교차로부근,승용,여,44세,상해없음,승용,여,47세,경상
2020051900100236,2020년 5월 19일 13시,화요일,전라북도 남원시 어현동,중상사고,0,1,0,0,차대사람 - 횡단중,안전운전불이행,건조,맑음,단일로 - 기타,승용,여,61세,상해없음,보행자,남,59세,중상
2020051900100260,2020년 5월 19일 14시,화요일,전라북도 전주시 완산구 중화산동2가,경상사고,0,0,1,0,차대사람 - 기타,안전운전불이행,젖음/습기,비,단일로 - 기타,승합,남,49세,상해없음,보행자,여,53세,경상
2020051900100301,2020년 5월 19일 15시,화요일,전라북도 전주시 완산구 효자동3가,중상사고,0,1,0,0,차대사람 - 횡단중,신호위반,건조,맑음,단일로 - 기타,승용,여,51세,상해없음,보행자,여,37세,중상
2020051900100338,2020년 5월 19일 16시,화요일,전라북도 군산시 조촌동,경상사고,0,0,1,0,차대차 - 측면충돌,신호위반,건조,맑음,교차로 - 교차로안,승용,남,44세,상해없음,승용,남,49세,경상
2020051900100339,2020년 5월 19일 16시,화요일,전라북도 김제시 요촌동,중상사고,0,1,0,0,차대사람 - 기타,안전운전불이행,건조,맑음,단일로 - 기타,승용,여,59세,상해없음,보행자,여,65세,중상
2020051900100388,2020년 5월 19일 17시,화요일,전라북도 익산시 춘포면,중상사고,0,1,1,0,차대차 - 측면충돌,직진우회전진행방해,건조,맑음,단일로 - 기타,승용,여,43세,상해없음,화물,남,30세,경상
2020051900100455,2020년 5월 19일 19시,화요일,전라북도 군산시 지곡동,경상사고,0,0,1,0,차대사람 - 횡단중,신호위반,건조,맑음,교차로 - 교차로횡단보도내,승용,여,26세,상해없음,보행자,여,7세,경상
2020051900100517,2020년 5월 19일 21시,화요일,전라북도 완주군 봉동읍,경상사고,0,0,1,0,차량단독 - 기타,기타,건조,맑음,교차로 - 교차로부근,승합,남,52세,상해없음,,,,
2020052000100064,2020년 5월 20일 06시,수요일,전라북도 부안군 하서면,경상사고,0,0,1,0,차대차 - 측면충돌,안전운전불이행,건조,맑음,단일로 - 기타,화물,남,70세,상해없음,자전거,남,88세,경상
2020052000100081,2020년 5월 20일 07시,수요일,전라북도 군산시 오식도동,경상사고,0,0,1,0,차대차 - 기타,안전운전불이행,건조,맑음,단일로 - 기타,화물,남,58세,상해없음,승용,남,40세,경상
2020052000100117,2020년 5월 20일 08시,수요일,전라북도 정읍시 북면,중상사고,0,1,0,0,차대사람 - 차도통행중,안전운전불이행,건조,맑음,단일로 - 기타,화물,남,49세,상해없음,보행자,남,81세,중상
2020052000100151,2020년 5월 20일 09시,수요일,전라북도 군산시 수송동,경상사고,0,0,1,0,차대차 - 측면충돌,안전운전불이행,건조,맑음,교차로 - 교차로안,승용,여,39세,상해없음,승용,남,42세,경상
2020052000100152,2020년 5월 20일 09시,수요일,전라북도 남원시 죽항동,경상사고,0,0,1,0,차대차 - 기타,안전거리미확보,건조,맑음,단일로 - 기타,승용,여,48세,상해없음,이륜,남,76세,경상
2020052000100185,2020년 5월 20일 10시,수요일,전라북도 익산시 모현동1가,경상사고,0,0,2,0,차대차 - 측면충돌,과속,건조,맑음,단일로 - 기타,승용,남,23세,상해없음,승합,남,49세,경상
2020052000100226,2020년 5월 20일 11시,수요일,전라북도 전주시 덕진구 인후동1가,중상사고,0,1,0,0,차대차 - 측면충돌,교차로운행방법위반,건조,맑음,교차로 - 교차로안,승용,남,62세,상해없음,이륜,남,94세,중상
2020052000100227,2020년 5월 20일 11시,수요일,전라북도 정읍시 연지동,중상사고,0,1,0,0,차대차 - 측면충돌,안전운전불이행,건조,맑음,교차로 - 교차로안,화물,남,68세,상해없음,이륜,남,57세,중상
2020052000100228,2020년 5월 20일 11시,수요일,전라북도 김제시 요촌동,경상사고,0,0,1,0,차대차 - 측면충돌,안전운전불이행,건조,맑음,단일로 - 기타,승용,남,32세,상해없음,화물,남,33세,경상
2020052000100229,2020년 5월 20일 11시,수요일,전라북도 진안군 진안읍,사망사고,1,0,0,0,차량단독 - 도로외이탈 - 기타,안전운전불이행,건조,맑음,교차로 - 교차로안,화물,남,46세,사망,,,,
2020052000100230,2020년 5월 20일 11시,수요일,전라북도 무주군 무주읍,경상사고,0,0,1,0,차대사람 - 보도통행중,보행자보호의무위반,건조,맑음,단일로 - 지하차도(도로)내,화물,남,49세,상해없음,보행자,여,42세,경상
2020052000100270,2020년 5월 20일 12시,수요일,전라북도 익산시 금마면,경상사고,0,0,1,0,차대차 - 측면충돌,직진우회전진행방해,건조,맑음,교차로 - 교차로안,화물,남,76세,상해없음,이륜,남,82세,경상
2020052000100271,2020년 5월 20일 12시,수요일,전라북도 익산시 신동,중상사고,0,1,0,0,차대사람 - 횡단중,안전운전불이행,건조,맑음,교차로 - 교차로안,승용,남,77세,상해없음,보행자,여,70세,중상
2020052000100272,2020년 5월 20일 12시,수요일,전라북도 순창군 쌍치면,경상사고,0,0,1,0,차대차 - 측면충돌,중앙선침범,건조,맑음,단일로 - 기타,승합,여,63세,상해없음,농기계,남,77세,경상
2020052000100351,2020년 5월 20일 14시,수요일,전라북도 전주시 완산구 중화산동1가,경상사고,0,0,1,0,차대차 - 추돌,안전운전불이행,건조,맑음,단일로 - 기타,승용,남,70세,상해없음,승용,여,48세,경상
2020052000100395,2020년 5월 20일 15시,수요일,전라북도 전주시 덕진구 덕진동1가,경상사고,0,0,1,0,차대사람 - 기타,안전운전불이행,건조,맑음,단일로 - 기타,승용,여,55세,상해없음,보행자,여,56세,경상
2020052000100437,2020년 5월 20일 16시,수요일,전라북도 군산시 지곡동,중상사고,0,1,1,0,차대차 - 측면충돌,직진우회전진행방해,건조,맑음,교차로 - 교차로안,승용,여,40세,상해없음,이륜,남,27세,중상
2020052000100438,2020년 5월 20일 16시,수요일,전라북도 익산시 어양동,중상사고,0,1,0,0,차대차 - 측면충돌,안전운전불이행,건조,맑음,교차로 - 교차로안,승용,남,72세,상해없음,이륜,남,25세,중상
2020052000100439,2020년 5월 20일 16시,수요일,전라북도 부안군 부안읍,경상사고,0,0,2,0,차대차 - 측면충돌,안전운전불이행,건조,맑음,교차로 - 교차로안,화물,여,61세,상해없음,승용,여,44세,경상
2020052000100482,2020년 5월 20일 17시,수요일,전라북도 전주시 덕진구 장동,중상사고,0,1,1,0,차대차 - 측면충돌,안전거리미확보,건조,맑음,교차로 - 교차로부근,승용,여,63세,기타불명,화물,남,37세,경상
2020052000100483,2020년 5월 20일 17시,수요일,전라북도 김제시 황산면,사망사고,1,0,0,0,차대차 - 추돌,안전운전불이행,건조,맑음,교차로 - 교차로안,화물,남,66세,사망,화물,남,39세,상해없음
2020052000100579,2020년 5월 20일 19시,수요일,전라북도 전주시 완산구 서신동,경상사고,0,0,1,0,차대차 - 후진중충돌,안전운전불이행,건조,맑음,기타 - 기타,승용,남,61세,상해없음,승용,여,25세,경상
2020052000100580,2020년 5월 20일 19시,수요일,전라북도 전주시 덕진구 중동,경상사고,0,0,1,0,차대차 - 측면충돌,차로위반,건조,맑음,교차로 - 교차로안,승용,여,40세,상해없음,승용,여,48세,경상
2020052000100581,2020년 5월 20일 19시,수요일,전라북도 익산시 남중동,경상사고,0,0,1,0,차대차 - 측면충돌,신호위반,건조,맑음,교차로 - 교차로안,이륜,남,21세,상해없음,승용,남,64세,경상
2020052000100635,2020년 5월 20일 21시,수요일,전라북도 전주시 완산구 효자동2가,경상사고,0,0,2,0,차대차 - 기타,안전운전불이행,건조,맑음,단일로 - 기타,승용,여,24세,상해없음,승용,남,32세,경상
2020052000100684,2020년 5월 20일 23시,수요일,전라북도 익산시 신동,경상사고,0,0,1,0,차대사람 - 횡단중,안전운전불이행,건조,맑음,교차로 - 교차로부근,승용,남,42세,상해없음,보행자,남,25세,경상
2020052100100047,2020년 5월 21일 06시,목요일,전라북도 전주시 완산구 중화산동2가,중상사고,0,1,1,0,차대차 - 측면충돌,신호위반,건조,맑음,교차로 - 교차로안,승용,여,55세,상해없음,승용,남,57세,경상
2020052100100048,2020년 5월 21일 06시,목요일,전라북도 전주시 완산구 중화산동2가,중상사고,0,1,1,0,차대차 - 측면충돌,신호위반,건조,맑음,교차로 - 교차로안,승용,남,20세,상해없음,화물,남,62세,경상
2020052100100049,2020년 5월 21일 06시,목요일,전라북도 군산시 대야면,사망사고,2,2,0,0,차량단독 - 도로외이탈 - 추락,안전운전불이행,건조,맑음,단일로 - 기타,화물,남,74세,사망,,,,
2020052100100105,2020년 5월 21일 08시,목요일,전라북도 무주군 무주읍,중상사고,0,1,0,0,차대차 - 추돌,안전운전불이행,건조,맑음,단일로 - 지하차도(도로)내,승용,남,77세,상해없음,승용,남,57세,중상
2020052100100139,2020년 5월 21일 09시,목요일,전라북도 남원시 동충동,중상사고,0,1,0,0,차대차 - 측면충돌,안전운전불이행,건조,맑음,단일로 - 기타,화물,남,51세,상해없음,자전거,남,86세,중상
2020052100100167,2020년 5월 21일 10시,목요일,전라북도 군산시 조촌동,경상사고,0,0,1,0,차대사람 - 횡단중,보행자보호의무위반,건조,맑음,교차로 - 교차로횡단보도내,승용,여,38세,상해없음,보행자,남,36세,경상
2020052100100208,2020년 5월 21일 11시,목요일,전라북도 부안군 동진면,경상사고,0,0,1,0,차량단독 - 전도전복 - 전도,안전운전불이행,건조,맑음,교차로 - 교차로부근,자전거,남,78세,경상,,,,
2020052100100247,2020년 5월 21일 12시,목요일,전라북도 전주시 덕진구 반월동,사망사고,1,0,0,0,차대사람 - 기타,중앙선침범,건조,맑음,단일로 - 기타,승용,남,53세,상해없음,보행자,남,2세,사망
2020052100100248,2020년 5월 21일 12시,목요일,전라북도 정읍시 북면,경상사고,0,0,1,0,차대차 - 측면충돌,불법유턴,건조,맑음,단일로 - 지하차도(도로)내,승용,남,29세,상해없음,원동기,남,68세,경상
2020052100100249,2020년 5월 21일 12시,목요일,전라북도 남원시 향교동,경상사고,0,0,1,0,차대차 - 측면충돌,신호위반,건조,맑음,교차로 - 교차로안,승용,남,68세,상해없음,승용,남,26세,경상
2020052100100316,2020년 5월 21일 14시,목요일,전라북도 정읍시 연지동,중상사고,0,1,0,0,차대차 - 측면충돌,안전운전불이행,건조,맑음,단일로 - 지하차도(도로)내,승용,여,34세,상해없음,자전거,여,81세,중상
2020052100100443,2020년 5월 21일 17시,목요일,전라북도 익산시 모현동1가,경상사고,0,0,2,0,차대차 - 추돌,안전운전불이행,건조,맑음,단일로 - 기타,승용,남,25세,상해없음,승용,남,42세,경상
2020052100100444,2020년 5월 21일 17시,목요일,전라북도 익산시 삼기면,경상사고,0,0,3,0,차대차 - 측면충돌,신호위반,건조,맑음,교차로 - 교차로안,승용,남,28세,상해없음,승합,남,56세,경상
2020052100100497,2020년 5월 21일 18시,목요일,전라북도 전주시 완산구 효자동2가,중상사고,0,1,0,0,차대차 - 기타,안전운전불이행,건조,맑음,기타 - 기타,기타불명,기타불명,미분류,기타불명,자전거,남,53세,중상
2020052100100624,2020년 5월 21일 23시,목요일,전라북도 전주시 덕진구 덕진동1가,부상신고사고,0,0,0,1,차대사람 - 횡단중,안전운전불이행,건조,맑음,단일로 - 기타,승용,남,23세,상해없음,보행자,남,32세,부상신고
2020052200100054,2020년 5월 22일 06시,금요일,전라북도 군산시 임피면,경상사고,0,0,1,0,차대차 - 추돌,중앙선침범,건조,맑음,단일로 - 지하차도(도로)내,승용,남,26세,상해없음,승용,남,61세,경상
2020052200100076,2020년 5월 22일 07시,금요일,전라북도 정읍시 입암면,경상사고,0,0,1,0,차대차 - 추돌,안전운전불이행,건조,맑음,단일로 - 기타,승용,남,57세,상해없음,화물,남,27세,경상
2020052200100103,2020년 5월 22일 08시,금요일,전라북도 전주시 덕진구 우아동1가,경상사고,0,0,1,0,차대차 - 측면충돌,안전운전불이행,건조,맑음,단일로 - 기타,승용,남,29세,상해없음,이륜,남,22세,경상
2020052200100139,2020년 5월 22일 09시,금요일,전라북도 부안군 부안읍,경상사고,0,0,3,0,차대차 - 측면충돌,중앙선침범,건조,맑음,교차로 - 교차로부근,승용,남,48세,상해없음,승용,남,55세,경상
2020052200100163,2020년 5월 22일 10시,금요일,전라북도 전주시 덕진구 호성동3가,중상사고,0,1,0,0,차대차 - 측면충돌,안전운전불이행,건조,맑음,교차로 - 교차로안,원동기,남,70세,상해없음,자전거,여,59세,중상
2020052200100201,2020년 5월 22일 11시,금요일,전라북도 장수군 장수읍,중상사고,0,1,0,0,차대차 - 정면충돌,교차로운행방법위반,건조,맑음,교차로 - 교차로부근,화물,남,25세,기타불명,자전거,남,85세,중상
2020052200100239,2020년 5월 22일 12시,금요일,전라북도 전주시 덕진구 반월동,중상사고,0,1,0,0,차대사람 - 횡단중,보행자보호의무위반,건조,맑음,교차로 - 교차로안,승용,남,22세,상해없음,보행자,여,77세,중상
2020052200100240,2020년 5월 22일 12시,금요일,전라북도 정읍시 수성동,중상사고,0,1,0,0,차대차 - 측면충돌,안전운전불이행,건조,맑음,교차로 - 교차로안,승용,남,42세,상해없음,자전거,여,85세,중상
2020052200100275,2020년 5월 22일 13시,금요일,전라북도 군산시 대야면,중상사고,0,3,0,0,차대차 - 추돌,안전운전불이행,건조,맑음,단일로 - 기타,건설기계,남,56세,상해없음,승용,여,48세,중상
2020052200100276,2020년 5월 22일 13시,금요일,전라북도 완주군 봉동읍,경상사고,0,0,1,0,차대차 - 기타,안전거리미확보,건조,맑음,교차로 - 교차로부근,승용,여,23세,상해없음,승용,여,40세,경상
2020052200100326,2020년 5월 22일 14시,금요일,전라북도 군산시 문화동,경상사고,0,0,1,0,차대차 - 측면충돌,신호위반,건조,맑음,교차로 - 교차로횡단보도내,승용,여,67세,상해없음,자전거,남,74세,경상
2020052200100359,2020년 5월 22일 15시,금요일,전라북도 남원시 향교동,경상사고,0,0,1,0,차대차 - 측면충돌,안전운전불이행,건조,맑음,교차로 - 교차로부근,승용,여,40세,상해없음,승용,여,49세,경상
2020052200100455,2020년 5월 22일 17시,금요일,전라북도 전주시 완산구 중화산동2가,경상사고,0,0,1,0,차대차 - 추돌,안전운전불이행,건조,맑음,단일로 - 기타,승용,남,41세,상해없음,승용,여,48세,경상
2020052200100456,2020년 5월 22일 17시,금요일,전라북도 전주시 완산구 서신동,중상사고,0,1,0,0,차대차 - 기타,안전운전불이행,건조,맑음,교차로 - 교차로부근,기타불명,기타불명,미분류,기타불명,자전거,남,49세,중상