사고번호,사고일시,요일,시군구,사고내용,사망자수,중상자수,경상자수,부상신고자수,사고유형,법규위반,노면상태,기상상태,도로형태,가해운전자 차종,가해운전자 성별,가해운전자 연령,가해운전자 상해정도,피해운전자 차종,피해운전자 성별,피해운전자 연령,피해운전자 상해정도
2020052200100457,2020년 5월 22일 17시,금요일,전라북도 군산시 내초동,중상사고,0,1,0,0,차대차 - 추돌,안전운전불이행,건조,맑음,단일로 - 기타,화물,남,37세,상해없음,화물,남,62세,중상
2020052200100458,2020년 5월 22일 17시,금요일,전라북도 익산시 신동,경상사고,0,0,1,0,차대차 - 측면충돌,안전운전불이행,건조,맑음,단일로 - 기타,화물,남,64세,상해없음,이륜,남,70세,경상
2020052200100510,2020년 5월 22일 18시,금요일,전라북도 진안군 진안읍,경상사고,0,0,1,0,차대차 - 측면충돌,기타,건조,맑음,교차로 - 교차로안,이륜,남,28세,경상,승용,남,48세,상해없음
2020052200100563,2020년 5월 22일 19시,금요일,전라북도 정읍시 상동,경상사고,0,0,2,0,차대사람 - 횡단중,안전운전불이행,건조,맑음,기타 - 기타,이륜,여,64세,경상,보행자,여,78세,경상
2020052200100605,2020년 5월 22일 20시,금요일,전라북도 군산시 나운동,경상사고,0,0,2,0,차대차 - 기타,안전운전불이행,건조,맑음,교차로 - 교차로안,승용,남,32세,상해없음,승용,남,29세,경상
2020052200100606,2020년 5월 22일 20시,금요일,전라북도 익산시 평화동,경상사고,0,0,1,0,차대사람 - 기타,안전운전불이행,건조,흐림,단일로 - 기타,기타불명,기타불명,미분류,기타불명,보행자,여,55세,경상
2020052200100635,2020년 5월 22일 21시,금요일,전라북도 전주시 완산구 효자동3가,중상사고,0,1,3,0,차대차 - 측면충돌,신호위반,건조,맑음,교차로 - 교차로안,승합,남,59세,상해없음,승합,남,59세,중상
2020052200100636,2020년 5월 22일 21시,금요일,전라북도 정읍시 하북동,경상사고,0,0,1,0,차대차 - 추돌,안전운전불이행,건조,맑음,교차로 - 교차로안,화물,남,61세,상해없음,승용,여,43세,경상
2020052200100668,2020년 5월 22일 22시,금요일,전라북도 전주시 완산구 중화산동2가,경상사고,0,0,1,0,차대사람 - 기타,기타,건조,맑음,단일로 - 기타,승합,남,51세,상해없음,보행자,여,23세,경상
2020052300100036,2020년 5월 23일 02시,토요일,전라북도 임실군 성수면,경상사고,0,0,1,0,차량단독 - 도로외이탈 - 추락,안전운전불이행,건조,맑음,단일로 - 지하차도(도로)내,화물,남,50세,경상,,,,
2020052300100043,2020년 5월 23일 03시,토요일,전라북도 전주시 완산구 서신동,경상사고,0,0,2,0,차대차 - 측면충돌,신호위반,건조,맑음,교차로 - 교차로안,승용,여,52세,상해없음,이륜,남,24세,경상
2020052300100075,2020년 5월 23일 07시,토요일,전라북도 군산시 수송동,경상사고,0,0,1,0,차대사람 - 횡단중,보행자보호의무위반,건조,맑음,교차로 - 교차로횡단보도내,승용,남,46세,상해없음,보행자,여,38세,경상
2020052300100090,2020년 5월 23일 08시,토요일,전라북도 김제시 청하면,경상사고,0,0,1,0,차대차 - 정면충돌,중앙선침범,건조,맑음,단일로 - 기타,승용,남,35세,상해없음,화물,남,24세,상해없음
2020052300100149,2020년 5월 23일 10시,토요일,전라북도 익산시 여산면,중상사고,0,1,0,0,차대차 - 추돌,안전운전불이행,건조,맑음,단일로 - 기타,승용,여,33세,상해없음,승용,여,52세,중상
2020052300100183,2020년 5월 23일 11시,토요일,전라북도 전주시 덕진구 진북동,중상사고,0,1,0,0,차대차 - 측면충돌,신호위반,건조,맑음,교차로 - 교차로안,건설기계,남,73세,상해없음,화물,남,41세,중상
2020052300100184,2020년 5월 23일 11시,토요일,전라북도 익산시 함열읍,중상사고,0,1,1,0,차대차 - 정면충돌,직진우회전진행방해,건조,맑음,교차로 - 교차로안,승용,남,63세,상해없음,화물,남,69세,중상
2020052300100282,2020년 5월 23일 13시,토요일,전라북도 전주시 완산구 전동,경상사고,0,0,3,0,차대차 - 측면충돌,안전거리미확보,건조,맑음,단일로 - 기타,승합,남,54세,상해없음,승용,남,41세,경상
2020052300100283,2020년 5월 23일 13시,토요일,전라북도 군산시 나운동,경상사고,0,0,2,0,차대차 - 추돌,안전운전불이행,건조,맑음,교차로 - 교차로안,승용,여,62세,상해없음,승용,여,58세,경상
2020052300100284,2020년 5월 23일 13시,토요일,전라북도 정읍시 연지동,중상사고,0,1,1,0,차대차 - 측면충돌,신호위반,건조,맑음,교차로 - 교차로안,승용,여,45세,경상,승용,남,60세,중상
2020052300100362,2020년 5월 23일 15시,토요일,전라북도 익산시 어양동,경상사고,0,0,1,0,차대사람 - 기타,안전운전불이행,건조,맑음,단일로 - 기타,화물,남,55세,상해없음,보행자,여,43세,경상
2020052300100363,2020년 5월 23일 15시,토요일,전라북도 남원시 이백면,중상사고,0,1,0,0,차량단독 - 공작물충돌,안전운전불이행,건조,맑음,단일로 - 기타,승용,남,56세,상해없음,,,,
2020052300100480,2020년 5월 23일 18시,토요일,전라북도 군산시 수송동,경상사고,0,0,3,0,차대차 - 측면충돌,안전거리미확보,건조,맑음,교차로 - 교차로부근,승용,남,61세,경상,승용,여,34세,경상
2020052300100506,2020년 5월 23일 19시,토요일,전라북도 전주시 완산구 효자동3가,경상사고,0,0,4,0,차대차 - 기타,신호위반,건조,맑음,교차로 - 교차로안,승용,여,54세,상해없음,승용,남,67세,경상
2020052300100537,2020년 5월 23일 20시,토요일,전라북도 고창군 상하면,경상사고,0,0,1,0,차대차 - 정면충돌,중앙선침범,건조,맑음,단일로 - 기타,승용,남,38세,상해없음,승합,남,47세,경상
2020052300100581,2020년 5월 23일 22시,토요일,전라북도 군산시 경암동,경상사고,0,0,3,0,차대차 - 추돌,안전운전불이행,건조,맑음,교차로 - 교차로부근,승용,남,40세,상해없음,승용,남,41세,경상
2020052300100582,2020년 5월 23일 22시,토요일,전라북도 익산시 삼기면,경상사고,0,0,1,0,차대차 - 추돌,안전운전불이행,건조,맑음,교차로 - 교차로안,승용,남,56세,상해없음,승용,남,58세,경상
2020052400100048,2020년 5월 24일 02시,일요일,전라북도 익산시 신동,경상사고,0,0,1,0,차대사람 - 차도통행중,안전운전불이행,건조,맑음,단일로 - 기타,승용,남,22세,상해없음,보행자,남,22세,경상
2020052400100074,2020년 5월 24일 04시,일요일,전라북도 군산시 해망동,경상사고,0,0,1,0,차대차 - 기타,안전운전불이행,건조,맑음,교차로 - 교차로부근,화물,여,54세,상해없음,승용,남,28세,경상
2020052400100085,2020년 5월 24일 06시,일요일,전라북도 익산시 함열읍,경상사고,0,0,1,0,차대차 - 측면충돌,안전운전불이행,건조,맑음,교차로 - 교차로안,이륜,남,62세,경상,화물,여,60세,상해없음
2020052400100110,2020년 5월 24일 08시,일요일,전라북도 완주군 상관면,사망사고,1,0,0,0,차대차 - 측면충돌,신호위반,건조,맑음,교차로 - 교차로안,승용,여,73세,상해없음,이륜,여,42세,사망
2020052400100244,2020년 5월 24일 14시,일요일,전라북도 전주시 완산구 효자동2가,경상사고,0,0,1,0,차대차 - 측면충돌,안전운전불이행,건조,맑음,교차로 - 교차로안,승용,여,52세,상해없음,승용,남,39세,경상
2020052400100269,2020년 5월 24일 15시,일요일,전라북도 군산시 동흥남동,경상사고,0,0,1,0,차대차 - 기타,신호위반,건조,맑음,교차로 - 교차로안,승용,남,49세,상해없음,승용,남,23세,경상
2020052400100325,2020년 5월 24일 17시,일요일,전라북도 부안군 줄포면,사망사고,1,0,0,0,차대차 - 측면충돌,안전운전불이행,건조,맑음,교차로 - 교차로안,승용,여,58세,상해없음,이륜,남,60세,사망
2020052400100358,2020년 5월 24일 18시,일요일,전라북도 정읍시 하북동,경상사고,0,0,1,0,차량단독 - 전도전복 - 전복,안전운전불이행,건조,맑음,단일로 - 지하차도(도로)내,승용,남,38세,경상,,,,
2020052400100409,2020년 5월 24일 20시,일요일,전라북도 군산시 수송동,경상사고,0,0,1,0,차대차 - 기타,신호위반,건조,기타,교차로 - 교차로안,이륜,남,31세,상해없음,승용,남,57세,경상
2020052400100473,2020년 5월 24일 23시,일요일,전라북도 익산시 신동,중상사고,0,1,0,0,차대차 - 측면충돌,안전운전불이행,건조,맑음,단일로 - 기타,승용,남,32세,상해없음,원동기,남,17세,중상
2020052500100047,2020년 5월 25일 06시,월요일,전라북도 익산시 영등동,중상사고,0,2,1,0,차대차 - 추돌,안전운전불이행,건조,맑음,교차로 - 교차로부근,화물,남,53세,상해없음,승용,남,62세,경상
2020052500100095,2020년 5월 25일 08시,월요일,전라북도 고창군 흥덕면,중상사고,0,1,0,0,차대차 - 측면충돌,차로위반,건조,맑음,기타 - 기타,이륜,여,73세,중상,승용,여,46세,상해없음
2020052500100194,2020년 5월 25일 11시,월요일,전라북도 전주시 덕진구 만성동,경상사고,0,0,2,0,차대차 - 측면충돌,안전운전불이행,건조,맑음,교차로 - 교차로안,승용,남,50세,상해없음,화물,남,44세,경상
2020052500100195,2020년 5월 25일 11시,월요일,전라북도 김제시 교동,중상사고,0,1,0,0,차대사람 - 길가장자리구역통행중,안전운전불이행,건조,맑음,단일로 - 지하차도(도로)내,개인형이동수단(PM),여,58세,상해없음,보행자,여,77세,중상
2020052500100264,2020년 5월 25일 13시,월요일,전라북도 김제시 신풍동,경상사고,0,0,1,0,차대차 - 측면충돌,신호위반,건조,맑음,교차로 - 교차로안,화물,남,60세,상해없음,승용,남,64세,경상
2020052500100295,2020년 5월 25일 14시,월요일,전라북도 익산시 황등면,경상사고,0,0,1,0,차대사람 - 횡단중,안전운전불이행,건조,맑음,교차로 - 교차로안,화물,남,47세,상해없음,보행자,여,74세,경상
2020052500100296,2020년 5월 25일 14시,월요일,전라북도 정읍시 수성동,경상사고,0,0,1,0,차대차 - 측면충돌,중앙선침범,건조,맑음,단일로 - 지하차도(도로)내,화물,남,51세,상해없음,원동기,남,55세,경상
2020052500100297,2020년 5월 25일 14시,월요일,전라북도 김제시 황산동,사망사고,1,1,0,0,차대차 - 측면충돌,안전운전불이행,건조,맑음,단일로 - 지하차도(도로)내,화물,남,28세,사망,건설기계,남,57세,중상
2020052500100298,2020년 5월 25일 14시,월요일,전라북도 남원시 용정동,경상사고,0,0,1,0,차대차 - 추돌,안전운전불이행,건조,맑음,교차로 - 교차로부근,승용,남,32세,상해없음,승용,여,47세,경상
2020052500100376,2020년 5월 25일 16시,월요일,전라북도 군산시 수송동,경상사고,0,0,1,0,차대사람 - 횡단중,보행자보호의무위반,건조,맑음,단일로 - 기타,승용,여,40세,상해없음,보행자,여,12세,경상
2020052500100409,2020년 5월 25일 17시,월요일,전라북도 남원시 왕정동,경상사고,0,0,1,0,차대차 - 측면충돌,직진우회전진행방해,건조,맑음,교차로 - 교차로안,승용,남,38세,상해없음,원동기,남,69세,경상
2020052500100497,2020년 5월 25일 19시,월요일,전라북도 전주시 덕진구 덕진동1가,경상사고,0,0,1,0,차대차 - 측면충돌,차로위반,건조,맑음,단일로 - 기타,승용,남,63세,상해없음,승용,남,33세,경상
2020052500100498,2020년 5월 25일 19시,월요일,전라북도 군산시 소룡동,경상사고,0,0,1,0,차대차 - 후진중충돌,안전운전불이행,건조,맑음,단일로 - 지하차도(도로)내,승용,남,37세,상해없음,이륜,남,41세,경상
2020052500100523,2020년 5월 25일 20시,월요일,전라북도 전주시 덕진구 진북동,경상사고,0,0,1,0,차대차 - 측면충돌,신호위반,건조,맑음,교차로 - 교차로안,이륜,남,25세,상해없음,승용,여,55세,경상
2020052500100524,2020년 5월 25일 20시,월요일,전라북도 정읍시 상동,경상사고,0,0,1,0,차대사람 - 차도통행중,안전운전불이행,건조,맑음,단일로 - 기타,이륜,남,55세,상해없음,보행자,남,69세,경상
2020052600100034,2020년 5월 26일 02시,화요일,전라북도 전주시 덕진구 덕진동1가,경상사고,0,0,2,0,차대차 - 추돌,안전운전불이행,건조,맑음,단일로 - 기타,승용,남,21세,상해없음,승용,남,57세,경상
2020052600100141,2020년 5월 26일 09시,화요일,전라북도 군산시 나운동,경상사고,0,0,1,0,차대차 - 후진중충돌,불법유턴,건조,맑음,단일로 - 기타,화물,남,45세,상해없음,승용,남,51세,경상
2020052600100203,2020년 5월 26일 11시,화요일,전라북도 정읍시 하북동,경상사고,0,0,1,0,차대차 - 추돌,안전운전불이행,건조,맑음,기타 - 기타,이륜,남,37세,경상,화물,남,59세,상해없음
2020052600100237,2020년 5월 26일 12시,화요일,전라북도 군산시 사정동,경상사고,0,0,1,0,차대차 - 측면충돌,안전운전불이행,건조,맑음,교차로 - 교차로안,승용,남,41세,상해없음,개인형이동수단(PM),남,47세,경상
2020052600100278,2020년 5월 26일 13시,화요일,전라북도 군산시 구암동,경상사고,0,0,2,0,차대차 - 측면충돌,신호위반,건조,맑음,교차로 - 교차로안,화물,남,73세,상해없음,승용,남,28세,경상
2020052600100309,2020년 5월 26일 14시,화요일,전라북도 군산시 경장동,경상사고,0,0,1,0,차대차 - 측면충돌,안전운전불이행,건조,맑음,교차로 - 교차로부근,승용,여,73세,상해없음,승용,여,73세,경상
2020052600100310,2020년 5월 26일 14시,화요일,전라북도 정읍시 상동,경상사고,0,0,1,0,차대차 - 추돌,안전운전불이행,건조,맑음,교차로 - 교차로안,승용,남,72세,상해없음,승용,여,51세,경상
2020052600100346,2020년 5월 26일 15시,화요일,전라북도 정읍시 신태인읍,경상사고,0,0,2,0,차대차 - 측면충돌,안전운전불이행,건조,맑음,기타 - 기타,승용,남,58세,경상,화물,남,62세,경상
2020052600100382,2020년 5월 26일 16시,화요일,전라북도 익산시 영등동,경상사고,0,0,1,0,차대차 - 측면충돌,신호위반,건조,맑음,교차로 - 교차로안,승용,여,56세,상해없음,승용,남,71세,경상
2020052600100383,2020년 5월 26일 16시,화요일,전라북도 익산시 영등동,경상사고,0,0,1,0,차대사람 - 기타,안전거리미확보,건조,맑음,단일로 - 기타,승용,남,18세,상해없음,보행자,남,5세,경상
2020052600100456,2020년 5월 26일 18시,화요일,전라북도 군산시 영화동,경상사고,0,0,1,0,차대차 - 측면충돌,직진우회전진행방해,건조,맑음,교차로 - 교차로안,승용,남,47세,기타불명,승용,여,31세,경상
2020052600100493,2020년 5월 26일 19시,화요일,전라북도 전주시 덕진구 인후동1가,중상사고,0,1,0,0,차대사람 - 횡단중,안전운전불이행,건조,맑음,교차로 - 교차로안,승용,여,41세,상해없음,보행자,여,80세,중상
2020052600100549,2020년 5월 26일 21시,화요일,전라북도 전주시 완산구 서서학동,경상사고,0,0,2,0,차대차 - 추돌,안전운전불이행,건조,맑음,단일로 - 기타,화물,남,62세,상해없음,승용,남,67세,경상
2020052600100550,2020년 5월 26일 21시,화요일,전라북도 전주시 덕진구 덕진동1가,중상사고,0,1,0,0,차대차 - 측면충돌,안전운전불이행,건조,맑음,교차로 - 교차로안,승용,여,29세,상해없음,이륜,남,22세,중상
2020052600100572,2020년 5월 26일 22시,화요일,전라북도 부안군 변산면,중상사고,0,1,1,0,차량단독 - 공작물충돌,안전운전불이행,건조,맑음,단일로 - 기타,승용,여,55세,경상,,,,
2020052700100005,2020년 5월 27일 00시,수요일,전라북도 익산시 부송동,경상사고,0,0,2,0,차대차 - 추돌,안전운전불이행,건조,맑음,교차로 - 교차로부근,승용,남,64세,상해없음,승용,남,63세,경상
2020052700100021,2020년 5월 27일 02시,수요일,전라북도 완주군 비봉면,경상사고,0,0,1,0,차량단독 - 도로외이탈 - 기타,안전운전불이행,건조,맑음,단일로 - 기타,원동기,남,20세,경상,,,,
2020052700100052,2020년 5월 27일 06시,수요일,전라북도 정읍시 덕천면,중상사고,0,1,0,0,차대사람 - 차도통행중,안전운전불이행,건조,맑음,교차로 - 교차로부근,승용,남,41세,상해없음,보행자,여,71세,중상
2020052700100053,2020년 5월 27일 06시,수요일,전라북도 정읍시 연지동,중상사고,0,1,0,0,차대차 - 기타,직진우회전진행방해,건조,맑음,교차로 - 교차로안,승용,남,54세,상해없음,자전거,남,74세,중상
2020052700100108,2020년 5월 27일 08시,수요일,전라북도 군산시 미원동,부상신고사고,0,0,0,1,차대차 - 측면충돌,교차로운행방법위반,건조,맑음,교차로 - 교차로안,승용,남,76세,상해없음,화물,남,71세,부상신고
2020052700100139,2020년 5월 27일 09시,수요일,전라북도 전주시 완산구 용복동,경상사고,0,0,2,0,차대차 - 측면충돌,과속,건조,맑음,단일로 - 기타,승용,남,56세,상해없음,승용,여,50세,경상
2020052700100140,2020년 5월 27일 09시,수요일,전라북도 전주시 완산구 태평동,부상신고사고,0,0,0,1,차대차 - 기타,안전운전불이행,건조,맑음,교차로 - 교차로안,기타불명,기타불명,미분류,기타불명,자전거,여,25세,부상신고
2020052700100141,2020년 5월 27일 09시,수요일,전라북도 군산시 나포면,경상사고,0,0,1,0,차대차 - 기타,안전운전불이행,건조,맑음,교차로 - 교차로부근,자전거,여,65세,경상,화물,남,44세,상해없음
2020052700100142,2020년 5월 27일 09시,수요일,전라북도 익산시 용안면,경상사고,0,0,4,0,차대차 - 추돌,안전운전불이행,건조,맑음,교차로 - 교차로안,건설기계,남,48세,상해없음,승용,여,32세,경상
2020052700100176,2020년 5월 27일 10시,수요일,전라북도 임실군 오수면,경상사고,0,0,1,0,차대차 - 추돌,안전운전불이행,건조,맑음,교차로 - 교차로안,승합,남,46세,상해없음,이륜,여,58세,경상
2020052700100177,2020년 5월 27일 10시,수요일,전라북도 진안군 주천면,중상사고,0,1,1,0,차대차 - 측면충돌,직진우회전진행방해,건조,맑음,교차로 - 교차로안,원동기,여,68세,중상,승용,남,61세,경상
2020052700100365,2020년 5월 27일 15시,수요일,전라북도 익산시 오산면,경상사고,0,0,1,0,차대차 - 측면충돌,직진우회전진행방해,건조,맑음,교차로 - 교차로안,승용,여,37세,상해없음,화물,남,27세,경상
2020052700100410,2020년 5월 27일 16시,수요일,전라북도 전주시 완산구 효자동3가,경상사고,0,0,1,0,차대차 - 추돌,안전운전불이행,건조,맑음,교차로 - 교차로안,승용,남,33세,상해없음,승용,여,51세,경상
2020052700100411,2020년 5월 27일 16시,수요일,전라북도 남원시 신촌동,경상사고,0,0,1,0,차대차 - 측면충돌,교차로운행방법위반,건조,맑음,교차로 - 교차로안,승용,남,51세,상해없음,화물,남,32세,경상
2020052700100474,2020년 5월 27일 17시,수요일,전라북도 익산시 남중동,경상사고,0,0,1,0,차대사람 - 횡단중,안전운전불이행,건조,맑음,단일로 - 기타,승용,남,71세,상해없음,보행자,여,49세,경상
2020052700100475,2020년 5월 27일 17시,수요일,전라북도 익산시 오산면,경상사고,0,0,5,0,차대차 - 추돌,안전운전불이행,건조,맑음,단일로 - 기타,화물,남,26세,상해없음,승용,남,59세,경상
2020052700100476,2020년 5월 27일 17시,수요일,전라북도 정읍시 칠보면,경상사고,0,0,1,0,차대차 - 측면충돌,신호위반,건조,맑음,교차로 - 교차로안,승용,여,49세,상해없음,승용,남,77세,경상
2020052700100477,2020년 5월 27일 17시,수요일,전라북도 김제시 금구면,경상사고,0,0,5,0,차대차 - 추돌,안전운전불이행,건조,맑음,단일로 - 지하차도(도로)내,화물,남,30세,상해없음,화물,남,54세,경상
2020052700100578,2020년 5월 27일 19시,수요일,전라북도 정읍시 시기동,경상사고,0,0,1,0,차대차 - 측면충돌,불법유턴,건조,맑음,교차로 - 교차로안,화물,남,51세,상해없음,이륜,남,31세,경상
2020052700100640,2020년 5월 27일 21시,수요일,전라북도 익산시 목천동,경상사고,0,0,1,0,차대차 - 측면충돌,안전거리미확보,건조,맑음,단일로 - 기타,승용,남,51세,상해없음,승용,여,31세,경상
2020052700100668,2020년 5월 27일 22시,수요일,전라북도 전주시 완산구 효자동1가,경상사고,0,0,2,0,차대사람 - 횡단중,안전운전불이행,건조,맑음,교차로 - 교차로횡단보도내,승용,여,47세,상해없음,보행자,남,44세,경상
2020052700100669,2020년 5월 27일 22시,수요일,전라북도 전주시 덕진구 인후동1가,중상사고,0,1,0,0,차대사람 - 보도통행중,보행자보호의무위반,건조,맑음,교차로 - 교차로횡단보도내,승용,남,53세,상해없음,보행자,여,40세,중상
2020052700100700,2020년 5월 27일 23시,수요일,전라북도 임실군 신평면,중상사고,0,1,1,0,차량단독 - 공작물충돌,안전운전불이행,건조,맑음,교차로 - 교차로안,승용,남,67세,경상,,,,
2020052800100004,2020년 5월 28일 00시,목요일,전라북도 완주군 봉동읍,부상신고사고,0,0,0,1,차대차 - 기타,안전운전불이행,건조,맑음,단일로 - 기타,기타불명,기타불명,미분류,기타불명,승용,남,30세,부상신고
2020052800100081,2020년 5월 28일 07시,목요일,전라북도 익산시 목천동,경상사고,0,0,1,0,차대차 - 측면충돌,신호위반,건조,맑음,교차로 - 교차로안,화물,남,61세,상해없음,화물,남,64세,경상
2020052800100082,2020년 5월 28일 07시,목요일,전라북도 진안군 진안읍,경상사고,0,0,2,0,차대차 - 측면충돌,직진우회전진행방해,건조,맑음,교차로 - 교차로안,원동기,남,69세,경상,승용,남,24세,경상
2020052800100116,2020년 5월 28일 08시,목요일,전라북도 고창군 무장면,중상사고,0,1,0,0,차대차 - 측면충돌,안전운전불이행,건조,맑음,교차로 - 교차로부근,승용,남,30세,상해없음,승용,여,56세,중상
2020052800100192,2020년 5월 28일 10시,목요일,전라북도 군산시 장재동,경상사고,0,0,1,0,차대차 - 정면충돌,중앙선침범,건조,맑음,단일로 - 지하차도(도로)내,승용,여,57세,상해없음,이륜,남,78세,경상
2020052800100193,2020년 5월 28일 10시,목요일,전라북도 무주군 무주읍,경상사고,0,0,1,0,차대사람 - 보도통행중,안전운전불이행,건조,맑음,단일로 - 지하차도(도로)내,승용,여,61세,상해없음,보행자,남,65세,경상
2020052800100253,2020년 5월 28일 12시,목요일,전라북도 전주시 덕진구 장동,경상사고,0,0,1,0,차대차 - 측면충돌,안전운전불이행,건조,맑음,교차로 - 교차로부근,승용,남,60세,상해없음,승용,여,52세,경상
2020052800100254,2020년 5월 28일 12시,목요일,전라북도 무주군 안성면,경상사고,0,0,2,0,차대차 - 측면충돌,신호위반,건조,맑음,교차로 - 교차로안,승용,남,52세,상해없음,승용,남,60세,경상
2020052800100335,2020년 5월 28일 14시,목요일,전라북도 익산시 남중동,경상사고,0,0,1,0,차대차 - 측면충돌,직진우회전진행방해,건조,맑음,교차로 - 교차로안,승용,남,30세,상해없음,이륜,남,16세,경상
2020052800100401,2020년 5월 28일 16시,목요일,전라북도 정읍시 상동,중상사고,0,1,0,0,차대사람 - 횡단중,보행자보호의무위반,건조,맑음,교차로 - 교차로안,화물,남,56세,상해없음,보행자,여,11세,중상
2020052800100474,2020년 5월 28일 18시,목요일,전라북도 전주시 덕진구 송천동2가,경상사고,0,0,1,0,차대차 - 측면충돌,교차로운행방법위반,건조,맑음,교차로 - 교차로부근,화물,남,59세,상해없음,자전거,남,16세,경상
2020052800100475,2020년 5월 28일 18시,목요일,전라북도 익산시 동산동,경상사고,0,0,1,0,차대차 - 측면충돌,차로위반,건조,맑음,단일로 - 기타,화물,남,45세,상해없음,승용,남,47세,경상
2020052800100576,2020년 5월 28일 21시,목요일,전라북도 전주시 덕진구 송천동2가,경상사고,0,0,1,0,차대사람 - 횡단중,보행자보호의무위반,건조,맑음,교차로 - 교차로안,승용,남,58세,상해없음,보행자,여,65세,경상
2020052800100603,2020년 5월 28일 22시,목요일,전라북도 군산시 나운동,경상사고,0,0,1,0,차대차 - 측면충돌,직진우회전진행방해,건조,맑음,교차로 - 교차로안,승용,남,33세,상해없음,이륜,남,19세,경상
2020052800100604,2020년 5월 28일 22시,목요일,전라북도 군산시 명산동,경상사고,0,0,2,0,차대차 - 추돌,안전운전불이행,건조,맑음,교차로 - 교차로부근,승용,남,58세,상해없음,승용,여,59세,경상
2020052800100626,2020년 5월 28일 23시,목요일,전라북도 전주시 덕진구 우아동1가,중상사고,0,1,0,0,차대사람 - 횡단중,안전운전불이행,건조,맑음,교차로 - 교차로안,승용,남,45세,상해없음,보행자,남,18세,중상
2020052900100057,2020년 5월 29일 06시,금요일,전라북도 군산시 옥구읍,경상사고,0,0,1,0,차대차 - 측면충돌,교차로운행방법위반,건조,맑음,교차로 - 교차로안,승용,남,83세,상해없음,승용,남,63세,상해없음
2020052900100124,2020년 5월 29일 08시,금요일,전라북도 익산시 모현동1가,경상사고,0,0,1,0,차대사람 - 횡단중,안전운전불이행,건조,맑음,단일로 - 기타,승용,남,73세,상해없음,보행자,남,15세,경상
2020052900100169,2020년 5월 29일 09시,금요일,전라북도 익산시 모현동1가,경상사고,0,0,2,0,차대차 - 정면충돌,안전운전불이행,건조,맑음,교차로 - 교차로안,승용,남,31세,상해없음,승용,여,36세,경상
2020052900100170,2020년 5월 29일 09시,금요일,전라북도 고창군 신림면,경상사고,0,0,3,0,차대차 - 추돌,안전운전불이행,건조,맑음,교차로 - 교차로부근,승용,남,54세,상해없음,승용,남,56세,경상
2020052900100221,2020년 5월 29일 10시,금요일,전라북도 부안군 부안읍,경상사고,0,0,1,0,차대차 - 측면충돌,안전운전불이행,건조,맑음,교차로 - 교차로안,승용,남,53세,상해없음,승용,남,55세,경상
2020052900100290,2020년 5월 29일 12시,금요일,전라북도 군산시 서수면,중상사고,0,1,0,0,차대차 - 측면충돌,중앙선침범,건조,맑음,단일로 - 지하차도(도로)내,승용,여,58세,상해없음,이륜,남,46세,중상
2020052900100291,2020년 5월 29일 12시,금요일,전라북도 익산시 웅포면,중상사고,0,1,0,0,차대차 - 측면충돌,안전운전불이행,건조,맑음,단일로 - 기타,이륜,남,68세,중상,화물,남,60세,상해없음
2020052900100318,2020년 5월 29일 13시,금요일,전라북도 군산시 수송동,경상사고,0,0,1,0,차대사람 - 길가장자리구역통행중,안전운전불이행,건조,맑음,교차로 - 교차로안,승합,남,63세,상해없음,보행자,남,36세,경상
2020052900100356,2020년 5월 29일 14시,금요일,전라북도 전주시 덕진구 덕진동1가,경상사고,0,0,1,0,차대차 - 측면충돌,불법유턴,건조,맑음,단일로 - 기타,승용,남,54세,상해없음,이륜,남,25세,경상
2020052900100357,2020년 5월 29일 14시,금요일,전라북도 완주군 삼례읍,경상사고,0,0,1,0,차대차 - 정면충돌,중앙선침범,건조,맑음,단일로 - 기타,승용,남,40세,상해없음,승용,남,36세,경상
2020052900100391,2020년 5월 29일 15시,금요일,전라북도 전주시 덕진구 팔복동2가,경상사고,0,0,1,0,차대차 - 측면충돌,안전운전불이행,건조,맑음,단일로 - 기타,화물,남,50세,상해없음,승용,남,58세,경상
2020052900100392,2020년 5월 29일 15시,금요일,전라북도 전주시 덕진구 도도동,경상사고,0,0,1,0,차대차 - 추돌,안전운전불이행,건조,맑음,단일로 - 기타,승용,남,24세,상해없음,화물,남,55세,경상
2020052900100393,2020년 5월 29일 15시,금요일,전라북도 전주시 덕진구 금상동,중상사고,0,1,0,0,차대차 - 추돌,안전운전불이행,건조,맑음,단일로 - 기타,화물,남,43세,상해없음,승용,남,56세,상해없음
2020052900100441,2020년 5월 29일 16시,금요일,전라북도 군산시 구암동,경상사고,0,0,1,0,차대차 - 추돌,안전운전불이행,건조,맑음,교차로 - 교차로부근,승용,여,45세,상해없음,승용,남,43세,경상
2020052900100442,2020년 5월 29일 16시,금요일,전라북도 완주군 삼례읍,경상사고,0,0,1,0,차대차 - 정면충돌,안전운전불이행,건조,맑음,단일로 - 기타,화물,남,64세,상해없음,화물,여,51세,경상
2020052900100495,2020년 5월 29일 17시,금요일,전라북도 전주시 덕진구 호성동2가,경상사고,0,0,1,0,차대차 - 측면충돌,차로위반,건조,맑음,단일로 - 기타,승용,여,38세,상해없음,승용,남,37세,경상
2020052900100496,2020년 5월 29일 17시,금요일,전라북도 익산시 왕궁면,경상사고,0,0,1,0,차대차 - 측면충돌,직진우회전진행방해,건조,맑음,교차로 - 교차로안,승용,여,66세,경상,승용,남,73세,상해없음