사고번호,사고일시,요일,시군구,사고내용,사망자수,중상자수,경상자수,부상신고자수,사고유형,법규위반,노면상태,기상상태,도로형태,가해운전자 차종,가해운전자 성별,가해운전자 연령,가해운전자 상해정도,피해운전자 차종,피해운전자 성별,피해운전자 연령,피해운전자 상해정도
2020052900100545,2020년 5월 29일 18시,금요일,전라북도 정읍시 수성동,중상사고,0,1,0,0,차대차 - 측면충돌,직진우회전진행방해,건조,맑음,교차로 - 교차로안,승용,여,50세,상해없음,이륜,남,71세,중상
2020052900100637,2020년 5월 29일 20시,금요일,전라북도 전주시 덕진구 산정동,경상사고,0,0,1,0,차대사람 - 횡단중,보행자보호의무위반,건조,맑음,교차로 - 교차로횡단보도내,승용,여,59세,상해없음,보행자,남,46세,경상
2020052900100638,2020년 5월 29일 20시,금요일,전라북도 완주군 이서면,경상사고,0,0,2,0,차대사람 - 기타,안전운전불이행,건조,맑음,기타 - 기타,이륜,남,21세,경상,보행자,남,5세,경상
2020052900100677,2020년 5월 29일 21시,금요일,전라북도 전주시 덕진구 인후동1가,경상사고,0,0,2,0,차대사람 - 횡단중,안전운전불이행,건조,맑음,단일로 - 기타,승용,남,45세,상해없음,보행자,여,53세,경상
2020052900100707,2020년 5월 29일 22시,금요일,전라북도 전주시 덕진구 우아동3가,중상사고,0,1,0,0,차대사람 - 횡단중,안전운전불이행,건조,맑음,교차로 - 교차로안,승용,남,53세,상해없음,보행자,여,72세,중상
2020053000100031,2020년 5월 30일 01시,토요일,전라북도 전주시 덕진구 팔복동1가,중상사고,0,1,0,0,차대사람 - 기타,안전운전불이행,건조,맑음,단일로 - 기타,승용,남,57세,상해없음,보행자,여,36세,중상
2020053000100046,2020년 5월 30일 02시,토요일,전라북도 전주시 완산구 다가동3가,경상사고,0,0,1,0,차대사람 - 횡단중,안전운전불이행,건조,맑음,단일로 - 기타,승용,남,31세,상해없음,보행자,남,28세,경상
2020053000100057,2020년 5월 30일 03시,토요일,전라북도 군산시 비응도동,중상사고,0,1,0,0,차대차 - 측면충돌,직진우회전진행방해,건조,맑음,교차로 - 교차로안,승용,남,44세,상해없음,승용,남,40세,중상
2020053000100075,2020년 5월 30일 05시,토요일,전라북도 남원시 화정동,경상사고,0,0,3,0,차량단독 - 공작물충돌,안전운전불이행,건조,맑음,단일로 - 기타,승용,남,31세,상해없음,,,,
2020053000100084,2020년 5월 30일 06시,토요일,전라북도 정읍시 연지동,경상사고,0,0,1,0,차대차 - 측면충돌,신호위반,건조,맑음,교차로 - 교차로안,화물,남,63세,상해없음,화물,남,59세,경상
2020053000100147,2020년 5월 30일 09시,토요일,전라북도 군산시 옥도면,중상사고,0,1,0,0,차대차 - 기타,신호위반,건조,맑음,교차로 - 교차로안,화물,남,42세,기타불명,원동기,남,47세,중상
2020053000100148,2020년 5월 30일 09시,토요일,전라북도 군산시 소룡동,경상사고,0,0,1,0,차대차 - 기타,안전운전불이행,건조,맑음,단일로 - 기타,승용,남,71세,상해없음,승용,남,44세,경상
2020053000100149,2020년 5월 30일 09시,토요일,전라북도 군산시 소룡동,경상사고,0,0,2,0,차대차 - 추돌,안전운전불이행,건조,맑음,단일로 - 기타,승용,여,49세,상해없음,승용,남,81세,경상
2020053000100184,2020년 5월 30일 10시,토요일,전라북도 김제시 요촌동,중상사고,0,1,0,0,차대사람 - 기타,안전운전불이행,건조,맑음,교차로 - 교차로안,승용,남,37세,상해없음,보행자,여,85세,중상
2020053000100185,2020년 5월 30일 10시,토요일,전라북도 남원시 도통동,경상사고,0,0,1,0,차대사람 - 횡단중,안전운전불이행,건조,맑음,단일로 - 기타,승용,남,43세,상해없음,보행자,남,76세,경상
2020053000100274,2020년 5월 30일 12시,토요일,전라북도 전주시 완산구 서신동,경상사고,0,0,2,0,차대차 - 기타,안전운전불이행,건조,맑음,교차로 - 교차로부근,승용,남,45세,상해없음,승용,여,44세,경상
2020053000100275,2020년 5월 30일 12시,토요일,전라북도 전주시 완산구 중인동,경상사고,0,0,1,0,차대차 - 추돌,안전운전불이행,건조,맑음,교차로 - 교차로안,화물,남,59세,상해없음,승용,남,58세,경상
2020053000100276,2020년 5월 30일 12시,토요일,전라북도 전주시 덕진구 금암동,경상사고,0,0,1,0,차대차 - 측면충돌,안전운전불이행,건조,맑음,단일로 - 기타,승용,여,52세,상해없음,자전거,남,31세,경상
2020053000100445,2020년 5월 30일 16시,토요일,전라북도 정읍시 농소동,경상사고,0,0,1,0,차대차 - 측면충돌,신호위반,건조,맑음,교차로 - 교차로안,승용,여,49세,상해없음,승용,남,40세,경상
2020053000100446,2020년 5월 30일 16시,토요일,전라북도 남원시 주생면,중상사고,0,1,0,0,차대차 - 측면충돌,중앙선침범,건조,맑음,단일로 - 기타,자전거,여,10세,중상,승합,남,18세,상해없음
2020053000100447,2020년 5월 30일 16시,토요일,전라북도 남원시 향교동,경상사고,0,0,1,0,차대차 - 측면충돌,신호위반,건조,맑음,교차로 - 교차로횡단보도내,승용,여,57세,상해없음,자전거,남,10세,경상
2020053000100487,2020년 5월 30일 17시,토요일,전라북도 김제시 금산면,중상사고,0,1,1,0,차대차 - 추돌,안전운전불이행,건조,맑음,단일로 - 기타,승용,남,69세,상해없음,승용,남,24세,중상
2020053000100548,2020년 5월 30일 19시,토요일,전라북도 전주시 덕진구 송천동1가,중상사고,0,1,0,0,차대사람 - 횡단중,안전운전불이행,건조,맑음,단일로 - 기타,승용,남,19세,상해없음,보행자,여,62세,중상
2020053000100604,2020년 5월 30일 21시,토요일,전라북도 익산시 영등동,경상사고,0,0,2,0,차대차 - 추돌,안전운전불이행,건조,맑음,교차로 - 교차로부근,승용,남,49세,경상,승용,남,45세,경상
2020053000100605,2020년 5월 30일 21시,토요일,전라북도 김제시 요촌동,경상사고,0,0,1,0,차대차 - 측면충돌,직진우회전진행방해,건조,맑음,교차로 - 교차로안,승용,여,58세,상해없음,승용,남,68세,경상
2020053000100632,2020년 5월 30일 22시,토요일,전라북도 군산시 수송동,경상사고,0,0,1,0,차대사람 - 길가장자리구역통행중,안전운전불이행,건조,맑음,단일로 - 기타,승용,남,22세,상해없음,보행자,여,26세,경상
2020053000100653,2020년 5월 30일 23시,토요일,전라북도 군산시 대야면,중상사고,0,3,1,0,차대차 - 기타,중앙선침범,건조,맑음,단일로 - 기타,승용,남,46세,상해없음,승용,여,28세,중상
2020053100100095,2020년 5월 31일 09시,일요일,전라북도 고창군 흥덕면,사망사고,1,0,0,0,차대사람 - 횡단중,안전운전불이행,건조,맑음,교차로 - 교차로부근,승용,남,73세,상해없음,보행자,여,63세,사망
2020053100100112,2020년 5월 31일 10시,일요일,전라북도 완주군 봉동읍,중상사고,0,2,0,0,차대차 - 기타,안전운전불이행,건조,맑음,기타 - 기타,승용,여,36세,상해없음,농기계,남,75세,중상
2020053100100142,2020년 5월 31일 11시,일요일,전라북도 김제시 검산동,경상사고,0,0,1,0,차대차 - 측면충돌,불법유턴,건조,맑음,교차로 - 교차로안,승용,여,31세,상해없음,승용,여,45세,경상
2020053100100233,2020년 5월 31일 14시,일요일,전라북도 군산시 경암동,경상사고,0,0,1,0,차대차 - 기타,안전운전불이행,건조,맑음,단일로 - 기타,승용,남,27세,상해없음,승용,남,52세,경상
2020053100100262,2020년 5월 31일 15시,일요일,전라북도 전주시 완산구 삼천동1가,경상사고,0,0,1,0,차대차 - 측면충돌,안전운전불이행,건조,맑음,교차로 - 교차로안,승용,여,39세,상해없음,승용,남,41세,경상
2020053100100334,2020년 5월 31일 17시,일요일,전라북도 군산시 수송동,경상사고,0,0,1,0,차대차 - 기타,신호위반,건조,맑음,교차로 - 교차로안,승용,남,60세,상해없음,승용,남,49세,경상
2020053100100395,2020년 5월 31일 19시,일요일,전라북도 전주시 완산구 평화동1가,경상사고,0,0,1,0,차대차 - 기타,신호위반,건조,맑음,교차로 - 교차로부근,승용,남,65세,상해없음,이륜,남,39세,경상
2020053100100420,2020년 5월 31일 20시,일요일,전라북도 임실군 관촌면,중상사고,0,1,1,0,차대사람 - 차도통행중,안전운전불이행,건조,맑음,단일로 - 기타,이륜,남,89세,경상,보행자,여,68세,중상
2020053100100468,2020년 5월 31일 22시,일요일,전라북도 정읍시 수성동,경상사고,0,0,2,0,차대차 - 측면충돌,안전운전불이행,건조,맑음,교차로 - 교차로안,승용,남,61세,경상,승용,남,45세,경상
2020053100100487,2020년 5월 31일 23시,일요일,전라북도 전주시 완산구 효자동3가,경상사고,0,0,1,0,차대사람 - 기타,안전운전불이행,건조,맑음,단일로 - 기타,승용,남,68세,상해없음,보행자,여,20세,경상
2020053100100488,2020년 5월 31일 23시,일요일,전라북도 전주시 완산구 중화산동2가,경상사고,0,0,1,0,차대차 - 추돌,안전거리미확보,건조,맑음,단일로 - 기타,승용,남,22세,상해없음,승용,남,73세,경상
2020060100100008,2020년 6월 1일 00시,월요일,전라북도 군산시 미룡동,경상사고,0,0,1,0,차량단독 - 공작물충돌,안전운전불이행,건조,맑음,단일로 - 기타,승용,남,37세,경상,,,,
2020060100100009,2020년 6월 1일 00시,월요일,전라북도 익산시 어양동,경상사고,0,0,2,0,차대차 - 추돌,안전운전불이행,건조,맑음,교차로 - 교차로부근,승용,남,23세,상해없음,승용,남,53세,경상
2020060100100056,2020년 6월 1일 06시,월요일,전라북도 전주시 완산구 서신동,경상사고,0,0,2,0,차대차 - 측면충돌,안전운전불이행,젖음/습기,비,기타 - 기타,승용,남,54세,상해없음,승용,남,38세,경상
2020060100100067,2020년 6월 1일 07시,월요일,전라북도 익산시 영등동,경상사고,0,0,1,0,차대차 - 정면충돌,안전운전불이행,젖음/습기,흐림,교차로 - 교차로부근,승용,남,60세,상해없음,승용,남,68세,경상
2020060100100068,2020년 6월 1일 07시,월요일,전라북도 임실군 덕치면,경상사고,0,0,1,0,차대차 - 측면충돌,중앙선침범,건조,맑음,단일로 - 기타,화물,남,69세,상해없음,승용,여,57세,경상
2020060100100100,2020년 6월 1일 08시,월요일,전라북도 전주시 완산구 서신동,중상사고,0,1,1,0,차대차 - 기타,신호위반,젖음/습기,맑음,교차로 - 교차로안,승용,남,57세,상해없음,자전거,남,63세,중상
2020060100100101,2020년 6월 1일 08시,월요일,전라북도 정읍시 수성동,경상사고,0,0,1,0,차대차 - 측면충돌,직진우회전진행방해,건조,맑음,교차로 - 교차로안,승용,남,79세,상해없음,승용,여,22세,경상
2020060100100102,2020년 6월 1일 08시,월요일,전라북도 김제시 백산면,중상사고,0,1,0,0,차대차 - 측면충돌,직진우회전진행방해,건조,맑음,교차로 - 교차로안,건설기계,남,45세,상해없음,화물,남,42세,중상
2020060100100103,2020년 6월 1일 08시,월요일,전라북도 남원시 노암동,경상사고,0,0,2,0,차대차 - 기타,안전운전불이행,건조,맑음,교차로 - 교차로부근,승용,여,40세,경상,승용,여,58세,경상
2020060100100104,2020년 6월 1일 08시,월요일,전라북도 완주군 이서면,중상사고,0,1,0,0,차대사람 - 차도통행중,불법유턴,건조,맑음,교차로 - 교차로부근,화물,남,57세,상해없음,보행자,여,78세,중상
2020060100100139,2020년 6월 1일 09시,월요일,전라북도 전주시 덕진구 성덕동,중상사고,0,1,1,0,차대차 - 추돌,안전거리미확보,건조,맑음,단일로 - 기타,화물,남,61세,중상,건설기계,남,53세,경상
2020060100100140,2020년 6월 1일 09시,월요일,전라북도 익산시 어양동,경상사고,0,0,1,0,차대차 - 측면충돌,직진우회전진행방해,건조,맑음,교차로 - 교차로안,화물,남,66세,상해없음,승용,여,54세,경상
2020060100100141,2020년 6월 1일 09시,월요일,전라북도 남원시 죽항동,경상사고,0,0,1,0,차대사람 - 횡단중,보행자보호의무위반,건조,맑음,교차로 - 교차로횡단보도내,화물,남,63세,상해없음,보행자,남,64세,경상
2020060100100179,2020년 6월 1일 10시,월요일,전라북도 익산시 부송동,중상사고,0,1,0,0,차대차 - 측면충돌,신호위반,건조,맑음,교차로 - 교차로안,승용,남,65세,상해없음,이륜,남,71세,중상
2020060100100257,2020년 6월 1일 12시,월요일,전라북도 익산시 창인동1가,경상사고,0,0,1,0,차대차 - 측면충돌,안전거리미확보,건조,맑음,단일로 - 기타,승용,남,47세,상해없음,승용,여,54세,경상
2020060100100349,2020년 6월 1일 14시,월요일,전라북도 익산시 용동면,경상사고,0,0,1,0,차대사람 - 기타,안전운전불이행,건조,맑음,단일로 - 기타,화물,남,78세,상해없음,보행자,여,80세,경상
2020060100100398,2020년 6월 1일 15시,월요일,전라북도 익산시 팔봉동,경상사고,0,0,1,0,차대차 - 기타,기타,건조,맑음,교차로 - 교차로안,승용,남,20세,경상,승용,남,26세,상해없음
2020060100100399,2020년 6월 1일 15시,월요일,전라북도 익산시 월성동,경상사고,0,0,2,0,차대차 - 측면충돌,안전운전불이행,건조,맑음,단일로 - 기타,건설기계,남,56세,상해없음,승용,여,37세,경상
2020060100100400,2020년 6월 1일 15시,월요일,전라북도 정읍시 소성면,경상사고,0,0,2,0,차대차 - 추돌,안전운전불이행,건조,맑음,교차로 - 교차로부근,승용,남,66세,상해없음,승용,여,61세,경상
2020060100100401,2020년 6월 1일 15시,월요일,전라북도 고창군 무장면,경상사고,0,0,2,0,차대차 - 정면충돌,교차로운행방법위반,건조,맑음,교차로 - 교차로안,승합,남,60세,상해없음,승용,여,35세,경상
2020060100100402,2020년 6월 1일 15시,월요일,전라북도 완주군 이서면,경상사고,0,0,1,0,차대사람 - 횡단중,보행자보호의무위반,건조,맑음,교차로 - 교차로안,승용,여,35세,상해없음,보행자,여,6세,경상
2020060100100505,2020년 6월 1일 17시,월요일,전라북도 김제시 요촌동,경상사고,0,0,2,0,차대차 - 측면충돌,직진우회전진행방해,건조,맑음,교차로 - 교차로안,승용,여,30세,상해없음,승용,남,71세,경상
2020060100100506,2020년 6월 1일 17시,월요일,전라북도 김제시 죽산면,중상사고,0,3,0,0,차대차 - 추돌,안전운전불이행,건조,맑음,단일로 - 기타,화물,남,40세,상해없음,승합,남,71세,중상
2020060100100577,2020년 6월 1일 18시,월요일,전라북도 전주시 덕진구 만성동,경상사고,0,0,1,0,차대차 - 측면충돌,불법유턴,건조,맑음,교차로 - 교차로부근,화물,남,52세,상해없음,원동기,남,51세,경상
2020060100100578,2020년 6월 1일 18시,월요일,전라북도 익산시 남중동,중상사고,0,1,0,0,차대사람 - 횡단중,중앙선침범,건조,맑음,단일로 - 기타,승용,남,24세,상해없음,보행자,남,35세,중상
2020060100100651,2020년 6월 1일 20시,월요일,전라북도 남원시 도통동,중상사고,0,1,0,0,차대차 - 측면충돌,신호위반,건조,맑음,교차로 - 교차로횡단보도내,화물,남,63세,상해없음,자전거,남,17세,중상
2020060100100675,2020년 6월 1일 21시,월요일,전라북도 전주시 완산구 삼천동1가,경상사고,0,0,2,0,차대차 - 추돌,안전운전불이행,건조,맑음,단일로 - 기타,승용,남,65세,상해없음,승용,남,64세,경상
2020060100100701,2020년 6월 1일 22시,월요일,전라북도 전주시 완산구 서노송동,경상사고,0,0,1,0,차대차 - 측면충돌,안전운전불이행,건조,맑음,단일로 - 기타,승용,남,29세,상해없음,승용,여,43세,경상
2020060100100702,2020년 6월 1일 22시,월요일,전라북도 전주시 덕진구 송천동1가,부상신고사고,0,0,0,1,차대차 - 측면충돌,불법유턴,건조,맑음,단일로 - 기타,승용,남,23세,상해없음,자전거,남,15세,부상신고
2020060100100703,2020년 6월 1일 22시,월요일,전라북도 익산시 신동,중상사고,0,1,0,0,차대사람 - 횡단중,안전운전불이행,건조,맑음,단일로 - 기타,승용,남,32세,상해없음,보행자,남,52세,중상
2020060100100731,2020년 6월 1일 23시,월요일,전라북도 전주시 덕진구 금암동,중상사고,0,1,0,0,차대차 - 측면충돌,불법유턴,건조,맑음,교차로 - 교차로부근,승용,남,20세,상해없음,이륜,남,18세,중상
2020060200100005,2020년 6월 2일 00시,화요일,전라북도 전주시 덕진구 우아동1가,경상사고,0,0,1,0,차대차 - 측면충돌,신호위반,건조,맑음,교차로 - 교차로부근,승용,여,42세,상해없음,승용,남,59세,경상
2020060200100028,2020년 6월 2일 04시,화요일,전라북도 부안군 동진면,중상사고,0,1,1,0,차대차 - 후진중충돌,안전운전불이행,건조,맑음,교차로 - 교차로부근,화물,남,38세,중상,화물,남,61세,경상
2020060200100045,2020년 6월 2일 06시,화요일,전라북도 익산시 금강동,경상사고,0,0,1,0,차대차 - 측면충돌,안전운전불이행,건조,맑음,교차로 - 교차로안,자전거,남,70세,경상,승용,남,53세,상해없음
2020060200100098,2020년 6월 2일 08시,화요일,전라북도 전주시 덕진구 덕진동2가,경상사고,0,0,2,0,차대차 - 정면충돌,신호위반,건조,맑음,교차로 - 교차로안,승용,남,71세,상해없음,승용,남,60세,경상
2020060200100099,2020년 6월 2일 08시,화요일,전라북도 군산시 지곡동,중상사고,0,1,0,0,차대사람 - 차도통행중,신호위반,건조,맑음,교차로 - 교차로부근,승용,남,58세,상해없음,보행자,여,62세,중상
2020060200100140,2020년 6월 2일 09시,화요일,전라북도 부안군 줄포면,경상사고,0,0,2,0,차대차 - 측면충돌,신호위반,건조,맑음,교차로 - 교차로안,승용,여,28세,경상,건설기계,남,44세,상해없음
2020060200100171,2020년 6월 2일 10시,화요일,전라북도 전주시 완산구 효자동1가,경상사고,0,0,4,0,차대차 - 기타,신호위반,건조,맑음,교차로 - 교차로안,승용,남,71세,상해없음,승용,남,63세,경상
2020060200100172,2020년 6월 2일 10시,화요일,전라북도 전주시 덕진구 우아동3가,경상사고,0,0,1,0,차대사람 - 횡단중,신호위반,건조,맑음,교차로 - 교차로안,승합,남,46세,상해없음,보행자,여,91세,경상
2020060200100173,2020년 6월 2일 10시,화요일,전라북도 정읍시 용계동,중상사고,0,1,0,0,차대사람 - 차도통행중,안전운전불이행,건조,맑음,교차로 - 교차로안,화물,남,59세,상해없음,보행자,여,57세,중상
2020060200100205,2020년 6월 2일 11시,화요일,전라북도 익산시 남중동,중상사고,0,1,0,0,차대차 - 측면충돌,안전운전불이행,건조,맑음,교차로 - 교차로안,승용,여,32세,상해없음,자전거,남,83세,중상
2020060200100335,2020년 6월 2일 14시,화요일,전라북도 전주시 완산구 서신동,중상사고,0,1,0,0,차대사람 - 횡단중,보행자보호의무위반,건조,맑음,교차로 - 교차로횡단보도내,승합,남,54세,상해없음,보행자,여,78세,중상
2020060200100375,2020년 6월 2일 15시,화요일,전라북도 익산시 모현동1가,경상사고,0,0,1,0,차대차 - 측면충돌,차로위반,건조,맑음,교차로 - 교차로부근,승용,여,64세,기타불명,이륜,남,24세,경상
2020060200100417,2020년 6월 2일 16시,화요일,전라북도 전주시 완산구 효자동2가,중상사고,0,2,1,0,차대차 - 측면충돌,중앙선침범,건조,맑음,교차로 - 교차로부근,승용,여,54세,상해없음,승용,남,57세,중상
2020060200100453,2020년 6월 2일 17시,화요일,전라북도 익산시 모현동1가,경상사고,0,0,1,0,차대차 - 측면충돌,차로위반,건조,맑음,단일로 - 기타,승용,남,63세,상해없음,승용,여,39세,경상
2020060200100486,2020년 6월 2일 18시,화요일,전라북도 익산시 영등동,경상사고,0,0,1,0,차대차 - 측면충돌,직진우회전진행방해,건조,맑음,교차로 - 교차로안,승용,여,46세,상해없음,승용,남,25세,경상
2020060200100521,2020년 6월 2일 19시,화요일,전라북도 정읍시 상동,중상사고,0,1,0,0,차대차 - 측면충돌,직진우회전진행방해,건조,흐림,교차로 - 교차로안,자전거,남,15세,중상,승용,여,34세,상해없음
2020060200100522,2020년 6월 2일 19시,화요일,전라북도 정읍시 북면,경상사고,0,0,2,0,차대차 - 측면충돌,직진우회전진행방해,건조,흐림,교차로 - 교차로안,승용,남,66세,상해없음,승용,남,39세,경상
2020060200100523,2020년 6월 2일 19시,화요일,전라북도 진안군 주천면,중상사고,0,1,0,0,차량단독 - 공작물충돌,안전운전불이행,건조,맑음,단일로 - 기타,화물,남,54세,중상,,,,
2020060200100571,2020년 6월 2일 21시,화요일,전라북도 전주시 완산구 중노송동,중상사고,0,1,0,0,차대사람 - 보도통행중,과속,건조,맑음,단일로 - 기타,승용,남,69세,상해없음,보행자,여,68세,중상
2020060200100597,2020년 6월 2일 22시,화요일,전라북도 전주시 완산구 서서학동,경상사고,0,0,1,0,차대차 - 추돌,안전운전불이행,건조,맑음,교차로 - 교차로부근,승용,여,32세,상해없음,승용,남,45세,경상
2020060300100095,2020년 6월 3일 08시,수요일,전라북도 전주시 덕진구 송천동1가,경상사고,0,0,1,0,차대사람 - 기타,기타,건조,맑음,교차로 - 교차로안,승용,남,24세,상해없음,보행자,남,9세,경상
2020060300100134,2020년 6월 3일 09시,수요일,전라북도 군산시 오식도동,경상사고,0,0,2,0,차대차 - 추돌,안전운전불이행,건조,맑음,교차로 - 교차로부근,화물,남,61세,기타불명,승용,여,44세,경상
2020060300100135,2020년 6월 3일 09시,수요일,전라북도 익산시 용동면,경상사고,0,0,1,3,차량단독 - 공작물충돌,안전운전불이행,건조,맑음,교차로 - 교차로안,승합,남,60세,상해없음,,,,
2020060300100136,2020년 6월 3일 09시,수요일,전라북도 김제시 입석동,중상사고,0,1,0,0,차대차 - 측면충돌,교차로운행방법위반,건조,맑음,교차로 - 교차로안,승용,여,49세,상해없음,이륜,남,75세,중상
2020060300100137,2020년 6월 3일 09시,수요일,전라북도 순창군 순창읍,부상신고사고,0,0,0,1,차량단독 - 공작물충돌,안전운전불이행,건조,맑음,교차로 - 교차로부근,승용,남,62세,부상신고,,,,
2020060300100155,2020년 6월 3일 10시,수요일,전라북도 군산시 비응도동,경상사고,0,0,1,0,차대차 - 추돌,안전운전불이행,건조,맑음,교차로 - 교차로부근,승용,남,62세,상해없음,승용,여,42세,경상
2020060300100156,2020년 6월 3일 10시,수요일,전라북도 익산시 남중동,중상사고,0,1,0,0,차대사람 - 보도통행중,보행자보호의무위반,건조,맑음,교차로 - 교차로횡단보도내,승용,남,64세,상해없음,보행자,여,77세,중상
2020060300100253,2020년 6월 3일 13시,수요일,전라북도 남원시 동충동,중상사고,0,1,0,0,차대차 - 기타,안전운전불이행,건조,맑음,교차로 - 교차로안,승용,남,39세,상해없음,이륜,남,69세,중상
2020060300100290,2020년 6월 3일 14시,수요일,전라북도 임실군 오수면,경상사고,0,0,1,0,차대차 - 측면충돌,신호위반,건조,맑음,교차로 - 교차로안,승용,여,63세,상해없음,화물,남,44세,경상
2020060300100333,2020년 6월 3일 15시,수요일,전라북도 군산시 해망동,경상사고,0,0,1,0,차대차 - 추돌,안전운전불이행,건조,맑음,교차로 - 교차로안,승용,남,59세,상해없음,승용,여,40세,경상
2020060300100334,2020년 6월 3일 15시,수요일,전라북도 김제시 입석동,경상사고,0,0,1,0,차대사람 - 길가장자리구역통행중,안전운전불이행,건조,맑음,단일로 - 지하차도(도로)내,승용,남,61세,상해없음,보행자,여,63세,경상
2020060300100418,2020년 6월 3일 17시,수요일,전라북도 전주시 덕진구 인후동1가,경상사고,0,0,1,0,차대차 - 기타,안전운전불이행,건조,맑음,단일로 - 기타,승합,남,56세,상해없음,승합,남,31세,경상
2020060300100482,2020년 6월 3일 18시,수요일,전라북도 전주시 완산구 효자동3가,중상사고,0,1,0,0,차대사람 - 차도통행중,안전운전불이행,건조,맑음,교차로 - 교차로부근,승용,남,68세,상해없음,보행자,여,47세,중상
2020060300100524,2020년 6월 3일 19시,수요일,전라북도 익산시 용안면,중상사고,0,1,0,0,차대차 - 정면충돌,안전운전불이행,건조,맑음,기타 - 기타,승용,여,59세,상해없음,이륜,남,77세,중상
2020060300100551,2020년 6월 3일 20시,수요일,전라북도 군산시 산북동,경상사고,0,0,1,0,차대차 - 측면충돌,안전운전불이행,건조,맑음,교차로 - 교차로안,자전거,남,13세,경상,승용,남,36세,상해없음
2020060400100056,2020년 6월 4일 06시,목요일,전라북도 전주시 완산구 효자동1가,경상사고,0,0,3,0,차대차 - 추돌,안전거리미확보,건조,맑음,단일로 - 기타,승용,여,25세,경상,화물,남,34세,경상
2020060400100099,2020년 6월 4일 08시,목요일,전라북도 익산시 신흥동,경상사고,0,0,1,0,차대차 - 추돌,안전운전불이행,건조,맑음,교차로 - 교차로부근,승용,남,33세,상해없음,승용,여,29세,경상
2020060400100158,2020년 6월 4일 10시,목요일,전라북도 진안군 진안읍,중상사고,0,1,0,0,차량단독 - 도로외이탈 - 추락,안전운전불이행,건조,맑음,단일로 - 기타,화물,남,62세,상해없음,,,,
2020060400100187,2020년 6월 4일 11시,목요일,전라북도 전주시 완산구 태평동,경상사고,0,0,1,0,차대차 - 정면충돌,신호위반,건조,맑음,교차로 - 교차로횡단보도내,승용,남,48세,상해없음,자전거,남,18세,경상
2020060400100224,2020년 6월 4일 12시,목요일,전라북도 익산시 목천동,경상사고,0,0,1,0,차대차 - 측면충돌,직진우회전진행방해,건조,맑음,교차로 - 교차로안,화물,남,62세,상해없음,승용,남,69세,경상
2020060400100263,2020년 6월 4일 13시,목요일,전라북도 군산시 경암동,경상사고,0,0,1,0,차대차 - 추돌,과속,건조,맑음,단일로 - 기타,승용,남,65세,상해없음,이륜,여,70세,경상
2020060400100388,2020년 6월 4일 16시,목요일,전라북도 정읍시 시기동,중상사고,0,1,1,0,차대차 - 측면충돌,신호위반,건조,맑음,교차로 - 교차로안,이륜,남,80세,경상,승용,여,40세,상해없음
2020060400100440,2020년 6월 4일 17시,목요일,전라북도 남원시 향교동,경상사고,0,0,1,0,차대차 - 측면충돌,안전운전불이행,건조,맑음,단일로 - 기타,승용,남,73세,상해없음,자전거,여,32세,경상
2020060400100482,2020년 6월 4일 18시,목요일,전라북도 전주시 완산구 중화산동2가,중상사고,0,1,0,0,차대사람 - 횡단중,보행자보호의무위반,건조,맑음,교차로 - 교차로횡단보도내,승용,여,63세,상해없음,보행자,여,43세,중상
2020060400100483,2020년 6월 4일 18시,목요일,전라북도 전주시 덕진구 송천동2가,중상사고,0,1,0,0,차대차 - 측면충돌,직진우회전진행방해,건조,맑음,교차로 - 교차로안,승용,남,25세,상해없음,이륜,남,59세,중상
2020060400100484,2020년 6월 4일 18시,목요일,전라북도 군산시 옥구읍,중상사고,0,1,0,0,차대차 - 기타,안전운전불이행,건조,맑음,단일로 - 기타,승용,남,28세,상해없음,이륜,남,23세,중상
2020060400100485,2020년 6월 4일 18시,목요일,전라북도 익산시 영등동,중상사고,0,1,0,0,차대사람 - 횡단중,안전운전불이행,건조,맑음,교차로 - 교차로횡단보도내,승용,여,46세,상해없음,보행자,남,37세,중상
2020060400100486,2020년 6월 4일 18시,목요일,전라북도 완주군 봉동읍,중상사고,0,1,0,0,차대차 - 측면충돌,기타,건조,맑음,단일로 - 기타,승용,남,29세,상해없음,자전거,여,6세,중상
2020060400100487,2020년 6월 4일 18시,목요일,전라북도 완주군 용진읍,경상사고,0,0,1,0,차대차 - 기타,차로위반,건조,맑음,단일로 - 기타,화물,남,72세,상해없음,승용,남,29세,경상
2020060400100530,2020년 6월 4일 19시,목요일,전라북도 전주시 덕진구 송천동2가,경상사고,0,0,1,0,차대차 - 측면충돌,안전운전불이행,건조,맑음,교차로 - 교차로안,승용,남,50세,상해없음,승용,여,37세,경상
2020060400100531,2020년 6월 4일 19시,목요일,전라북도 진안군 성수면,중상사고,0,1,0,0,차대사람 - 횡단중,불법유턴,건조,맑음,단일로 - 기타,화물,남,50세,상해없음,보행자,여,70세,중상
2020060400100562,2020년 6월 4일 20시,목요일,전라북도 임실군 청웅면,사망사고,1,0,1,0,차대차 - 추돌,안전운전불이행,건조,맑음,단일로 - 기타,승용,여,50세,경상,농기계,남,57세,사망
2020060400100563,2020년 6월 4일 20시,목요일,전라북도 완주군 봉동읍,중상사고,0,1,0,0,차대차 - 측면충돌,직진우회전진행방해,건조,맑음,교차로 - 교차로안,승용,남,37세,상해없음,이륜,남,21세,중상