사고번호,사고일시,요일,시군구,사고내용,사망자수,중상자수,경상자수,부상신고자수,사고유형,법규위반,노면상태,기상상태,도로형태,가해운전자 차종,가해운전자 성별,가해운전자 연령,가해운전자 상해정도,피해운전자 차종,피해운전자 성별,피해운전자 연령,피해운전자 상해정도
2020060400100626,2020년 6월 4일 22시,목요일,전라북도 군산시 소룡동,경상사고,0,0,1,0,차대차 - 측면충돌,교차로운행방법위반,건조,맑음,교차로 - 교차로안,승용,남,58세,상해없음,이륜,남,46세,경상
2020060400100644,2020년 6월 4일 23시,목요일,전라북도 익산시 신흥동,사망사고,1,0,0,0,차량단독 - 공작물충돌,안전운전불이행,건조,맑음,단일로 - 기타,이륜,남,49세,사망,,,,
2020060500100013,2020년 6월 5일 00시,금요일,전라북도 군산시 옥산면,경상사고,0,0,2,0,차대차 - 기타,신호위반,건조,맑음,교차로 - 교차로안,승용,남,26세,상해없음,승용,여,45세,경상
2020060500100028,2020년 6월 5일 01시,금요일,전라북도 전주시 완산구 평화동2가,경상사고,0,0,2,0,차대차 - 측면충돌,중앙선침범,건조,맑음,교차로 - 교차로부근,승용,남,21세,상해없음,승용,남,53세,경상
2020060500100087,2020년 6월 5일 07시,금요일,전라북도 익산시 팔봉동,경상사고,0,0,1,0,차대차 - 측면충돌,교차로운행방법위반,건조,맑음,교차로 - 교차로안,승용,남,36세,상해없음,승용,여,53세,경상
2020060500100214,2020년 6월 5일 11시,금요일,전라북도 군산시 대명동,경상사고,0,0,1,0,차대사람 - 기타,안전운전불이행,건조,맑음,교차로 - 교차로안,화물,남,44세,상해없음,보행자,남,78세,경상
2020060500100215,2020년 6월 5일 11시,금요일,전라북도 익산시 모현동1가,중상사고,0,1,1,0,차대차 - 측면충돌,안전거리미확보,건조,맑음,교차로 - 교차로횡단보도내,이륜,남,70세,상해없음,이륜,남,78세,경상
2020060500100254,2020년 6월 5일 12시,금요일,전라북도 남원시 용정동,경상사고,0,0,2,0,차대차 - 측면충돌,중앙선침범,건조,맑음,단일로 - 기타,화물,남,72세,상해없음,화물,남,31세,경상
2020060500100255,2020년 6월 5일 12시,금요일,전라북도 진안군 진안읍,경상사고,0,0,2,0,차대차 - 추돌,안전운전불이행,건조,맑음,단일로 - 기타,화물,남,59세,상해없음,화물,남,29세,경상
2020060500100387,2020년 6월 5일 15시,금요일,전라북도 전주시 완산구 서신동,경상사고,0,0,6,0,차대차 - 추돌,안전운전불이행,건조,맑음,기타 - 기타,승용,여,63세,상해없음,승용,여,30세,경상
2020060500100388,2020년 6월 5일 15시,금요일,전라북도 익산시 모현동1가,경상사고,0,0,1,0,차대사람 - 횡단중,안전운전불이행,건조,맑음,교차로 - 교차로안,화물,남,56세,상해없음,보행자,여,34세,경상
2020060500100433,2020년 6월 5일 16시,금요일,전라북도 군산시 성산면,경상사고,0,0,1,0,차대차 - 후진중충돌,안전운전불이행,건조,맑음,단일로 - 기타,승용,남,73세,상해없음,승용,여,25세,경상
2020060500100527,2020년 6월 5일 18시,금요일,전라북도 정읍시 북면,경상사고,0,0,2,0,차대차 - 측면충돌,직진우회전진행방해,건조,맑음,교차로 - 교차로안,승용,여,61세,경상,화물,남,53세,경상
2020060500100528,2020년 6월 5일 18시,금요일,전라북도 김제시 요촌동,중상사고,0,1,0,0,차대차 - 측면충돌,불법유턴,건조,맑음,교차로 - 교차로안,승용,남,67세,상해없음,이륜,남,38세,중상
2020060500100661,2020년 6월 5일 21시,금요일,전라북도 전주시 덕진구 진북동,경상사고,0,0,2,0,차대차 - 추돌,안전운전불이행,건조,맑음,교차로 - 교차로부근,승용,남,64세,상해없음,승용,남,50세,경상
2020060500100718,2020년 6월 5일 23시,금요일,전라북도 익산시 모현동1가,중상사고,0,1,0,0,차대사람 - 길가장자리구역통행중,안전운전불이행,건조,맑음,단일로 - 기타,승용,여,38세,상해없음,보행자,여,45세,중상
2020060600100057,2020년 6월 6일 03시,토요일,전라북도 전주시 완산구 효자동3가,경상사고,0,0,1,0,차대사람 - 횡단중,안전운전불이행,건조,맑음,교차로 - 교차로부근,승용,남,62세,상해없음,보행자,남,28세,경상
2020060600100103,2020년 6월 6일 08시,토요일,전라북도 김제시 상동동,경상사고,0,0,1,0,차대차 - 측면충돌,안전거리미확보,건조,맑음,단일로 - 기타,건설기계,남,39세,상해없음,승용,남,38세,경상
2020060600100184,2020년 6월 6일 11시,토요일,전라북도 전주시 완산구 삼천동3가,경상사고,0,0,3,0,차대차 - 추돌,안전운전불이행,건조,맑음,교차로 - 교차로부근,화물,남,72세,상해없음,승용,남,55세,경상
2020060600100185,2020년 6월 6일 11시,토요일,전라북도 전주시 덕진구 호성동2가,경상사고,0,0,2,0,차대차 - 측면충돌,직진우회전진행방해,건조,맑음,교차로 - 교차로부근,승용,남,40세,상해없음,승용,여,46세,경상
2020060600100186,2020년 6월 6일 11시,토요일,전라북도 전주시 덕진구 금암동,경상사고,0,0,3,0,차대차 - 측면충돌,안전거리미확보,건조,맑음,단일로 - 기타,승용,남,24세,상해없음,승용,남,51세,경상
2020060600100223,2020년 6월 6일 12시,토요일,전라북도 부안군 변산면,경상사고,0,0,1,0,차대차 - 후진중충돌,안전운전불이행,건조,맑음,단일로 - 지하차도(도로)내,화물,남,55세,상해없음,이륜,남,55세,경상
2020060600100262,2020년 6월 6일 13시,토요일,전라북도 정읍시 수성동,경상사고,0,0,1,0,차대사람 - 횡단중,보행자보호의무위반,건조,맑음,교차로 - 교차로횡단보도내,승용,여,56세,상해없음,보행자,여,49세,경상
2020060600100340,2020년 6월 6일 15시,토요일,전라북도 군산시 동흥남동,경상사고,0,0,1,0,차대차 - 측면충돌,안전운전불이행,건조,맑음,교차로 - 교차로안,승용,여,42세,상해없음,승용,남,68세,경상
2020060600100384,2020년 6월 6일 16시,토요일,전라북도 남원시 주천면,경상사고,0,0,2,0,차대차 - 정면충돌,중앙선침범,젖음/습기,비,단일로 - 기타,승용,남,27세,상해없음,화물,남,46세,경상
2020060600100467,2020년 6월 6일 18시,토요일,전라북도 전주시 완산구 효자동2가,경상사고,0,0,1,0,차대사람 - 기타,불법유턴,건조,맑음,단일로 - 기타,승합,남,59세,상해없음,보행자,남,52세,경상
2020060600100491,2020년 6월 6일 19시,토요일,전라북도 전주시 완산구 평화동1가,경상사고,0,0,1,0,차대차 - 추돌,안전운전불이행,건조,맑음,교차로 - 교차로부근,승용,여,55세,상해없음,승용,남,60세,경상
2020060600100526,2020년 6월 6일 20시,토요일,전라북도 익산시 창인동1가,경상사고,0,0,3,0,차대차 - 측면충돌,안전거리미확보,건조,맑음,교차로 - 교차로부근,승용,남,54세,경상,승용,남,65세,경상
2020060600100527,2020년 6월 6일 20시,토요일,전라북도 정읍시 신태인읍,경상사고,0,0,1,0,차대사람 - 길가장자리구역통행중,안전운전불이행,건조,맑음,단일로 - 고가도로위,이륜,남,59세,경상,보행자,남,70세,상해없음
2020060600100528,2020년 6월 6일 20시,토요일,전라북도 남원시 향교동,경상사고,0,0,2,0,차대차 - 측면충돌,기타,건조,맑음,교차로 - 교차로안,승용,남,55세,경상,화물,남,46세,경상
2020060700100008,2020년 6월 7일 00시,일요일,전라북도 군산시 수송동,경상사고,0,0,1,0,차대차 - 측면충돌,안전운전불이행,건조,맑음,교차로 - 교차로부근,승용,남,71세,기타불명,승용,남,25세,상해없음
2020060700100025,2020년 6월 7일 01시,일요일,전라북도 익산시 송학동,경상사고,0,0,2,0,차대차 - 측면충돌,직진우회전진행방해,건조,맑음,교차로 - 교차로안,승용,남,64세,상해없음,승용,남,51세,경상
2020060700100040,2020년 6월 7일 02시,일요일,전라북도 전주시 덕진구 덕진동2가,중상사고,0,1,0,0,차대사람 - 횡단중,안전운전불이행,건조,맑음,교차로 - 교차로횡단보도내,승용,여,59세,상해없음,보행자,여,21세,중상
2020060700100054,2020년 6월 7일 03시,일요일,전라북도 김제시 죽산면,중상사고,0,1,0,0,차대차 - 정면충돌,중앙선침범,건조,맑음,단일로 - 지하차도(도로)내,승용,남,32세,상해없음,화물,남,56세,중상
2020060700100075,2020년 6월 7일 06시,일요일,전라북도 전주시 완산구 중화산동2가,경상사고,0,0,1,0,차대사람 - 차도통행중,안전운전불이행,건조,맑음,교차로 - 교차로안,승용,남,29세,상해없음,보행자,남,27세,경상
2020060700100143,2020년 6월 7일 10시,일요일,전라북도 완주군 상관면,경상사고,0,0,2,0,차대차 - 추돌,안전운전불이행,건조,맑음,단일로 - 기타,기타불명,기타불명,미분류,기타불명,승용,여,65세,경상
2020060700100188,2020년 6월 7일 12시,일요일,전라북도 익산시 여산면,경상사고,0,0,2,0,차대차 - 추돌,안전거리미확보,건조,맑음,단일로 - 기타,승용,남,59세,경상,이륜,남,47세,경상
2020060700100189,2020년 6월 7일 12시,일요일,전라북도 정읍시 수성동,중상사고,0,1,0,0,차대차 - 측면충돌,안전운전불이행,젖음/습기,맑음,단일로 - 터널,이륜,남,76세,중상,화물,남,69세,상해없음
2020060700100293,2020년 6월 7일 15시,일요일,전라북도 전주시 완산구 중화산동1가,경상사고,0,0,4,0,차대차 - 기타,안전운전불이행,건조,맑음,기타 - 기타,승용,남,53세,경상,승용,남,28세,경상
2020060700100294,2020년 6월 7일 15시,일요일,전라북도 전주시 덕진구 송천동1가,경상사고,0,0,1,0,차대사람 - 보도통행중,기타,건조,맑음,기타 - 기타,승합,남,43세,상해없음,보행자,남,24세,경상
2020060700100295,2020년 6월 7일 15시,일요일,전라북도 정읍시 칠보면,경상사고,0,0,1,0,차대차 - 측면충돌,신호위반,건조,맑음,교차로 - 교차로안,승용,남,58세,상해없음,화물,남,49세,경상
2020060700100327,2020년 6월 7일 16시,일요일,전라북도 전주시 완산구 효자동3가,중상사고,0,1,1,0,차대차 - 기타,안전운전불이행,건조,맑음,기타 - 기타,승용,남,37세,상해없음,이륜,남,51세,경상
2020060700100368,2020년 6월 7일 17시,일요일,전라북도 완주군 용진읍,경상사고,0,0,2,0,차대차 - 추돌,안전운전불이행,건조,맑음,교차로 - 교차로부근,승용,남,60세,상해없음,승용,여,26세,경상
2020060700100406,2020년 6월 7일 18시,일요일,전라북도 정읍시 연지동,경상사고,0,0,2,0,차대차 - 측면충돌,신호위반,건조,흐림,교차로 - 교차로안,승용,남,73세,상해없음,승합,남,39세,경상
2020060700100463,2020년 6월 7일 20시,일요일,전라북도 전주시 완산구 태평동,경상사고,0,0,1,0,차대차 - 측면충돌,신호위반,건조,맑음,교차로 - 교차로안,승용,남,64세,상해없음,승용,여,60세,경상
2020060700100484,2020년 6월 7일 21시,일요일,전라북도 전주시 덕진구 송천동1가,경상사고,0,0,2,0,차대차 - 정면충돌,중앙선침범,건조,맑음,교차로 - 교차로안,승용,남,55세,상해없음,승용,남,51세,경상
2020060700100518,2020년 6월 7일 23시,일요일,전라북도 군산시 조촌동,경상사고,0,0,1,0,차대차 - 기타,차로위반,건조,맑음,단일로 - 기타,승용,남,58세,상해없음,승용,남,36세,경상
2020060800100006,2020년 6월 8일 00시,월요일,전라북도 전주시 완산구 중화산동2가,중상사고,0,1,0,0,차대사람 - 보도통행중,기타,건조,맑음,단일로 - 기타,이륜,남,29세,상해없음,보행자,남,49세,중상
2020060800100032,2020년 6월 8일 04시,월요일,전라북도 전주시 완산구 서신동,경상사고,0,0,2,0,차대차 - 추돌,안전운전불이행,건조,맑음,교차로 - 교차로안,승용,여,61세,상해없음,승용,남,21세,경상
2020060800100041,2020년 6월 8일 05시,월요일,전라북도 전주시 덕진구 덕진동1가,경상사고,0,0,1,0,차대차 - 후진중충돌,안전운전불이행,건조,맑음,단일로 - 기타,승용,여,23세,상해없음,화물,남,41세,경상
2020060800100056,2020년 6월 8일 06시,월요일,전라북도 정읍시 고부면,경상사고,0,0,1,0,차대차 - 측면충돌,신호위반,건조,맑음,교차로 - 교차로안,이륜,남,74세,경상,승용,남,63세,상해없음
2020060800100085,2020년 6월 8일 07시,월요일,전라북도 군산시 옥산면,경상사고,0,0,3,0,차대차 - 기타,안전거리미확보,건조,맑음,단일로 - 기타,승용,남,18세,상해없음,승용,남,69세,경상
2020060800100130,2020년 6월 8일 08시,월요일,전라북도 전주시 완산구 서신동,중상사고,0,1,4,0,차대차 - 추돌,안전운전불이행,건조,맑음,단일로 - 기타,승합,남,48세,상해없음,승용,남,35세,중상
2020060800100131,2020년 6월 8일 08시,월요일,전라북도 전주시 완산구 서신동,경상사고,0,0,2,0,차대차 - 추돌,직진우회전진행방해,건조,맑음,교차로 - 교차로안,승용,여,46세,상해없음,승용,남,40세,경상
2020060800100132,2020년 6월 8일 08시,월요일,전라북도 전주시 덕진구 우아동2가,경상사고,0,0,1,0,차대차 - 측면충돌,직진우회전진행방해,건조,맑음,교차로 - 교차로안,승용,여,30세,상해없음,승용,남,26세,경상
2020060800100240,2020년 6월 8일 11시,월요일,전라북도 전주시 완산구 중화산동2가,중상사고,0,1,0,0,차대차 - 측면충돌,신호위반,건조,맑음,교차로 - 교차로부근,승용,남,74세,상해없음,이륜,남,22세,중상
2020060800100241,2020년 6월 8일 11시,월요일,전라북도 전주시 완산구 중노송동,경상사고,0,0,1,0,차대차 - 측면충돌,안전운전불이행,건조,맑음,교차로 - 교차로안,승용,남,60세,상해없음,자전거,여,72세,경상
2020060800100242,2020년 6월 8일 11시,월요일,전라북도 정읍시 옹동면,중상사고,0,1,0,0,차대차 - 후진중충돌,불법유턴,건조,맑음,단일로 - 기타,화물,남,58세,상해없음,원동기,남,76세,중상
2020060800100243,2020년 6월 8일 11시,월요일,전라북도 고창군 고창읍,경상사고,0,0,1,0,차대사람 - 차도통행중,안전운전불이행,건조,맑음,교차로 - 교차로안,건설기계,남,46세,상해없음,보행자,남,62세,경상
2020060800100286,2020년 6월 8일 12시,월요일,전라북도 고창군 대산면,중상사고,0,1,1,0,차대차 - 정면충돌,안전운전불이행,건조,맑음,교차로 - 교차로안,승합,남,57세,경상,화물,남,30세,중상
2020060800100336,2020년 6월 8일 13시,월요일,전라북도 익산시 목천동,중상사고,0,1,1,0,차대차 - 측면충돌,안전운전불이행,건조,맑음,교차로 - 교차로부근,승용,남,78세,상해없음,승합,남,46세,상해없음
2020060800100369,2020년 6월 8일 14시,월요일,전라북도 군산시 경장동,중상사고,0,1,0,0,차대차 - 기타,신호위반,건조,맑음,교차로 - 교차로안,자전거,여,20세,중상,건설기계,남,57세,상해없음
2020060800100451,2020년 6월 8일 16시,월요일,전라북도 전주시 완산구 서신동,중상사고,0,1,1,0,차대차 - 측면충돌,신호위반,건조,맑음,교차로 - 교차로안,승용,여,34세,상해없음,승용,남,66세,경상
2020060800100452,2020년 6월 8일 16시,월요일,전라북도 군산시 산북동,경상사고,0,0,1,0,차대차 - 기타,교차로운행방법위반,건조,맑음,교차로 - 교차로안,승용,남,50세,경상,승용,남,30세,상해없음
2020060800100453,2020년 6월 8일 16시,월요일,전라북도 김제시 황산면,경상사고,0,0,1,0,차대차 - 추돌,안전운전불이행,건조,맑음,교차로 - 교차로부근,승합,남,59세,상해없음,승용,남,66세,경상
2020060800100454,2020년 6월 8일 16시,월요일,전라북도 완주군 이서면,중상사고,0,1,0,0,차대사람 - 보도통행중,기타,건조,맑음,단일로 - 기타,승용,남,37세,상해없음,보행자,여,58세,중상
2020060800100546,2020년 6월 8일 18시,월요일,전라북도 군산시 수송동,경상사고,0,0,1,0,차대차 - 기타,기타,건조,맑음,단일로 - 기타,화물,남,59세,상해없음,승용,남,23세,경상
2020060800100547,2020년 6월 8일 18시,월요일,전라북도 익산시 성당면,경상사고,0,0,1,0,차대사람 - 기타,안전운전불이행,건조,맑음,교차로 - 교차로부근,화물,남,62세,상해없음,보행자,남,32세,경상
2020060800100596,2020년 6월 8일 19시,월요일,전라북도 전주시 완산구 삼천동1가,경상사고,0,0,2,0,차대차 - 기타,교차로운행방법위반,건조,맑음,교차로 - 교차로안,승용,남,74세,경상,승용,남,27세,경상
2020060800100597,2020년 6월 8일 19시,월요일,전라북도 전주시 완산구 서신동,경상사고,0,0,1,0,차대차 - 기타,안전운전불이행,건조,맑음,단일로 - 기타,승용,남,72세,상해없음,승용,여,29세,경상
2020060800100686,2020년 6월 8일 22시,월요일,전라북도 군산시 미룡동,중상사고,0,1,0,0,차대차 - 정면충돌,신호위반,건조,맑음,교차로 - 교차로안,승용,여,47세,상해없음,원동기,남,40세,중상
2020060900100007,2020년 6월 9일 00시,화요일,전라북도 김제시 공덕면,중상사고,0,1,2,0,차대차 - 정면충돌,중앙선침범,건조,맑음,단일로 - 기타,승용,남,42세,상해없음,화물,남,48세,경상
2020060900100037,2020년 6월 9일 05시,화요일,전라북도 정읍시 수성동,경상사고,0,0,1,0,차대사람 - 기타,안전운전불이행,건조,맑음,단일로 - 기타,승합,남,56세,상해없음,보행자,남,47세,경상
2020060900100075,2020년 6월 9일 07시,화요일,전라북도 전주시 덕진구 송천동2가,경상사고,0,0,1,0,차대차 - 측면충돌,안전운전불이행,건조,맑음,교차로 - 교차로부근,승용,남,31세,상해없음,승용,여,31세,경상
2020060900100076,2020년 6월 9일 07시,화요일,전라북도 전주시 덕진구 용정동,경상사고,0,0,1,0,차대차 - 추돌,안전운전불이행,건조,맑음,단일로 - 기타,승용,남,24세,상해없음,승용,남,58세,경상
2020060900100077,2020년 6월 9일 07시,화요일,전라북도 익산시 모현동2가,경상사고,0,0,2,0,차대차 - 측면충돌,교차로운행방법위반,건조,맑음,교차로 - 교차로안,승용,남,46세,상해없음,승합,여,63세,경상
2020060900100117,2020년 6월 9일 08시,화요일,전라북도 전주시 완산구 중화산동2가,경상사고,0,0,1,0,차대차 - 측면충돌,안전운전불이행,건조,맑음,교차로 - 교차로안,승용,여,37세,상해없음,승용,여,45세,경상
2020060900100164,2020년 6월 9일 09시,화요일,전라북도 익산시 신동,경상사고,0,0,2,0,차대차 - 정면충돌,중앙선침범,건조,맑음,교차로 - 교차로부근,승용,여,62세,경상,화물,남,43세,경상
2020060900100165,2020년 6월 9일 09시,화요일,전라북도 김제시 요촌동,경상사고,0,0,1,0,차대차 - 측면충돌,교차로운행방법위반,건조,맑음,교차로 - 교차로안,화물,남,59세,상해없음,이륜,남,75세,경상
2020060900100201,2020년 6월 9일 10시,화요일,전라북도 전주시 덕진구 인후동1가,경상사고,0,0,1,0,차대차 - 측면충돌,차로위반,건조,맑음,단일로 - 기타,승용,남,77세,상해없음,승용,여,28세,경상
2020060900100202,2020년 6월 9일 10시,화요일,전라북도 남원시 왕정동,중상사고,0,1,0,0,차대차 - 측면충돌,직진우회전진행방해,건조,맑음,교차로 - 교차로안,화물,남,28세,상해없음,자전거,남,77세,중상
2020060900100203,2020년 6월 9일 10시,화요일,전라북도 임실군 덕치면,중상사고,0,1,1,0,차대차 - 측면충돌,안전운전불이행,건조,맑음,교차로 - 교차로안,화물,남,63세,상해없음,이륜,남,76세,경상
2020060900100242,2020년 6월 9일 11시,화요일,전라북도 완주군 삼례읍,중상사고,0,1,0,0,차대차 - 기타,안전운전불이행,건조,맑음,단일로 - 기타,승용,남,22세,상해없음,화물,남,59세,중상
2020060900100275,2020년 6월 9일 12시,화요일,전라북도 전주시 완산구 평화동1가,경상사고,0,0,1,0,차대차 - 측면충돌,안전운전불이행,건조,맑음,교차로 - 교차로안,승용,여,58세,상해없음,승용,여,62세,경상
2020060900100276,2020년 6월 9일 12시,화요일,전라북도 군산시 미룡동,경상사고,0,0,4,0,차대차 - 추돌,안전운전불이행,건조,맑음,단일로 - 기타,승용,남,60세,상해없음,승용,남,24세,경상
2020060900100316,2020년 6월 9일 13시,화요일,전라북도 부안군 부안읍,경상사고,0,0,1,0,차대차 - 추돌,안전운전불이행,건조,맑음,교차로 - 교차로부근,승용,여,58세,상해없음,승용,여,50세,경상
2020060900100350,2020년 6월 9일 14시,화요일,전라북도 김제시 성덕면,중상사고,0,1,5,0,차대차 - 측면충돌,직진우회전진행방해,건조,맑음,교차로 - 교차로안,승용,남,59세,상해없음,승용,남,44세,경상
2020060900100440,2020년 6월 9일 16시,화요일,전라북도 고창군 해리면,중상사고,0,1,0,0,차대차 - 정면충돌,중앙선침범,건조,맑음,단일로 - 기타,화물,여,49세,상해없음,자전거,여,66세,중상
2020060900100545,2020년 6월 9일 18시,화요일,전라북도 전주시 완산구 효자동2가,경상사고,0,0,2,0,차대차 - 측면충돌,안전거리미확보,건조,맑음,단일로 - 기타,승용,남,59세,상해없음,화물,남,53세,경상
2020060900100546,2020년 6월 9일 18시,화요일,전라북도 전주시 덕진구 산정동,경상사고,0,0,4,0,차대차 - 추돌,안전운전불이행,건조,맑음,교차로 - 교차로부근,승용,남,72세,상해없음,승용,여,43세,경상
2020060900100625,2020년 6월 9일 20시,화요일,전라북도 전주시 완산구 서신동,경상사고,0,0,2,0,차대차 - 측면충돌,신호위반,건조,맑음,교차로 - 교차로안,승용,남,78세,상해없음,승용,여,22세,경상
2020060900100626,2020년 6월 9일 20시,화요일,전라북도 장수군 장수읍,중상사고,0,1,0,0,차량단독 - 도로외이탈 - 추락,안전운전불이행,건조,맑음,단일로 - 기타,사륜오토바이(ATV),남,79세,중상,,,,
2020060900100688,2020년 6월 9일 22시,화요일,전라북도 전주시 완산구 서노송동,경상사고,0,0,5,1,차대차 - 측면충돌,교차로운행방법위반,건조,맑음,교차로 - 교차로안,승용,남,48세,부상신고,승용,남,22세,경상
2020061000100007,2020년 6월 10일 00시,수요일,전라북도 전주시 완산구 중화산동2가,경상사고,0,0,2,0,차대차 - 추돌,안전운전불이행,건조,맑음,교차로 - 교차로안,승용,남,40세,상해없음,승용,남,65세,상해없음
2020061000100052,2020년 6월 10일 06시,수요일,전라북도 정읍시 상동,중상사고,0,1,0,0,차대사람 - 횡단중,보행자보호의무위반,건조,맑음,교차로 - 교차로부근,화물,남,63세,상해없음,보행자,여,70세,중상
2020061000100078,2020년 6월 10일 07시,수요일,전라북도 전주시 덕진구 팔복동3가,경상사고,0,0,1,0,차대차 - 추돌,안전운전불이행,건조,맑음,교차로 - 교차로부근,화물,남,61세,상해없음,화물,여,56세,경상
2020061000100079,2020년 6월 10일 07시,수요일,전라북도 군산시 산북동,경상사고,0,0,1,0,차대차 - 기타,신호위반,건조,맑음,교차로 - 교차로안,승합,남,36세,상해없음,승용,여,55세,경상
2020061000100195,2020년 6월 10일 10시,수요일,전라북도 군산시 월명동,경상사고,0,0,1,0,차대차 - 측면충돌,직진우회전진행방해,건조,맑음,교차로 - 교차로안,승용,남,29세,상해없음,승용,여,53세,경상
2020061000100196,2020년 6월 10일 10시,수요일,전라북도 익산시 송학동,경상사고,0,0,2,0,차대차 - 측면충돌,안전운전불이행,건조,맑음,기타 - 기타,승용,여,47세,상해없음,이륜,남,58세,경상
2020061000100197,2020년 6월 10일 10시,수요일,전라북도 남원시 수지면,경상사고,0,0,1,0,차량단독 - 전도전복 - 전도,안전운전불이행,건조,맑음,단일로 - 기타,이륜,남,52세,경상,,,,
2020061000100198,2020년 6월 10일 10시,수요일,전라북도 고창군 흥덕면,중상사고,0,1,0,0,차대차 - 측면충돌,불법유턴,건조,맑음,교차로 - 교차로안,화물,남,60세,상해없음,화물,남,51세,중상
2020061000100231,2020년 6월 10일 11시,수요일,전라북도 부안군 부안읍,중상사고,0,1,0,0,차대차 - 측면충돌,안전운전불이행,건조,맑음,단일로 - 기타,승용,남,26세,상해없음,이륜,남,78세,중상
2020061000100289,2020년 6월 10일 13시,수요일,전라북도 남원시 금동,중상사고,0,1,0,0,차대사람 - 차도통행중,안전운전불이행,건조,맑음,교차로 - 교차로안,승용,여,65세,상해없음,보행자,여,72세,중상
2020061000100325,2020년 6월 10일 14시,수요일,전라북도 김제시 황산동,경상사고,0,0,1,0,차대차 - 기타,중앙선침범,건조,맑음,교차로 - 교차로안,승용,여,53세,상해없음,승용,남,59세,경상
2020061000100364,2020년 6월 10일 15시,수요일,전라북도 군산시 오식도동,경상사고,0,0,1,0,차대차 - 측면충돌,안전거리미확보,건조,맑음,교차로 - 교차로부근,승용,남,30세,상해없음,승용,남,29세,경상
2020061000100365,2020년 6월 10일 15시,수요일,전라북도 임실군 청웅면,중상사고,0,1,0,0,차대사람 - 차도통행중,안전운전불이행,건조,맑음,단일로 - 지하차도(도로)내,화물,남,44세,상해없음,보행자,여,76세,중상
2020061000100405,2020년 6월 10일 16시,수요일,전라북도 군산시 소룡동,경상사고,0,0,1,0,차대차 - 측면충돌,신호위반,건조,맑음,교차로 - 교차로안,승용,남,65세,상해없음,승용,여,60세,경상
2020061000100406,2020년 6월 10일 16시,수요일,전라북도 부안군 동진면,중상사고,0,2,1,0,차대차 - 추돌,안전운전불이행,젖음/습기,비,교차로 - 교차로부근,화물,남,27세,상해없음,승용,남,77세,경상
2020061000100457,2020년 6월 10일 17시,수요일,전라북도 고창군 아산면,경상사고,0,0,1,0,차대차 - 측면충돌,안전운전불이행,젖음/습기,비,교차로 - 교차로안,화물,남,70세,상해없음,이륜,여,63세,경상
2020061000100513,2020년 6월 10일 18시,수요일,전라북도 정읍시 태인면,경상사고,0,0,1,0,차대차 - 측면충돌,차로위반,젖음/습기,비,단일로 - 기타,화물,남,51세,상해없음,승용,남,27세,경상
2020061000100614,2020년 6월 10일 20시,수요일,전라북도 전주시 덕진구 우아동3가,경상사고,0,0,1,0,차대차 - 측면충돌,차로위반,건조,흐림,단일로 - 기타,특수,남,58세,상해없음,승용,남,44세,경상
2020061000100672,2020년 6월 10일 21시,수요일,전라북도 익산시 부송동,경상사고,0,0,1,0,차대사람 - 횡단중,보행자보호의무위반,젖음/습기,비,교차로 - 교차로안,승용,남,74세,상해없음,보행자,남,37세,경상
2020061000100726,2020년 6월 10일 22시,수요일,전라북도 익산시 모현동1가,중상사고,0,1,0,0,차대차 - 측면충돌,교차로운행방법위반,젖음/습기,비,교차로 - 교차로안,승용,남,49세,상해없음,승용,남,44세,중상
2020061000100727,2020년 6월 10일 22시,수요일,전라북도 부안군 부안읍,경상사고,0,0,2,0,차대차 - 측면충돌,안전운전불이행,젖음/습기,비,교차로 - 교차로안,승용,남,42세,상해없음,승용,여,19세,경상
2020061000100750,2020년 6월 10일 23시,수요일,전라북도 완주군 소양면,경상사고,0,0,2,0,차대차 - 기타,안전운전불이행,젖음/습기,비,단일로 - 기타,승용,남,62세,경상,화물,남,45세,경상
2020061100100033,2020년 6월 11일 01시,목요일,전라북도 전주시 완산구 평화동3가,사망사고,1,0,0,0,차대사람 - 차도통행중,안전운전불이행,젖음/습기,비,단일로 - 교량,승용,남,53세,상해없음,보행자,남,43세,사망
2020061100100097,2020년 6월 11일 07시,목요일,전라북도 익산시 금강동,경상사고,0,0,2,0,차대차 - 측면충돌,직진우회전진행방해,젖음/습기,비,교차로 - 교차로안,승용,남,37세,경상,승용,남,61세,경상
2020061100100125,2020년 6월 11일 08시,목요일,전라북도 전주시 완산구 경원동1가,중상사고,0,1,0,0,차대차 - 측면충돌,신호위반,건조,맑음,교차로 - 교차로안,승용,여,62세,상해없음,승용,여,46세,중상
2020061100100126,2020년 6월 11일 08시,목요일,전라북도 전주시 덕진구 우아동2가,중상사고,0,1,0,0,차대사람 - 기타,안전운전불이행,건조,맑음,교차로 - 교차로안,화물,남,63세,상해없음,보행자,여,59세,중상
2020061100100127,2020년 6월 11일 08시,목요일,전라북도 군산시 신흥동,경상사고,0,0,1,1,차대차 - 추돌,안전운전불이행,건조,맑음,단일로 - 터널,승용,남,70세,부상신고,승용,여,48세,경상
2020061100100189,2020년 6월 11일 10시,목요일,전라북도 김제시 옥산동,중상사고,0,1,0,0,차대차 - 측면충돌,불법유턴,건조,흐림,단일로 - 기타,승용,남,79세,상해없음,승용,여,42세,중상
2020061100100219,2020년 6월 11일 11시,목요일,전라북도 군산시 개정면,경상사고,0,0,1,0,차대차 - 추돌,안전운전불이행,건조,맑음,단일로 - 기타,화물,남,69세,상해없음,화물,기타불명,미분류,기타불명
2020061100100253,2020년 6월 11일 12시,목요일,전라북도 정읍시 수성동,경상사고,0,0,3,0,차대차 - 추돌,안전운전불이행,건조,맑음,교차로 - 교차로부근,화물,남,49세,경상,승용,남,61세,경상