사고번호,사고일시,요일,시군구,사고내용,사망자수,중상자수,경상자수,부상신고자수,사고유형,법규위반,노면상태,기상상태,도로형태,가해운전자 차종,가해운전자 성별,가해운전자 연령,가해운전자 상해정도,피해운전자 차종,피해운전자 성별,피해운전자 연령,피해운전자 상해정도
2020061100100290,2020년 6월 11일 13시,목요일,전라북도 전주시 완산구 효자동2가,중상사고,0,1,2,1,차대차 - 측면충돌,신호위반,건조,맑음,교차로 - 교차로안,승용,여,55세,경상,승용,여,35세,중상
2020061100100291,2020년 6월 11일 13시,목요일,전라북도 전주시 덕진구 덕진동1가,경상사고,0,0,1,0,차대사람 - 보도통행중,보행자보호의무위반,건조,맑음,단일로 - 기타,기타불명,기타불명,미분류,기타불명,보행자,여,56세,경상
2020061100100292,2020년 6월 11일 13시,목요일,전라북도 군산시 미룡동,중상사고,0,1,1,0,차대차 - 측면충돌,신호위반,건조,맑음,교차로 - 교차로안,승용,여,25세,경상,승용,남,51세,중상
2020061100100293,2020년 6월 11일 13시,목요일,전라북도 정읍시 북면,경상사고,0,0,1,0,차대차 - 측면충돌,직진우회전진행방해,건조,맑음,교차로 - 교차로안,화물,남,58세,상해없음,원동기,남,79세,경상
2020061100100294,2020년 6월 11일 13시,목요일,전라북도 남원시 고죽동,중상사고,0,1,0,0,차대차 - 기타,안전운전불이행,건조,맑음,교차로 - 교차로부근,승용,여,47세,상해없음,자전거,여,59세,중상
2020061100100452,2020년 6월 11일 17시,목요일,전라북도 익산시 오산면,경상사고,0,0,2,0,차대차 - 추돌,안전운전불이행,건조,맑음,교차로 - 교차로안,승용,여,45세,상해없음,승용,여,33세,경상
2020061100100559,2020년 6월 11일 20시,목요일,전라북도 군산시 대야면,경상사고,0,0,1,0,차대차 - 추돌,안전운전불이행,건조,맑음,단일로 - 지하차도(도로)내,승용,남,49세,상해없음,농기계,남,37세,경상
2020061100100592,2020년 6월 11일 21시,목요일,전라북도 정읍시 연지동,경상사고,0,0,2,0,차대차 - 추돌,안전운전불이행,건조,맑음,교차로 - 교차로부근,화물,남,59세,상해없음,승용,남,26세,경상
2020061100100627,2020년 6월 11일 22시,목요일,전라북도 전주시 완산구 효자동1가,사망사고,1,0,2,0,차대차 - 추돌,안전운전불이행,건조,맑음,교차로 - 교차로부근,화물,남,48세,사망,승용,남,52세,경상
2020061100100628,2020년 6월 11일 22시,목요일,전라북도 전주시 덕진구 덕진동1가,경상사고,0,0,3,0,차대차 - 기타,차로위반,건조,맑음,단일로 - 기타,승용,남,26세,상해없음,승용,남,54세,경상
2020061100100629,2020년 6월 11일 22시,목요일,전라북도 익산시 영등동,경상사고,0,0,1,0,차대차 - 측면충돌,안전운전불이행,건조,맑음,기타 - 기타,승용,여,63세,상해없음,자전거,남,46세,경상
2020061200100035,2020년 6월 12일 04시,금요일,전라북도 완주군 봉동읍,중상사고,0,1,0,0,차대차 - 추돌,안전운전불이행,건조,맑음,단일로 - 기타,승용,남,36세,상해없음,원동기,남,72세,중상
2020061200100040,2020년 6월 12일 05시,금요일,전라북도 남원시 주천면,중상사고,0,1,0,0,차대차 - 측면충돌,과속,건조,맑음,교차로 - 교차로부근,승용,남,18세,상해없음,화물,남,54세,상해없음
2020061200100072,2020년 6월 12일 07시,금요일,전라북도 군산시 산북동,경상사고,0,0,2,0,차대차 - 측면충돌,신호위반,건조,맑음,교차로 - 교차로안,화물,남,29세,경상,승용,남,79세,경상
2020061200100104,2020년 6월 12일 08시,금요일,전라북도 전주시 덕진구 진북동,부상신고사고,0,0,0,1,차대차 - 기타,차로위반,건조,맑음,단일로 - 기타,자전거,남,72세,부상신고,승용,남,29세,상해없음
2020061200100105,2020년 6월 12일 08시,금요일,전라북도 군산시 옥산면,경상사고,0,0,1,0,차대차 - 추돌,안전운전불이행,건조,흐림,단일로 - 기타,승용,남,58세,상해없음,승용,남,25세,경상
2020061200100106,2020년 6월 12일 08시,금요일,전라북도 순창군 팔덕면,중상사고,0,1,0,0,차대차 - 측면충돌,안전운전불이행,건조,맑음,단일로 - 기타,화물,남,55세,상해없음,자전거,여,80세,중상
2020061200100185,2020년 6월 12일 10시,금요일,전라북도 순창군 동계면,경상사고,0,0,1,0,차대차 - 기타,안전운전불이행,건조,맑음,교차로 - 교차로안,승용,여,61세,상해없음,이륜,남,78세,경상
2020061200100227,2020년 6월 12일 11시,금요일,전라북도 전주시 완산구 서완산동2가,사망사고,1,0,0,0,차대차 - 측면충돌,안전운전불이행,건조,맑음,교차로 - 교차로안,이륜,남,74세,사망,승합,남,58세,상해없음
2020061200100228,2020년 6월 12일 11시,금요일,전라북도 전주시 덕진구 전미동1가,경상사고,0,0,2,0,차대차 - 측면충돌,불법유턴,건조,맑음,단일로 - 기타,승용,남,37세,경상,화물,남,62세,경상
2020061200100229,2020년 6월 12일 11시,금요일,전라북도 익산시 용동면,경상사고,0,0,1,0,차대차 - 측면충돌,안전운전불이행,건조,맑음,단일로 - 기타,화물,남,53세,상해없음,승용,남,66세,경상
2020061200100271,2020년 6월 12일 12시,금요일,전라북도 정읍시 연지동,중상사고,0,1,1,0,차대차 - 측면충돌,기타,건조,맑음,교차로 - 교차로안,승합,남,52세,상해없음,승용,남,67세,중상
2020061200100272,2020년 6월 12일 12시,금요일,전라북도 정읍시 수성동,경상사고,0,0,3,0,차대차 - 측면충돌,안전운전불이행,건조,맑음,교차로 - 교차로안,승용,남,27세,상해없음,승용,남,61세,경상
2020061200100305,2020년 6월 12일 13시,금요일,전라북도 전주시 완산구 효자동3가,경상사고,0,0,1,0,차대사람 - 기타,안전운전불이행,건조,맑음,단일로 - 기타,승용,남,66세,상해없음,보행자,남,38세,경상
2020061200100306,2020년 6월 12일 13시,금요일,전라북도 전주시 덕진구 진북동,사망사고,1,0,1,0,차대차 - 측면충돌,중앙선침범,건조,흐림,교차로 - 교차로안,자전거,남,83세,사망,승용,남,58세,상해없음
2020061200100307,2020년 6월 12일 13시,금요일,전라북도 군산시 소룡동,경상사고,0,0,1,0,차대차 - 측면충돌,안전운전불이행,건조,흐림,교차로 - 교차로안,승용,남,48세,상해없음,이륜,남,57세,경상
2020061200100339,2020년 6월 12일 14시,금요일,전라북도 진안군 부귀면,경상사고,0,0,1,0,차량단독 - 전도전복 - 전복,안전운전불이행,건조,맑음,단일로 - 기타,승용,남,58세,경상,,,,
2020061200100413,2020년 6월 12일 16시,금요일,전라북도 군산시 나운동,경상사고,0,0,1,1,차대차 - 측면충돌,안전운전불이행,건조,맑음,교차로 - 교차로안,승용,남,44세,상해없음,승용,여,44세,경상
2020061200100463,2020년 6월 12일 17시,금요일,전라북도 군산시 조촌동,경상사고,0,0,1,0,차대차 - 측면충돌,안전거리미확보,건조,흐림,단일로 - 기타,이륜,남,79세,경상,승용,여,24세,상해없음
2020061200100464,2020년 6월 12일 17시,금요일,전라북도 군산시 나운동,중상사고,0,1,0,0,차대사람 - 기타,기타,건조,맑음,단일로 - 기타,승합,남,66세,상해없음,보행자,여,17세,중상
2020061200100568,2020년 6월 12일 19시,금요일,전라북도 군산시 경암동,경상사고,0,0,1,0,차대차 - 측면충돌,신호위반,건조,흐림,교차로 - 교차로안,승용,남,44세,상해없음,승용,남,62세,경상
2020061200100611,2020년 6월 12일 20시,금요일,전라북도 전주시 완산구 서신동,경상사고,0,0,2,0,차대차 - 정면충돌,신호위반,젖음/습기,비,교차로 - 교차로안,승용,남,65세,경상,승용,남,26세,경상
2020061200100612,2020년 6월 12일 20시,금요일,전라북도 전주시 덕진구 우아동3가,경상사고,0,0,1,0,차대사람 - 길가장자리구역통행중,안전운전불이행,젖음/습기,비,교차로 - 교차로부근,승용,남,83세,상해없음,보행자,남,30세,경상
2020061200100642,2020년 6월 12일 21시,금요일,전라북도 전주시 완산구 효자동1가,경상사고,0,0,1,0,차대사람 - 횡단중,보행자보호의무위반,젖음/습기,비,교차로 - 교차로횡단보도내,승용,남,44세,상해없음,보행자,남,73세,경상
2020061200100643,2020년 6월 12일 21시,금요일,전라북도 군산시 산북동,경상사고,0,0,1,0,차대차 - 추돌,안전운전불이행,젖음/습기,비,교차로 - 교차로부근,승용,남,40세,상해없음,승용,남,42세,경상
2020061200100644,2020년 6월 12일 21시,금요일,전라북도 완주군 용진읍,경상사고,0,0,2,0,차대차 - 측면충돌,안전운전불이행,젖음/습기,비,교차로 - 교차로안,화물,여,51세,상해없음,승용,여,58세,경상
2020061200100689,2020년 6월 12일 22시,금요일,전라북도 전주시 완산구 중화산동2가,경상사고,0,0,1,0,차대차 - 추돌,안전운전불이행,젖음/습기,비,교차로 - 교차로부근,승용,남,63세,상해없음,승용,여,30세,경상
2020061200100690,2020년 6월 12일 22시,금요일,전라북도 전주시 완산구 중화산동2가,경상사고,0,0,1,0,차대차 - 기타,신호위반,젖음/습기,비,교차로 - 교차로안,승용,남,42세,상해없음,승용,남,69세,경상
2020061300100015,2020년 6월 13일 00시,토요일,전라북도 전주시 완산구 중화산동2가,중상사고,0,1,1,0,차대차 - 추돌,안전운전불이행,젖음/습기,비,교차로 - 교차로부근,승용,여,30세,상해없음,승용,남,55세,경상
2020061300100043,2020년 6월 13일 01시,토요일,전라북도 전주시 덕진구 금암동,중상사고,0,1,1,0,차대사람 - 횡단중,보행자보호의무위반,젖음/습기,비,교차로 - 교차로횡단보도내,승합,남,29세,기타불명,보행자,여,24세,중상
2020061300100103,2020년 6월 13일 06시,토요일,전라북도 전주시 완산구 중화산동2가,경상사고,0,0,4,0,차대차 - 후진중충돌,안전운전불이행,건조,맑음,교차로 - 교차로부근,승용,남,27세,상해없음,승용,남,19세,경상
2020061300100119,2020년 6월 13일 07시,토요일,전라북도 군산시 나운동,경상사고,0,0,2,0,차대차 - 측면충돌,신호위반,젖음/습기,비,교차로 - 교차로안,승용,여,65세,상해없음,승용,남,65세,경상
2020061300100135,2020년 6월 13일 08시,토요일,전라북도 고창군 무장면,중상사고,0,1,0,0,차대차 - 측면충돌,신호위반,건조,흐림,교차로 - 교차로안,승용,남,57세,상해없음,승용,남,39세,중상
2020061300100219,2020년 6월 13일 11시,토요일,전라북도 익산시 동산동,중상사고,0,1,0,0,차대차 - 측면충돌,신호위반,건조,맑음,교차로 - 교차로안,이륜,남,51세,중상,승용,남,65세,상해없음
2020061300100220,2020년 6월 13일 11시,토요일,전라북도 정읍시 소성면,경상사고,0,0,3,0,차대차 - 측면충돌,신호위반,건조,맑음,교차로 - 교차로안,화물,남,50세,경상,승용,여,45세,경상
2020061300100260,2020년 6월 13일 12시,토요일,전라북도 군산시 소룡동,경상사고,0,0,1,0,차대차 - 추돌,안전운전불이행,건조,맑음,교차로 - 교차로안,승용,여,31세,상해없음,승용,남,55세,경상
2020061300100261,2020년 6월 13일 12시,토요일,전라북도 정읍시 시기동,경상사고,0,0,1,0,차대사람 - 기타,안전운전불이행,건조,흐림,기타 - 기타,승용,남,75세,상해없음,보행자,여,69세,경상
2020061300100312,2020년 6월 13일 13시,토요일,전라북도 정읍시 신태인읍,경상사고,0,0,2,0,차대차 - 추돌,기타,건조,흐림,교차로 - 교차로안,승용,여,65세,경상,승용,남,59세,경상
2020061300100335,2020년 6월 13일 14시,토요일,전라북도 정읍시 태인면,사망사고,1,0,0,0,차량단독 - 전도전복 - 전도,안전운전불이행,기타,흐림,단일로 - 기타,이륜,남,70세,사망,,,,
2020061300100419,2020년 6월 13일 16시,토요일,전라북도 익산시 신동,중상사고,0,1,0,0,차대차 - 측면충돌,안전운전불이행,건조,맑음,단일로 - 기타,자전거,남,7세,중상,승용,남,58세,상해없음
2020061300100460,2020년 6월 13일 17시,토요일,전라북도 부안군 부안읍,경상사고,0,0,1,0,차대사람 - 횡단중,안전운전불이행,건조,흐림,단일로 - 기타,승용,남,38세,상해없음,보행자,남,7세,경상
2020061300100500,2020년 6월 13일 18시,토요일,전라북도 익산시 남중동,경상사고,0,0,3,0,차대차 - 측면충돌,교차로운행방법위반,건조,맑음,교차로 - 교차로안,화물,남,69세,상해없음,승용,남,31세,경상
2020061300100530,2020년 6월 13일 19시,토요일,전라북도 김제시 공덕면,경상사고,0,0,1,0,차대차 - 추돌,차로위반,건조,흐림,단일로 - 기타,승용,남,24세,상해없음,승용,남,59세,경상
2020061300100574,2020년 6월 13일 20시,토요일,전라북도 전주시 덕진구 전미동1가,경상사고,0,0,2,0,차대차 - 정면충돌,안전운전불이행,젖음/습기,비,교차로 - 교차로부근,승용,남,49세,상해없음,승용,여,42세,경상
2020061300100575,2020년 6월 13일 20시,토요일,전라북도 정읍시 영파동,중상사고,0,1,0,0,차대차 - 정면충돌,중앙선침범,젖음/습기,비,교차로 - 교차로부근,승용,남,59세,상해없음,승용,여,59세,중상
2020061300100605,2020년 6월 13일 21시,토요일,전라북도 전주시 완산구 상림동,경상사고,0,0,1,0,차대차 - 측면충돌,안전운전불이행,젖음/습기,비,단일로 - 기타,승용,남,58세,상해없음,승용,여,48세,경상
2020061300100606,2020년 6월 13일 21시,토요일,전라북도 전주시 덕진구 인후동1가,경상사고,0,0,2,0,차대차 - 측면충돌,신호위반,젖음/습기,비,교차로 - 교차로안,이륜,여,59세,경상,이륜,남,23세,경상
2020061400100018,2020년 6월 14일 00시,일요일,전라북도 정읍시 수성동,경상사고,0,0,4,0,차대차 - 측면충돌,직진우회전진행방해,젖음/습기,비,교차로 - 교차로안,승용,여,47세,경상,승용,남,56세,경상
2020061400100062,2020년 6월 14일 03시,일요일,전라북도 전주시 덕진구 산정동,경상사고,0,0,1,0,차대차 - 추돌,안전운전불이행,젖음/습기,비,단일로 - 기타,승용,남,25세,상해없음,승용,남,26세,경상
2020061400100084,2020년 6월 14일 06시,일요일,전라북도 군산시 산북동,중상사고,0,1,0,0,차대차 - 기타,안전운전불이행,젖음/습기,비,교차로 - 교차로안,승용,남,40세,상해없음,승용,여,56세,중상
2020061400100154,2020년 6월 14일 11시,일요일,전라북도 익산시 왕궁면,경상사고,0,0,2,0,차대차 - 추돌,안전거리미확보,건조,흐림,교차로 - 교차로부근,승용,남,47세,상해없음,승용,여,29세,경상
2020061400100243,2020년 6월 14일 14시,일요일,전라북도 전주시 완산구 삼천동1가,중상사고,0,2,0,0,차대차 - 추돌,안전운전불이행,건조,맑음,교차로 - 교차로안,승용,남,60세,상해없음,승용,남,64세,중상
2020061400100285,2020년 6월 14일 15시,일요일,전라북도 군산시 서흥남동,중상사고,0,1,0,0,차대사람 - 횡단중,보행자보호의무위반,건조,맑음,교차로 - 교차로횡단보도내,승용,남,52세,상해없음,보행자,남,81세,중상
2020061400100286,2020년 6월 14일 15시,일요일,전라북도 정읍시 정우면,중상사고,0,1,0,0,차대차 - 정면충돌,중앙선침범,건조,맑음,단일로 - 기타,승용,남,22세,상해없음,화물,여,70세,중상
2020061400100287,2020년 6월 14일 15시,일요일,전라북도 부안군 계화면,중상사고,0,2,0,0,차대차 - 측면충돌,교차로운행방법위반,건조,맑음,교차로 - 교차로안,화물,남,65세,상해없음,이륜,남,79세,중상
2020061400100345,2020년 6월 14일 17시,일요일,전라북도 군산시 경암동,경상사고,0,0,2,0,차대차 - 측면충돌,직진우회전진행방해,건조,맑음,교차로 - 교차로안,승용,여,55세,상해없음,승용,여,53세,경상
2020061400100410,2020년 6월 14일 19시,일요일,전라북도 익산시 영등동,경상사고,0,0,1,0,차대차 - 측면충돌,기타,건조,맑음,교차로 - 교차로안,이륜,남,42세,상해없음,이륜,남,27세,경상
2020061400100442,2020년 6월 14일 20시,일요일,전라북도 전주시 덕진구 호성동1가,경상사고,0,0,1,0,차대차 - 측면충돌,안전운전불이행,건조,맑음,교차로 - 교차로부근,승용,여,60세,상해없음,승용,남,30세,경상
2020061400100443,2020년 6월 14일 20시,일요일,전라북도 군산시 사정동,경상사고,0,0,1,0,차대차 - 기타,신호위반,건조,맑음,교차로 - 교차로안,이륜,남,37세,상해없음,승용,여,39세,상해없음
2020061400100444,2020년 6월 14일 20시,일요일,전라북도 정읍시 시기동,경상사고,0,0,2,0,차대차 - 측면충돌,불법유턴,건조,맑음,교차로 - 교차로부근,승용,남,65세,상해없음,이륜,남,54세,경상
2020061400100496,2020년 6월 14일 22시,일요일,전라북도 군산시 미룡동,경상사고,0,0,1,0,차대사람 - 횡단중,보행자보호의무위반,건조,맑음,교차로 - 교차로횡단보도내,화물,남,47세,상해없음,보행자,여,63세,경상
2020061400100512,2020년 6월 14일 23시,일요일,전라북도 전주시 완산구 삼천동1가,경상사고,0,0,1,0,차대차 - 추돌,안전운전불이행,건조,맑음,단일로 - 기타,승용,남,49세,상해없음,승용,남,36세,경상
2020061500100016,2020년 6월 15일 02시,월요일,전라북도 전주시 완산구 효자동3가,경상사고,0,0,1,0,차대차 - 측면충돌,교차로운행방법위반,건조,맑음,교차로 - 교차로안,승용,남,27세,상해없음,승용,남,38세,경상
2020061500100038,2020년 6월 15일 05시,월요일,전라북도 부안군 변산면,중상사고,0,1,0,0,차대차 - 기타,중앙선침범,건조,맑음,단일로 - 기타,승합,여,54세,상해없음,자전거,남,49세,중상
2020061500100072,2020년 6월 15일 07시,월요일,전라북도 고창군 공음면,중상사고,0,1,0,0,차대차 - 측면충돌,신호위반,건조,맑음,교차로 - 교차로안,화물,남,31세,상해없음,화물,남,54세,중상
2020061500100103,2020년 6월 15일 08시,월요일,전라북도 전주시 완산구 중노송동,경상사고,0,0,1,0,차대차 - 기타,신호위반,건조,맑음,교차로 - 교차로횡단보도내,승용,남,38세,상해없음,자전거,여,20세,경상
2020061500100104,2020년 6월 15일 08시,월요일,전라북도 군산시 나포면,중상사고,0,1,0,0,차대사람 - 기타,안전운전불이행,건조,맑음,단일로 - 기타,화물,남,66세,상해없음,보행자,남,70세,중상
2020061500100105,2020년 6월 15일 08시,월요일,전라북도 군산시 소룡동,경상사고,0,0,1,0,차대차 - 추돌,안전운전불이행,건조,맑음,교차로 - 교차로안,승용,여,45세,상해없음,승용,여,44세,경상
2020061500100106,2020년 6월 15일 08시,월요일,전라북도 무주군 적상면,경상사고,0,0,1,0,차대차 - 측면충돌,안전운전불이행,건조,맑음,단일로 - 지하차도(도로)내,화물,여,60세,상해없음,승용,남,59세,경상
2020061500100156,2020년 6월 15일 09시,월요일,전라북도 군산시 미원동,경상사고,0,0,1,0,차대차 - 기타,안전운전불이행,건조,맑음,단일로 - 기타,승용,남,47세,상해없음,자전거,남,60세,경상
2020061500100157,2020년 6월 15일 09시,월요일,전라북도 진안군 진안읍,중상사고,0,1,0,0,차대사람 - 차도통행중,안전운전불이행,건조,맑음,단일로 - 기타,화물,남,72세,상해없음,보행자,여,87세,중상
2020061500100232,2020년 6월 15일 11시,월요일,전라북도 전주시 덕진구 인후동1가,경상사고,0,0,1,0,차대차 - 후진중충돌,안전운전불이행,건조,맑음,단일로 - 기타,승용,남,40세,상해없음,이륜,남,54세,경상
2020061500100301,2020년 6월 15일 13시,월요일,전라북도 전주시 완산구 효자동2가,중상사고,0,1,4,0,차대차 - 기타,교차로운행방법위반,건조,맑음,교차로 - 교차로안,승용,여,34세,상해없음,승용,남,58세,경상
2020061500100302,2020년 6월 15일 13시,월요일,전라북도 고창군 부안면,경상사고,0,0,2,0,차대차 - 측면충돌,중앙선침범,건조,맑음,단일로 - 지하차도(도로)내,화물,남,58세,상해없음,화물,남,42세,경상
2020061500100428,2020년 6월 15일 16시,월요일,전라북도 남원시 월락동,경상사고,0,0,1,0,차대차 - 측면충돌,안전운전불이행,건조,맑음,단일로 - 기타,기타불명,기타불명,미분류,기타불명,이륜,여,66세,경상
2020061500100493,2020년 6월 15일 17시,월요일,전라북도 전주시 덕진구 산정동,경상사고,0,0,1,0,차대차 - 측면충돌,안전운전불이행,건조,맑음,단일로 - 기타,승용,남,60세,상해없음,승용,여,26세,경상
2020061500100596,2020년 6월 15일 19시,월요일,전라북도 전주시 덕진구 송천동2가,경상사고,0,0,1,0,차대차 - 측면충돌,중앙선침범,건조,맑음,단일로 - 기타,승합,남,43세,상해없음,승용,남,72세,경상
2020061500100597,2020년 6월 15일 19시,월요일,전라북도 군산시 회현면,중상사고,0,1,0,0,차대차 - 기타,직진우회전진행방해,건조,맑음,교차로 - 교차로안,승용,여,67세,상해없음,이륜,여,55세,중상
2020061600100013,2020년 6월 16일 01시,화요일,전라북도 전주시 덕진구 금암동,중상사고,0,1,0,0,차대차 - 측면충돌,신호위반,건조,맑음,교차로 - 교차로안,이륜,남,24세,중상,승용,남,24세,상해없음
2020061600100076,2020년 6월 16일 07시,화요일,전라북도 전주시 완산구 중노송동,중상사고,0,1,0,0,차대차 - 측면충돌,기타,건조,맑음,교차로 - 교차로횡단보도내,승용,남,35세,상해없음,자전거,남,65세,중상
2020061600100077,2020년 6월 16일 07시,화요일,전라북도 전주시 완산구 효자동2가,중상사고,0,1,0,0,차대차 - 정면충돌,안전운전불이행,건조,맑음,교차로 - 교차로횡단보도내,승용,여,44세,상해없음,자전거,여,65세,중상
2020061600100112,2020년 6월 16일 08시,화요일,전라북도 군산시 회현면,중상사고,0,2,2,0,차대차 - 기타,중앙선침범,건조,맑음,단일로 - 기타,승용,남,64세,경상,승용,여,49세,중상
2020061600100113,2020년 6월 16일 08시,화요일,전라북도 정읍시 수성동,중상사고,0,1,0,0,차대사람 - 보도통행중,기타,건조,맑음,단일로 - 터널,자전거,남,14세,상해없음,보행자,여,76세,중상
2020061600100114,2020년 6월 16일 08시,화요일,전라북도 부안군 부안읍,중상사고,0,1,1,0,차대차 - 측면충돌,안전운전불이행,건조,맑음,교차로 - 교차로안,승용,남,65세,상해없음,원동기,남,79세,중상
2020061600100153,2020년 6월 16일 09시,화요일,전라북도 군산시 경암동,중상사고,0,1,0,0,차대차 - 기타,교차로운행방법위반,건조,맑음,교차로 - 교차로안,승용,남,31세,상해없음,원동기,남,69세,중상
2020061600100154,2020년 6월 16일 09시,화요일,전라북도 남원시 죽항동,경상사고,0,0,1,0,차대차 - 기타,직진우회전진행방해,건조,맑음,교차로 - 교차로안,자전거,여,60세,경상,승용,남,60세,상해없음
2020061600100189,2020년 6월 16일 10시,화요일,전라북도 익산시 남중동,중상사고,0,1,0,0,차량단독 - 기타,안전운전불이행,건조,맑음,교차로 - 교차로부근,승합,남,59세,상해없음,,,,
2020061600100258,2020년 6월 16일 12시,화요일,전라북도 전주시 덕진구 팔복동2가,중상사고,0,1,1,0,차대차 - 측면충돌,안전거리미확보,건조,맑음,단일로 - 기타,승용,남,57세,경상,이륜,남,46세,중상
2020061600100288,2020년 6월 16일 13시,화요일,전라북도 전주시 완산구 풍남동3가,경상사고,0,0,1,0,차대사람 - 길가장자리구역통행중,안전운전불이행,건조,맑음,단일로 - 기타,승용,남,25세,상해없음,보행자,여,50세,경상
2020061600100289,2020년 6월 16일 13시,화요일,전라북도 군산시 개정동,경상사고,0,0,1,0,차대차 - 기타,신호위반,건조,맑음,교차로 - 교차로안,승용,남,28세,상해없음,승용,남,37세,경상
2020061600100325,2020년 6월 16일 14시,화요일,전라북도 익산시 중앙동1가,경상사고,0,0,2,0,차대차 - 측면충돌,안전운전불이행,건조,맑음,교차로 - 교차로안,승용,여,42세,상해없음,승용,남,66세,경상
2020061600100326,2020년 6월 16일 14시,화요일,전라북도 부안군 줄포면,중상사고,0,1,0,0,차량단독 - 공작물충돌,안전운전불이행,건조,맑음,단일로 - 기타,화물,여,53세,중상,,,,
2020061600100367,2020년 6월 16일 15시,화요일,전라북도 정읍시 입암면,중상사고,0,1,0,0,차대차 - 측면충돌,직진우회전진행방해,건조,맑음,교차로 - 교차로안,이륜,남,80세,중상,승용,여,24세,상해없음
2020061600100419,2020년 6월 16일 16시,화요일,전라북도 군산시 경암동,경상사고,0,0,2,0,차대차 - 기타,안전운전불이행,건조,맑음,단일로 - 기타,승용,남,64세,경상,승합,여,50세,경상
2020061600100420,2020년 6월 16일 16시,화요일,전라북도 군산시 나운동,경상사고,0,0,1,0,차대차 - 기타,안전운전불이행,건조,맑음,단일로 - 기타,이륜,여,41세,경상,승용,남,58세,상해없음
2020061600100465,2020년 6월 16일 17시,화요일,전라북도 익산시 영등동,중상사고,0,1,0,1,차대차 - 측면충돌,안전운전불이행,건조,맑음,교차로 - 교차로안,자전거,여,51세,부상신고,승합,남,55세,상해없음
2020061600100466,2020년 6월 16일 17시,화요일,전라북도 김제시 금구면,중상사고,0,1,3,0,차대차 - 측면충돌,과속,건조,맑음,교차로 - 교차로안,승용,남,25세,상해없음,승용,남,40세,경상
2020061600100467,2020년 6월 16일 17시,화요일,전라북도 고창군 심원면,경상사고,0,0,3,0,차대차 - 기타,안전운전불이행,건조,맑음,단일로 - 기타,이륜,남,60세,경상,이륜,남,54세,경상
2020061600100517,2020년 6월 16일 18시,화요일,전라북도 전주시 완산구 서신동,경상사고,0,0,1,0,차대차 - 기타,신호위반,건조,맑음,교차로 - 교차로안,이륜,남,18세,상해없음,자전거,남,13세,경상
2020061600100555,2020년 6월 16일 19시,화요일,전라북도 전주시 덕진구 송천동1가,경상사고,0,0,1,0,차대차 - 측면충돌,안전운전불이행,건조,맑음,교차로 - 교차로횡단보도내,승용,남,31세,상해없음,자전거,여,7세,경상
2020061600100592,2020년 6월 16일 20시,화요일,전라북도 전주시 완산구 효자동2가,경상사고,0,0,1,0,차대차 - 기타,안전운전불이행,건조,맑음,기타 - 기타,승용,남,70세,상해없음,승용,여,23세,경상
2020061600100593,2020년 6월 16일 20시,화요일,전라북도 익산시 영등동,경상사고,0,0,1,0,차대차 - 측면충돌,교차로운행방법위반,건조,맑음,교차로 - 교차로안,승용,남,62세,상해없음,이륜,남,15세,경상
2020061700100015,2020년 6월 17일 01시,수요일,전라북도 군산시 나운동,중상사고,0,3,1,0,차량단독 - 공작물충돌,안전운전불이행,건조,맑음,교차로 - 교차로안,승용,남,18세,경상,,,,
2020061700100044,2020년 6월 17일 05시,수요일,전라북도 군산시 나운동,부상신고사고,0,0,0,1,차대차 - 기타,안전운전불이행,건조,맑음,단일로 - 기타,원동기,남,77세,부상신고,승용,남,62세,상해없음
2020061700100127,2020년 6월 17일 08시,수요일,전라북도 김제시 성덕면,경상사고,0,0,2,0,차대차 - 측면충돌,안전운전불이행,건조,맑음,단일로 - 기타,화물,남,42세,상해없음,화물,남,63세,경상
2020061700100210,2020년 6월 17일 11시,수요일,전라북도 전주시 덕진구 여의동,경상사고,0,0,1,0,차대차 - 측면충돌,교차로운행방법위반,건조,맑음,단일로 - 기타,승용,남,53세,상해없음,승용,남,37세,경상
2020061700100247,2020년 6월 17일 12시,수요일,전라북도 익산시 어양동,중상사고,0,1,0,0,차대사람 - 횡단중,안전운전불이행,건조,맑음,교차로 - 교차로안,승합,남,52세,상해없음,보행자,여,64세,중상
2020061700100248,2020년 6월 17일 12시,수요일,전라북도 익산시 용동면,중상사고,0,1,1,0,차대차 - 측면충돌,직진우회전진행방해,건조,맑음,교차로 - 교차로안,승용,남,67세,상해없음,승용,남,75세,경상
2020061700100281,2020년 6월 17일 13시,수요일,전라북도 군산시 조촌동,중상사고,0,1,0,0,차대사람 - 기타,안전운전불이행,건조,맑음,교차로 - 교차로안,승용,여,52세,상해없음,보행자,여,62세,중상
2020061700100327,2020년 6월 17일 14시,수요일,전라북도 군산시 경암동,경상사고,0,0,1,0,차대차 - 기타,안전거리미확보,건조,맑음,단일로 - 기타,승용,남,79세,상해없음,승용,여,62세,경상
2020061700100388,2020년 6월 17일 16시,수요일,전라북도 군산시 지곡동,경상사고,0,0,2,0,차대차 - 측면충돌,안전운전불이행,건조,맑음,교차로 - 교차로부근,승합,남,40세,상해없음,승용,여,38세,경상
2020061700100426,2020년 6월 17일 17시,수요일,전라북도 정읍시 북면,중상사고,0,1,0,0,차대차 - 추돌,안전운전불이행,건조,맑음,단일로 - 지하차도(도로)내,화물,남,49세,상해없음,이륜,남,59세,중상