사고번호,사고일시,요일,시군구,사고내용,사망자수,중상자수,경상자수,부상신고자수,사고유형,법규위반,노면상태,기상상태,도로형태,가해운전자 차종,가해운전자 성별,가해운전자 연령,가해운전자 상해정도,피해운전자 차종,피해운전자 성별,피해운전자 연령,피해운전자 상해정도
2020062400100171,2020년 6월 24일 10시,수요일,전라북도 군산시 미장동,사망사고,1,0,1,0,차대차 - 측면충돌,신호위반,건조,맑음,교차로 - 교차로안,승용,남,67세,경상,이륜,남,44세,사망
2020062400100199,2020년 6월 24일 11시,수요일,전라북도 전주시 완산구 효자동2가,중상사고,0,1,1,0,차대차 - 측면충돌,안전거리미확보,건조,흐림,단일로 - 기타,승용,남,60세,중상,승용,남,45세,경상
2020062400100200,2020년 6월 24일 11시,수요일,전라북도 전주시 완산구 중화산동2가,중상사고,0,2,0,0,차대사람 - 보도통행중,기타,건조,흐림,교차로 - 교차로부근,화물,남,58세,상해없음,보행자,여,34세,중상
2020062400100201,2020년 6월 24일 11시,수요일,전라북도 군산시 문화동,경상사고,0,0,1,1,차대차 - 기타,안전거리미확보,젖음/습기,비,단일로 - 기타,승용,여,64세,상해없음,승용,남,53세,부상신고
2020062400100232,2020년 6월 24일 12시,수요일,전라북도 전주시 완산구 평화동2가,경상사고,0,0,1,0,차대사람 - 차도통행중,안전운전불이행,젖음/습기,비,단일로 - 기타,승용,남,67세,상해없음,보행자,여,73세,경상
2020062400100233,2020년 6월 24일 12시,수요일,전라북도 진안군 진안읍,중상사고,0,1,0,0,차대사람 - 횡단중,보행자보호의무위반,건조,맑음,단일로 - 기타,화물,남,44세,상해없음,보행자,여,78세,중상
2020062400100304,2020년 6월 24일 14시,수요일,전라북도 부안군 부안읍,경상사고,0,0,1,0,차대차 - 측면충돌,교차로운행방법위반,젖음/습기,비,교차로 - 교차로안,승용,남,20세,상해없음,승용,남,68세,경상
2020062400100348,2020년 6월 24일 15시,수요일,전라북도 장수군 장수읍,중상사고,0,2,1,0,차대차 - 측면충돌,신호위반,젖음/습기,비,교차로 - 교차로안,승용,남,33세,경상,화물,여,59세,중상
2020062400100429,2020년 6월 24일 17시,수요일,전라북도 정읍시 수성동,경상사고,0,0,1,0,차대차 - 기타,안전운전불이행,건조,맑음,단일로 - 기타,승용,남,62세,상해없음,자전거,남,63세,경상
2020062400100471,2020년 6월 24일 18시,수요일,전라북도 전주시 완산구 효자동1가,경상사고,0,0,1,0,차대사람 - 횡단중,보행자보호의무위반,건조,맑음,교차로 - 교차로안,승용,남,30세,상해없음,보행자,여,39세,경상
2020062400100472,2020년 6월 24일 18시,수요일,전라북도 전주시 덕진구 인후동1가,경상사고,0,0,1,0,차대차 - 추돌,안전운전불이행,건조,흐림,교차로 - 교차로부근,승용,남,40세,상해없음,승용,남,55세,경상
2020062400100521,2020년 6월 24일 19시,수요일,전라북도 전주시 덕진구 인후동1가,경상사고,0,0,1,0,차대차 - 측면충돌,직진우회전진행방해,건조,맑음,교차로 - 교차로안,원동기,남,20세,상해없음,자전거,남,47세,경상
2020062400100522,2020년 6월 24일 19시,수요일,전라북도 전주시 덕진구 금암동,중상사고,0,1,0,0,차대사람 - 차도통행중,과속,건조,흐림,단일로 - 기타,승용,남,67세,상해없음,보행자,여,53세,중상
2020062400100562,2020년 6월 24일 20시,수요일,전라북도 군산시 수송동,경상사고,0,0,1,0,차대차 - 기타,차로위반,건조,맑음,단일로 - 기타,승용,남,41세,상해없음,원동기,남,29세,경상
2020062400100563,2020년 6월 24일 20시,수요일,전라북도 군산시 구암동,경상사고,0,0,1,0,차대사람 - 횡단중,안전운전불이행,건조,맑음,교차로 - 교차로부근,승용,남,68세,상해없음,보행자,남,41세,경상
2020062400100606,2020년 6월 24일 21시,수요일,전라북도 전주시 덕진구 송천동1가,경상사고,0,0,2,0,차대차 - 추돌,안전운전불이행,건조,흐림,교차로 - 교차로부근,승용,남,46세,상해없음,화물,남,61세,경상
2020062400100657,2020년 6월 24일 22시,수요일,전라북도 전주시 완산구 중화산동2가,경상사고,0,0,1,0,차대차 - 기타,안전운전불이행,건조,맑음,기타 - 기타,승용,남,68세,상해없음,승용,여,39세,경상
2020062400100658,2020년 6월 24일 22시,수요일,전라북도 군산시 나운동,중상사고,0,1,0,0,차대차 - 기타,직진우회전진행방해,건조,맑음,교차로 - 교차로안,승용,남,37세,상해없음,원동기,남,16세,중상
2020062400100678,2020년 6월 24일 23시,수요일,전라북도 전주시 완산구 효자동2가,중상사고,0,1,2,0,차대차 - 추돌,안전운전불이행,건조,맑음,교차로 - 교차로부근,승용,남,47세,상해없음,승용,여,25세,경상
2020062400100679,2020년 6월 24일 23시,수요일,전라북도 군산시 소룡동,경상사고,0,0,2,0,차대차 - 추돌,안전운전불이행,젖음/습기,비,교차로 - 교차로부근,승용,남,60세,상해없음,승용,남,46세,경상
2020062400100680,2020년 6월 24일 23시,수요일,전라북도 군산시 성산면,경상사고,0,0,2,1,차량단독 - 기타,안전운전불이행,젖음/습기,비,단일로 - 기타,승용,남,22세,상해없음,,,,
2020062500100025,2020년 6월 25일 00시,목요일,전라북도 정읍시 시기동,중상사고,0,1,1,0,차대차 - 측면충돌,직진우회전진행방해,젖음/습기,흐림,교차로 - 교차로안,승용,남,50세,상해없음,화물,남,40세,경상
2020062500100052,2020년 6월 25일 02시,목요일,전라북도 정읍시 연지동,중상사고,0,2,2,0,차량단독 - 전도전복 - 전복,안전운전불이행,젖음/습기,비,단일로 - 기타,승용,남,20세,상해없음,,,,
2020062500100071,2020년 6월 25일 04시,목요일,전라북도 남원시 하정동,경상사고,0,0,1,0,차대차 - 측면충돌,직진우회전진행방해,건조,흐림,교차로 - 교차로안,승용,남,22세,기타불명,승용,남,53세,경상
2020062500100076,2020년 6월 25일 05시,목요일,전라북도 익산시 인화동1가,중상사고,0,1,0,0,차대차 - 측면충돌,안전운전불이행,젖음/습기,맑음,교차로 - 교차로부근,승용,여,63세,상해없음,자전거,남,81세,중상
2020062500100138,2020년 6월 25일 08시,목요일,전라북도 전주시 완산구 평화동1가,경상사고,0,0,1,0,차대사람 - 기타,안전운전불이행,건조,맑음,교차로 - 교차로부근,승용,여,38세,상해없음,보행자,여,49세,경상
2020062500100196,2020년 6월 25일 10시,목요일,전라북도 김제시 백구면,경상사고,0,0,2,0,차대차 - 추돌,안전운전불이행,건조,흐림,단일로 - 기타,승용,남,42세,상해없음,화물,남,69세,경상
2020062500100223,2020년 6월 25일 11시,목요일,전라북도 전주시 완산구 중앙동4가,경상사고,0,0,1,0,차대사람 - 길가장자리구역통행중,안전운전불이행,기타,비,단일로 - 기타,승용,여,38세,상해없음,보행자,남,47세,경상
2020062500100224,2020년 6월 25일 11시,목요일,전라북도 군산시 미룡동,경상사고,0,0,2,0,차대차 - 기타,안전운전불이행,건조,맑음,교차로 - 교차로부근,승용,남,26세,상해없음,승용,남,47세,경상
2020062500100225,2020년 6월 25일 11시,목요일,전라북도 완주군 봉동읍,중상사고,0,1,0,0,차대차 - 측면충돌,안전운전불이행,건조,맑음,단일로 - 기타,승합,여,60세,상해없음,화물,남,49세,중상
2020062500100251,2020년 6월 25일 12시,목요일,전라북도 익산시 평화동,경상사고,0,0,1,0,차대사람 - 횡단중,안전운전불이행,건조,맑음,단일로 - 기타,승합,남,56세,상해없음,보행자,여,47세,경상
2020062500100252,2020년 6월 25일 12시,목요일,전라북도 완주군 구이면,중상사고,0,1,1,0,차대차 - 추돌,안전운전불이행,건조,맑음,단일로 - 기타,승용,여,54세,상해없음,승용,남,67세,경상
2020062500100278,2020년 6월 25일 13시,목요일,전라북도 익산시 남중동,중상사고,0,1,0,0,차대차 - 측면충돌,직진우회전진행방해,건조,맑음,교차로 - 교차로안,승용,여,43세,상해없음,자전거,남,76세,중상
2020062500100279,2020년 6월 25일 13시,목요일,전라북도 순창군 동계면,부상신고사고,0,0,0,1,차대차 - 정면충돌,안전운전불이행,젖음/습기,비,단일로 - 기타,사륜오토바이(ATV),남,55세,부상신고,건설기계,남,45세,상해없음
2020062500100307,2020년 6월 25일 14시,목요일,전라북도 남원시 신정동,중상사고,0,1,0,0,차대차 - 기타,중앙선침범,건조,맑음,단일로 - 기타,승용,남,45세,상해없음,자전거,남,87세,중상
2020062500100408,2020년 6월 25일 17시,목요일,전라북도 김제시 금산면,경상사고,0,0,1,0,차대차 - 추돌,안전거리미확보,건조,흐림,교차로 - 교차로안,승용,여,53세,상해없음,이륜,남,82세,경상
2020062500100409,2020년 6월 25일 17시,목요일,전라북도 장수군 산서면,중상사고,0,1,0,0,차량단독 - 도로외이탈 - 추락,안전운전불이행,건조,맑음,단일로 - 기타,이륜,남,63세,중상,,,,
2020062500100439,2020년 6월 25일 18시,목요일,전라북도 군산시 문화동,경상사고,0,0,3,0,차대차 - 기타,신호위반,건조,맑음,교차로 - 교차로안,승합,남,56세,상해없음,승용,남,57세,경상
2020062500100440,2020년 6월 25일 18시,목요일,전라북도 익산시 인화동2가,중상사고,0,1,0,0,차대사람 - 횡단중,안전운전불이행,건조,맑음,단일로 - 기타,승용,여,42세,상해없음,보행자,여,69세,중상
2020062500100508,2020년 6월 25일 20시,목요일,전라북도 완주군 삼례읍,부상신고사고,0,0,0,1,차대차 - 기타,안전운전불이행,건조,맑음,기타 - 기타,승용,남,25세,상해없음,자전거,여,79세,부상신고
2020062500100552,2020년 6월 25일 21시,목요일,전라북도 정읍시 연지동,경상사고,0,0,1,0,차량단독 - 공작물충돌,기타,건조,맑음,교차로 - 교차로부근,승용,남,63세,상해없음,,,,
2020062500100588,2020년 6월 25일 22시,목요일,전라북도 전주시 덕진구 송천동2가,경상사고,0,0,3,0,차대차 - 추돌,안전운전불이행,건조,맑음,교차로 - 교차로부근,승용,남,62세,상해없음,승용,남,47세,경상
2020062600100036,2020년 6월 26일 01시,금요일,전라북도 군산시 미룡동,사망사고,4,0,0,0,차량단독 - 도로외이탈 - 추락,안전운전불이행,젖음/습기,흐림,단일로 - 기타,승용,남,21세,사망,,,,
2020062600100103,2020년 6월 26일 07시,금요일,전라북도 전주시 덕진구 송천동1가,중상사고,0,1,0,0,차대사람 - 차도통행중,안전운전불이행,건조,맑음,단일로 - 기타,이륜,남,69세,상해없음,보행자,여,63세,중상
2020062600100172,2020년 6월 26일 09시,금요일,전라북도 전주시 덕진구 전미동1가,경상사고,0,0,5,0,차대차 - 측면충돌,안전운전불이행,건조,맑음,교차로 - 교차로안,승용,남,45세,경상,승용,여,44세,경상
2020062600100173,2020년 6월 26일 09시,금요일,전라북도 고창군 무장면,경상사고,0,0,1,0,차대차 - 측면충돌,교차로운행방법위반,건조,맑음,교차로 - 교차로안,승용,여,54세,상해없음,승용,여,61세,경상
2020062600100200,2020년 6월 26일 10시,금요일,전라북도 정읍시 칠보면,경상사고,0,0,1,0,차대차 - 측면충돌,직진우회전진행방해,건조,맑음,교차로 - 교차로안,승용,여,67세,상해없음,화물,남,43세,경상
2020062600100228,2020년 6월 26일 11시,금요일,전라북도 전주시 덕진구 팔복동2가,경상사고,0,0,1,0,차대차 - 측면충돌,신호위반,건조,맑음,교차로 - 교차로안,승용,남,75세,상해없음,승용,남,51세,경상
2020062600100254,2020년 6월 26일 12시,금요일,전라북도 군산시 장미동,중상사고,0,1,0,0,차대사람 - 차도통행중,안전운전불이행,건조,맑음,단일로 - 지하차도(도로)내,승용,여,61세,상해없음,보행자,여,79세,중상
2020062600100293,2020년 6월 26일 13시,금요일,전라북도 전주시 완산구 중화산동2가,경상사고,0,0,1,0,차대차 - 추돌,안전운전불이행,건조,맑음,교차로 - 교차로부근,화물,남,51세,상해없음,승용,여,42세,경상
2020062600100331,2020년 6월 26일 14시,금요일,전라북도 익산시 마동,경상사고,0,0,2,0,차대차 - 측면충돌,안전운전불이행,건조,맑음,단일로 - 기타,승용,여,67세,상해없음,승용,남,44세,경상
2020062600100612,2020년 6월 26일 20시,금요일,전라북도 전주시 덕진구 송천동2가,경상사고,0,0,2,0,차대차 - 측면충돌,차로위반,건조,맑음,단일로 - 기타,승용,여,27세,경상,승용,남,24세,경상
2020062600100613,2020년 6월 26일 20시,금요일,전라북도 남원시 노암동,경상사고,0,0,1,0,차대차 - 기타,안전운전불이행,건조,맑음,교차로 - 교차로안,자전거,남,60세,경상,승용,남,30세,상해없음
2020062600100648,2020년 6월 26일 21시,금요일,전라북도 정읍시 북면,경상사고,0,0,2,0,차대차 - 측면충돌,직진우회전진행방해,건조,맑음,교차로 - 교차로안,승용,여,51세,경상,승용,여,51세,경상
2020062600100649,2020년 6월 26일 21시,금요일,전라북도 정읍시 장명동,경상사고,0,0,2,0,차대차 - 추돌,안전운전불이행,건조,맑음,교차로 - 교차로부근,승용,남,20세,상해없음,승용,여,37세,경상
2020062600100650,2020년 6월 26일 21시,금요일,전라북도 완주군 봉동읍,중상사고,0,1,1,0,차대차 - 기타,중앙선침범,건조,맑음,단일로 - 기타,농기계,남,75세,상해없음,화물,남,55세,경상
2020062600100683,2020년 6월 26일 22시,금요일,전라북도 군산시 소룡동,중상사고,0,1,0,0,차대사람 - 횡단중,안전운전불이행,건조,맑음,단일로 - 지하차도(도로)내,승용,남,30세,상해없음,보행자,여,69세,중상
2020062600100684,2020년 6월 26일 22시,금요일,전라북도 군산시 수송동,경상사고,0,0,1,0,차대사람 - 횡단중,안전운전불이행,건조,맑음,교차로 - 교차로안,승용,여,25세,상해없음,보행자,남,25세,경상
2020062700100008,2020년 6월 27일 00시,토요일,전라북도 익산시 주현동,경상사고,0,0,2,0,차대차 - 측면충돌,차로위반,건조,맑음,단일로 - 기타,승용,남,59세,상해없음,승용,남,63세,경상
2020062700100139,2020년 6월 27일 09시,토요일,전라북도 전주시 덕진구 인후동2가,중상사고,0,1,1,0,차대차 - 측면충돌,신호위반,건조,맑음,교차로 - 교차로안,승용,남,54세,상해없음,승용,남,26세,경상
2020062700100169,2020년 6월 27일 10시,토요일,전라북도 무주군 안성면,중상사고,0,1,0,0,차대차 - 측면충돌,안전운전불이행,건조,맑음,교차로 - 교차로안,승합,남,56세,상해없음,이륜,남,65세,중상
2020062700100204,2020년 6월 27일 11시,토요일,전라북도 군산시 영화동,경상사고,0,0,2,0,차대차 - 측면충돌,안전운전불이행,건조,맑음,교차로 - 교차로안,승용,남,53세,경상,승용,여,35세,경상
2020062700100205,2020년 6월 27일 11시,토요일,전라북도 순창군 순창읍,경상사고,0,0,1,0,차대차 - 기타,중앙선침범,건조,맑음,단일로 - 기타,승용,여,39세,상해없음,이륜,남,77세,경상
2020062700100242,2020년 6월 27일 12시,토요일,전라북도 군산시 삼학동,중상사고,0,1,0,0,차대사람 - 횡단중,보행자보호의무위반,건조,맑음,교차로 - 교차로횡단보도내,승용,남,64세,상해없음,보행자,여,72세,중상
2020062700100272,2020년 6월 27일 13시,토요일,전라북도 익산시 어양동,중상사고,0,1,0,0,차대차 - 정면충돌,중앙선침범,건조,맑음,단일로 - 기타,승용,여,47세,상해없음,이륜,남,35세,중상
2020062700100273,2020년 6월 27일 13시,토요일,전라북도 정읍시 상동,경상사고,0,0,2,0,차대차 - 추돌,안전운전불이행,건조,맑음,교차로 - 교차로부근,승용,남,63세,상해없음,승용,남,24세,경상
2020062700100353,2020년 6월 27일 15시,토요일,전라북도 전주시 덕진구 송천동2가,경상사고,0,0,1,0,차대차 - 측면충돌,안전운전불이행,건조,맑음,단일로 - 기타,승용,남,60세,상해없음,이륜,남,57세,경상
2020062700100354,2020년 6월 27일 15시,토요일,전라북도 김제시 금산면,사망사고,1,0,0,0,차대사람 - 차도통행중,기타,건조,맑음,단일로 - 교량,승용,남,39세,상해없음,보행자,남,57세,사망
2020062700100471,2020년 6월 27일 18시,토요일,전라북도 군산시 나운동,경상사고,0,0,2,0,차대차 - 기타,안전운전불이행,건조,맑음,교차로 - 교차로안,승용,남,44세,상해없음,화물,남,73세,상해없음
2020062700100472,2020년 6월 27일 18시,토요일,전라북도 정읍시 입암면,경상사고,0,0,5,0,차대차 - 정면충돌,중앙선침범,건조,맑음,기타 - 기타,화물,남,47세,경상,승용,여,38세,경상
2020062700100504,2020년 6월 27일 19시,토요일,전라북도 군산시 구암동,경상사고,0,0,1,0,차대차 - 후진중충돌,안전운전불이행,건조,맑음,교차로 - 교차로부근,승용,여,59세,상해없음,승용,여,26세,경상
2020062700100505,2020년 6월 27일 19시,토요일,전라북도 군산시 나운동,경상사고,0,0,1,0,차대차 - 측면충돌,안전운전불이행,건조,맑음,교차로 - 교차로안,승용,남,46세,상해없음,이륜,남,26세,경상
2020062700100525,2020년 6월 27일 20시,토요일,전라북도 익산시 어양동,중상사고,0,1,0,0,차대차 - 측면충돌,안전운전불이행,건조,맑음,단일로 - 기타,승용,남,32세,기타불명,이륜,남,17세,중상
2020062800100025,2020년 6월 28일 01시,일요일,전라북도 군산시 개사동,중상사고,0,1,1,0,차대차 - 추돌,과속,건조,맑음,단일로 - 기타,승용,남,34세,경상,승용,남,43세,중상
2020062800100049,2020년 6월 28일 03시,일요일,전라북도 군산시 조촌동,경상사고,0,0,3,0,차대차 - 측면충돌,신호위반,건조,맑음,교차로 - 교차로안,승용,남,58세,상해없음,승용,남,18세,경상
2020062800100061,2020년 6월 28일 04시,일요일,전라북도 전주시 덕진구 송천동1가,경상사고,0,0,1,0,차대사람 - 기타,안전운전불이행,건조,맑음,단일로 - 기타,자전거,남,23세,상해없음,보행자,남,52세,경상
2020062800100081,2020년 6월 28일 06시,일요일,전라북도 익산시 황등면,중상사고,0,1,0,0,차량단독 - 공작물충돌,안전운전불이행,건조,맑음,교차로 - 교차로안,이륜,남,22세,상해없음,,,,
2020062800100107,2020년 6월 28일 08시,일요일,전라북도 전주시 완산구 효자동3가,경상사고,0,0,1,0,차대차 - 측면충돌,안전운전불이행,건조,맑음,교차로 - 교차로안,승용,남,50세,상해없음,승용,남,60세,경상
2020062800100161,2020년 6월 28일 11시,일요일,전라북도 전주시 덕진구 인후동1가,경상사고,0,0,2,0,차대차 - 추돌,안전운전불이행,건조,맑음,교차로 - 교차로안,승용,남,31세,상해없음,승용,여,26세,경상
2020062800100253,2020년 6월 28일 14시,일요일,전라북도 부안군 진서면,경상사고,0,0,3,0,차대차 - 기타,중앙선침범,건조,맑음,단일로 - 기타,승용,여,54세,상해없음,승용,여,67세,경상
2020062800100321,2020년 6월 28일 16시,일요일,전라북도 정읍시 장명동,경상사고,0,0,1,0,차량단독 - 공작물충돌,안전운전불이행,건조,맑음,교차로 - 교차로부근,승용,여,58세,경상,,,,
2020062800100322,2020년 6월 28일 16시,일요일,전라북도 정읍시 칠보면,경상사고,0,0,1,0,차량단독 - 도로외이탈 - 추락,안전운전불이행,건조,맑음,단일로 - 기타,화물,여,51세,경상,,,,
2020062800100323,2020년 6월 28일 16시,일요일,전라북도 순창군 순창읍,경상사고,0,0,2,0,차대차 - 정면충돌,안전운전불이행,건조,맑음,단일로 - 기타,이륜,남,74세,경상,승용,남,27세,상해없음
2020062800100391,2020년 6월 28일 18시,일요일,전라북도 전주시 완산구 평화동2가,경상사고,0,0,4,0,차대차 - 추돌,안전운전불이행,건조,맑음,단일로 - 기타,승용,남,60세,상해없음,승용,여,49세,경상
2020062800100392,2020년 6월 28일 18시,일요일,전라북도 전주시 덕진구 덕진동2가,경상사고,0,0,1,0,차대차 - 측면충돌,신호위반,건조,맑음,교차로 - 교차로안,승용,여,29세,상해없음,승용,여,34세,경상
2020062800100393,2020년 6월 28일 18시,일요일,전라북도 임실군 청웅면,중상사고,0,1,0,0,차대차 - 추돌,안전운전불이행,건조,맑음,단일로 - 기타,화물,남,31세,상해없음,화물,남,55세,중상
2020062800100422,2020년 6월 28일 19시,일요일,전라북도 전주시 완산구 효자동2가,경상사고,0,0,1,0,차대차 - 기타,안전운전불이행,건조,맑음,단일로 - 기타,승용,남,25세,상해없음,이륜,남,38세,경상
2020062800100423,2020년 6월 28일 19시,일요일,전라북도 정읍시 수성동,중상사고,0,1,0,0,차대차 - 측면충돌,직진우회전진행방해,건조,맑음,교차로 - 교차로안,승용,남,24세,상해없음,이륜,여,36세,중상
2020062800100445,2020년 6월 28일 20시,일요일,전라북도 군산시 나운동,경상사고,0,0,1,0,차대차 - 측면충돌,신호위반,건조,맑음,교차로 - 교차로안,승용,남,28세,상해없음,자전거,남,11세,경상
2020062800100474,2020년 6월 28일 21시,일요일,전라북도 전주시 완산구 서신동,중상사고,0,1,0,0,차대차 - 기타,안전운전불이행,건조,맑음,교차로 - 교차로부근,승용,남,27세,상해없음,이륜,남,33세,중상
2020062800100493,2020년 6월 28일 22시,일요일,전라북도 전주시 완산구 경원동1가,경상사고,0,0,1,0,차대차 - 정면충돌,중앙선침범,건조,맑음,교차로 - 교차로부근,승용,남,34세,상해없음,승용,여,40세,경상
2020062800100494,2020년 6월 28일 22시,일요일,전라북도 전주시 덕진구 금암동,경상사고,0,0,2,0,차대차 - 측면충돌,불법유턴,건조,맑음,교차로 - 교차로안,승용,남,47세,상해없음,승용,남,26세,경상
2020062800100495,2020년 6월 28일 22시,일요일,전라북도 전주시 덕진구 금암동,중상사고,0,1,3,0,차대차 - 추돌,안전운전불이행,건조,맑음,교차로 - 교차로부근,승용,남,44세,상해없음,승용,남,49세,경상
2020062900100018,2020년 6월 29일 03시,월요일,전라북도 김제시 죽산면,사망사고,1,0,0,0,차량단독 - 공작물충돌,안전운전불이행,건조,맑음,단일로 - 지하차도(도로)내,승용,남,60세,사망,,,,
2020062900100053,2020년 6월 29일 07시,월요일,전라북도 전주시 완산구 효자동3가,경상사고,0,0,1,0,차대차 - 추돌,안전운전불이행,건조,맑음,교차로 - 교차로부근,승용,남,71세,상해없음,승용,여,30세,경상
2020062900100113,2020년 6월 29일 09시,월요일,전라북도 익산시 마동,경상사고,0,0,1,0,차대차 - 추돌,안전거리미확보,건조,맑음,교차로 - 교차로부근,이륜,남,69세,상해없음,승용,여,47세,경상
2020062900100114,2020년 6월 29일 09시,월요일,전라북도 임실군 임실읍,경상사고,0,0,1,0,차대차 - 기타,신호위반,건조,맑음,교차로 - 교차로안,승용,남,40세,상해없음,승용,남,59세,경상
2020062900100188,2020년 6월 29일 11시,월요일,전라북도 완주군 용진읍,중상사고,0,1,1,0,차대차 - 추돌,신호위반,건조,맑음,교차로 - 교차로부근,화물,남,52세,상해없음,이륜,남,47세,경상
2020062900100222,2020년 6월 29일 12시,월요일,전라북도 군산시 오식도동,경상사고,0,0,5,0,차대차 - 추돌,안전운전불이행,젖음/습기,비,교차로 - 교차로부근,화물,남,68세,상해없음,승합,여,45세,경상
2020062900100321,2020년 6월 29일 15시,월요일,전라북도 익산시 용안면,중상사고,0,1,0,0,차대차 - 측면충돌,안전운전불이행,젖음/습기,비,교차로 - 교차로부근,화물,남,24세,상해없음,화물,남,64세,중상
2020062900100362,2020년 6월 29일 16시,월요일,전라북도 익산시 모현동1가,경상사고,0,0,1,0,차대차 - 정면충돌,중앙선침범,젖음/습기,비,단일로 - 기타,승용,여,52세,상해없음,승합,남,49세,경상
2020062900100536,2020년 6월 29일 20시,월요일,전라북도 전주시 덕진구 송천동2가,경상사고,0,0,2,0,차대차 - 측면충돌,교차로운행방법위반,젖음/습기,비,교차로 - 교차로안,승용,남,46세,상해없음,승용,남,25세,경상
2020062900100585,2020년 6월 29일 21시,월요일,전라북도 군산시 수송동,경상사고,0,0,5,0,차대차 - 추돌,안전운전불이행,젖음/습기,비,교차로 - 교차로부근,승용,남,59세,상해없음,승용,여,23세,경상
2020062900100634,2020년 6월 29일 22시,월요일,전라북도 전주시 덕진구 동산동,경상사고,0,0,1,0,차대차 - 추돌,안전운전불이행,젖음/습기,비,교차로 - 교차로부근,승용,남,43세,상해없음,승용,여,54세,경상
2020062900100670,2020년 6월 29일 23시,월요일,전라북도 익산시 마동,중상사고,0,1,0,0,차대사람 - 횡단중,안전운전불이행,젖음/습기,비,단일로 - 기타,승용,남,24세,상해없음,보행자,남,51세,중상
2020063000100015,2020년 6월 30일 00시,화요일,전라북도 전주시 완산구 효자동3가,경상사고,0,0,1,0,차대차 - 측면충돌,안전운전불이행,젖음/습기,비,교차로 - 교차로안,승용,남,60세,상해없음,승용,남,25세,경상
2020063000100030,2020년 6월 30일 01시,화요일,전라북도 전주시 완산구 중화산동2가,경상사고,0,0,1,0,차대차 - 정면충돌,신호위반,젖음/습기,비,교차로 - 교차로안,승용,남,29세,상해없음,승용,여,41세,경상
2020063000100031,2020년 6월 30일 01시,화요일,전라북도 익산시 영등동,중상사고,0,1,0,0,차대사람 - 기타,안전운전불이행,젖음/습기,비,교차로 - 교차로부근,승용,남,49세,상해없음,보행자,남,44세,중상
2020063000100124,2020년 6월 30일 08시,화요일,전라북도 전주시 덕진구 덕진동2가,경상사고,0,0,1,0,차대차 - 추돌,안전운전불이행,젖음/습기,흐림,단일로 - 기타,승용,여,45세,상해없음,승용,남,40세,경상
2020063000100125,2020년 6월 30일 08시,화요일,전라북도 익산시 팔봉동,경상사고,0,0,1,0,차대차 - 측면충돌,교차로운행방법위반,건조,흐림,교차로 - 교차로안,승용,남,53세,상해없음,승용,여,42세,경상
2020063000100126,2020년 6월 30일 08시,화요일,전라북도 익산시 모현동1가,경상사고,0,0,1,0,차대차 - 측면충돌,신호위반,건조,흐림,단일로 - 기타,승용,남,37세,상해없음,승합,남,70세,경상
2020063000100146,2020년 6월 30일 09시,화요일,전라북도 군산시 지곡동,중상사고,0,2,0,0,차대차 - 추돌,기타,건조,맑음,교차로 - 교차로안,승용,여,44세,상해없음,이륜,남,78세,중상
2020063000100176,2020년 6월 30일 10시,화요일,전라북도 군산시 조촌동,경상사고,0,0,1,0,차대차 - 측면충돌,안전운전불이행,건조,맑음,교차로 - 교차로부근,승용,남,73세,상해없음,이륜,남,77세,경상
2020063000100223,2020년 6월 30일 12시,화요일,전라북도 전주시 완산구 중화산동1가,경상사고,0,0,1,0,차대차 - 측면충돌,신호위반,건조,맑음,교차로 - 교차로횡단보도내,이륜,남,50세,상해없음,자전거,여,18세,경상
2020063000100257,2020년 6월 30일 13시,화요일,전라북도 전주시 완산구 효자동1가,경상사고,0,0,1,0,차대사람 - 기타,기타,건조,맑음,교차로 - 교차로부근,승용,여,37세,상해없음,보행자,남,7세,경상
2020063000100258,2020년 6월 30일 13시,화요일,전라북도 전주시 완산구 중화산동1가,중상사고,0,1,0,0,차대차 - 측면충돌,안전운전불이행,건조,맑음,단일로 - 기타,승용,남,19세,상해없음,자전거,남,69세,중상
2020063000100259,2020년 6월 30일 13시,화요일,전라북도 전주시 완산구 중인동,경상사고,0,0,2,0,차대차 - 추돌,안전거리미확보,건조,맑음,교차로 - 교차로안,승용,여,28세,상해없음,승용,여,55세,경상
2020063000100284,2020년 6월 30일 14시,화요일,전라북도 전주시 완산구 중화산동2가,경상사고,0,0,1,0,차대차 - 추돌,안전운전불이행,건조,맑음,교차로 - 교차로부근,승용,남,72세,상해없음,승용,여,32세,경상
2020063000100285,2020년 6월 30일 14시,화요일,전라북도 전주시 덕진구 호성동1가,경상사고,0,0,1,0,차대차 - 추돌,안전운전불이행,건조,맑음,단일로 - 기타,승용,남,62세,상해없음,승용,남,23세,경상
2020063000100322,2020년 6월 30일 15시,화요일,전라북도 정읍시 농소동,경상사고,0,0,3,0,차대차 - 측면충돌,직진우회전진행방해,젖음/습기,비,교차로 - 교차로안,승용,남,51세,경상,승용,여,21세,경상
2020063000100352,2020년 6월 30일 16시,화요일,전라북도 전주시 완산구 남노송동,중상사고,0,1,0,0,차대사람 - 횡단중,기타,젖음/습기,흐림,단일로 - 기타,화물,남,53세,상해없음,보행자,남,8세,중상
2020063000100432,2020년 6월 30일 18시,화요일,전라북도 남원시 보절면,중상사고,0,2,0,0,차대차 - 측면충돌,신호위반,건조,맑음,교차로 - 교차로안,승용,남,49세,상해없음,승용,남,67세,중상