사고번호,사고일시,요일,시군구,사고내용,사망자수,중상자수,경상자수,부상신고자수,사고유형,법규위반,노면상태,기상상태,도로형태,가해운전자 차종,가해운전자 성별,가해운전자 연령,가해운전자 상해정도,피해운전자 차종,피해운전자 성별,피해운전자 연령,피해운전자 상해정도
2020070700100592,2020년 7월 7일 23시,화요일,전라북도 익산시 평화동,경상사고,0,0,1,0,차대차 - 추돌,안전운전불이행,건조,맑음,교차로 - 교차로부근,승용,여,41세,상해없음,승용,남,25세,경상
2020070800100039,2020년 7월 8일 05시,수요일,전라북도 익산시 남중동,경상사고,0,0,1,0,차대차 - 측면충돌,중앙선침범,건조,맑음,단일로 - 기타,승용,남,48세,상해없음,승합,여,56세,경상
2020070800100040,2020년 7월 8일 05시,수요일,전라북도 익산시 마동,경상사고,0,0,1,0,차대차 - 측면충돌,신호위반,건조,맑음,교차로 - 교차로안,승용,여,68세,상해없음,승용,남,40세,경상
2020070800100050,2020년 7월 8일 06시,수요일,전라북도 전주시 완산구 효자동2가,중상사고,0,1,3,1,차대차 - 측면충돌,교차로운행방법위반,건조,맑음,교차로 - 교차로안,승용,남,35세,상해없음,승합,남,56세,경상
2020070800100073,2020년 7월 8일 07시,수요일,전라북도 전주시 완산구 중앙동1가,중상사고,0,1,1,0,차대사람 - 횡단중,보행자보호의무위반,건조,맑음,단일로 - 기타,이륜,남,50세,상해없음,보행자,여,30세,경상
2020070800100103,2020년 7월 8일 08시,수요일,전라북도 익산시 오산면,경상사고,0,0,4,0,차대차 - 추돌,안전거리미확보,건조,맑음,단일로 - 기타,승용,남,43세,경상,승용,여,32세,경상
2020070800100104,2020년 7월 8일 08시,수요일,전라북도 김제시 검산동,경상사고,0,0,1,0,차대차 - 추돌,안전운전불이행,건조,맑음,교차로 - 교차로부근,화물,남,65세,상해없음,승용,여,32세,경상
2020070800100105,2020년 7월 8일 08시,수요일,전라북도 완주군 삼례읍,경상사고,0,0,1,0,차대사람 - 횡단중,보행자보호의무위반,건조,맑음,교차로 - 교차로횡단보도내,승합,남,68세,기타불명,보행자,여,66세,경상
2020070800100143,2020년 7월 8일 09시,수요일,전라북도 익산시 왕궁면,경상사고,0,0,4,0,차대차 - 측면충돌,안전운전불이행,건조,맑음,단일로 - 기타,승용,여,18세,상해없음,승용,여,32세,경상
2020070800100174,2020년 7월 8일 10시,수요일,전라북도 남원시 금동,경상사고,0,0,1,0,차대사람 - 횡단중,안전운전불이행,건조,맑음,교차로 - 교차로안,화물,여,64세,상해없음,보행자,여,68세,경상
2020070800100205,2020년 7월 8일 11시,수요일,전라북도 남원시 송동면,사망사고,1,0,0,0,차대차 - 정면충돌,중앙선침범,건조,맑음,단일로 - 기타,건설기계,남,53세,상해없음,이륜,남,89세,사망
2020070800100241,2020년 7월 8일 12시,수요일,전라북도 장수군 천천면,중상사고,0,1,0,0,차량단독 - 도로외이탈 - 기타,안전운전불이행,건조,맑음,단일로 - 기타,사륜오토바이(ATV),남,67세,상해없음,,,,
2020070800100434,2020년 7월 8일 17시,수요일,전라북도 전주시 덕진구 호성동1가,경상사고,0,0,2,0,차대차 - 측면충돌,안전운전불이행,건조,맑음,단일로 - 기타,승용,남,68세,상해없음,승용,남,37세,경상
2020070800100435,2020년 7월 8일 17시,수요일,전라북도 임실군 성수면,사망사고,1,0,0,0,차량단독 - 공작물충돌,안전운전불이행,건조,맑음,단일로 - 기타,이륜,남,82세,사망,,,,
2020070800100481,2020년 7월 8일 18시,수요일,전라북도 전주시 완산구 효자동3가,경상사고,0,0,2,0,차대차 - 측면충돌,신호위반,건조,맑음,교차로 - 교차로안,승용,남,35세,상해없음,승용,남,31세,경상
2020070800100483,2020년 7월 8일 18시,수요일,전라북도 김제시 백구면,사망사고,1,0,0,0,차대차 - 측면충돌,안전운전불이행,건조,맑음,교차로 - 교차로안,승용,여,64세,상해없음,자전거,남,43세,사망
2020070800100484,2020년 7월 8일 18시,수요일,전라북도 남원시 도통동,경상사고,0,0,1,0,차대사람 - 횡단중,보행자보호의무위반,건조,맑음,교차로 - 교차로횡단보도내,승합,남,61세,상해없음,보행자,남,38세,경상
2020070800100609,2020년 7월 8일 22시,수요일,전라북도 전주시 완산구 중화산동2가,경상사고,0,0,1,0,차대차 - 기타,신호위반,건조,맑음,교차로 - 교차로안,원동기,남,45세,상해없음,승용,남,38세,경상
2020070800100610,2020년 7월 8일 22시,수요일,전라북도 김제시 요촌동,경상사고,0,0,1,0,차대사람 - 차도통행중,안전운전불이행,건조,맑음,교차로 - 교차로안,화물,남,47세,상해없음,보행자,남,60세,경상
2020070800100611,2020년 7월 8일 22시,수요일,전라북도 완주군 삼례읍,중상사고,0,1,0,0,차대차 - 추돌,안전운전불이행,건조,맑음,교차로 - 교차로부근,이륜,남,42세,상해없음,화물,남,52세,상해없음
2020070800100612,2020년 7월 8일 22시,수요일,전라북도 완주군 삼례읍,중상사고,0,1,0,0,차대사람 - 차도통행중,안전운전불이행,건조,흐림,기타 - 기타,승용,남,64세,상해없음,보행자,남,60세,중상
2020070900100020,2020년 7월 9일 01시,목요일,전라북도 정읍시 입암면,경상사고,0,0,2,0,차대차 - 측면충돌,안전운전불이행,건조,맑음,단일로 - 기타,화물,남,71세,상해없음,승용,남,29세,경상
2020070900100070,2020년 7월 9일 06시,목요일,전라북도 군산시 개사동,경상사고,0,0,2,0,차대차 - 측면충돌,안전운전불이행,건조,맑음,단일로 - 지하차도(도로)내,승용,남,22세,상해없음,승용,남,69세,경상
2020070900100071,2020년 7월 9일 06시,목요일,전라북도 정읍시 상동,중상사고,0,1,0,0,차대차 - 측면충돌,교차로운행방법위반,건조,맑음,교차로 - 교차로안,승용,여,80세,상해없음,자전거,남,72세,중상
2020070900100116,2020년 7월 9일 08시,목요일,전라북도 전주시 덕진구 진북동,중상사고,0,1,0,0,차대차 - 측면충돌,신호위반,건조,맑음,교차로 - 교차로안,승용,남,43세,상해없음,승용,여,35세,중상
2020070900100117,2020년 7월 9일 08시,목요일,전라북도 진안군 부귀면,경상사고,0,0,2,0,차대차 - 측면충돌,직진우회전진행방해,건조,맑음,교차로 - 교차로안,승용,남,65세,경상,승용,남,40세,경상
2020070900100219,2020년 7월 9일 11시,목요일,전라북도 군산시 내초동,경상사고,0,0,1,0,차대차 - 추돌,안전운전불이행,건조,맑음,교차로 - 교차로부근,화물,남,56세,상해없음,화물,남,69세,경상
2020070900100295,2020년 7월 9일 13시,목요일,전라북도 군산시 오식도동,경상사고,0,0,1,0,차대차 - 기타,안전운전불이행,건조,맑음,교차로 - 교차로안,화물,남,53세,상해없음,승용,여,23세,경상
2020070900100426,2020년 7월 9일 16시,목요일,전라북도 전주시 덕진구 덕진동2가,경상사고,0,0,1,0,차대사람 - 횡단중,보행자보호의무위반,건조,맑음,교차로 - 교차로안,승용,남,71세,상해없음,보행자,남,73세,경상
2020070900100526,2020년 7월 9일 18시,목요일,전라북도 전주시 완산구 효자동2가,경상사고,0,0,1,0,차대차 - 추돌,안전거리미확보,건조,맑음,교차로 - 교차로부근,승용,여,47세,상해없음,이륜,남,46세,경상
2020070900100527,2020년 7월 9일 18시,목요일,전라북도 전주시 덕진구 만성동,경상사고,0,0,2,0,차대차 - 측면충돌,차로위반,건조,맑음,단일로 - 기타,승용,여,62세,상해없음,승용,남,27세,경상
2020070900100528,2020년 7월 9일 18시,목요일,전라북도 군산시 경암동,중상사고,0,1,0,0,차대사람 - 횡단중,신호위반,건조,맑음,교차로 - 교차로횡단보도내,화물,남,73세,상해없음,보행자,여,60세,중상
2020070900100570,2020년 7월 9일 19시,목요일,전라북도 정읍시 수성동,중상사고,0,1,0,0,차대차 - 정면충돌,직진우회전진행방해,젖음/습기,비,교차로 - 교차로안,승용,남,67세,상해없음,자전거,남,11세,중상
2020070900100605,2020년 7월 9일 20시,목요일,전라북도 전주시 완산구 삼천동1가,경상사고,0,0,1,0,차대사람 - 횡단중,보행자보호의무위반,건조,맑음,교차로 - 교차로횡단보도내,화물,남,60세,상해없음,보행자,여,59세,경상
2020070900100658,2020년 7월 9일 22시,목요일,전라북도 전주시 덕진구 송천동2가,경상사고,0,0,2,0,차대차 - 측면충돌,안전운전불이행,건조,맑음,교차로 - 교차로안,승용,남,62세,상해없음,승용,남,40세,경상
2020070900100659,2020년 7월 9일 22시,목요일,전라북도 전주시 덕진구 덕진동2가,경상사고,0,0,10,0,차대차 - 추돌,안전운전불이행,건조,맑음,단일로 - 기타,승용,남,46세,상해없음,승합,남,53세,경상
2020071000100011,2020년 7월 10일 00시,금요일,전라북도 익산시 영등동,중상사고,0,1,0,0,차대사람 - 기타,안전운전불이행,건조,맑음,교차로 - 교차로안,승용,남,27세,상해없음,보행자,남,60세,중상
2020071000100035,2020년 7월 10일 02시,금요일,전라북도 완주군 삼례읍,경상사고,0,0,1,0,차대차 - 추돌,안전운전불이행,건조,맑음,단일로 - 기타,승용,남,25세,상해없음,승용,남,48세,경상
2020071000100141,2020년 7월 10일 09시,금요일,전라북도 전주시 덕진구 호성동1가,경상사고,0,0,1,0,차대차 - 측면충돌,기타,건조,맑음,교차로 - 교차로안,승용,남,65세,상해없음,화물,남,50세,경상
2020071000100142,2020년 7월 10일 09시,금요일,전라북도 장수군 장계면,경상사고,0,0,1,0,차량단독 - 도로외이탈 - 기타,안전운전불이행,건조,맑음,교차로 - 교차로부근,이륜,남,51세,경상,,,,
2020071000100213,2020년 7월 10일 11시,금요일,전라북도 정읍시 수성동,경상사고,0,0,1,0,차대차 - 정면충돌,중앙선침범,건조,맑음,기타 - 기타,사륜오토바이(ATV),남,71세,경상,승용,남,48세,상해없음
2020071000100241,2020년 7월 10일 12시,금요일,전라북도 전주시 완산구 고사동,경상사고,0,0,1,0,차대차 - 측면충돌,직진우회전진행방해,건조,맑음,교차로 - 교차로안,승용,여,20세,상해없음,승용,남,42세,경상
2020071000100276,2020년 7월 10일 13시,금요일,전라북도 군산시 조촌동,경상사고,0,0,1,0,차대차 - 기타,안전운전불이행,건조,맑음,교차로 - 교차로안,승용,남,68세,상해없음,승용,남,43세,기타불명
2020071000100304,2020년 7월 10일 14시,금요일,전라북도 익산시 신동,경상사고,0,0,2,0,차대차 - 측면충돌,중앙선침범,건조,맑음,단일로 - 기타,승용,남,49세,경상,이륜,남,19세,경상
2020071000100305,2020년 7월 10일 14시,금요일,전라북도 익산시 영등동,경상사고,0,0,1,0,차대사람 - 횡단중,안전운전불이행,건조,맑음,단일로 - 기타,승합,남,70세,상해없음,보행자,남,8세,경상
2020071000100350,2020년 7월 10일 15시,금요일,전라북도 전주시 완산구 효자동3가,경상사고,0,0,2,1,차대차 - 측면충돌,기타,건조,맑음,교차로 - 교차로안,승용,여,24세,부상신고,승용,여,29세,경상
2020071000100351,2020년 7월 10일 15시,금요일,전라북도 전주시 덕진구 금암동,경상사고,0,0,1,0,차대차 - 측면충돌,교차로운행방법위반,건조,맑음,교차로 - 교차로안,승용,여,80세,상해없음,승용,여,37세,경상
2020071000100390,2020년 7월 10일 16시,금요일,전라북도 김제시 금구면,경상사고,0,0,9,0,차대차 - 추돌,안전운전불이행,건조,맑음,교차로 - 교차로안,승합,남,70세,상해없음,화물,남,46세,경상
2020071000100391,2020년 7월 10일 16시,금요일,전라북도 남원시 향교동,중상사고,0,1,1,0,차대차 - 측면충돌,신호위반,건조,맑음,교차로 - 교차로안,승용,여,62세,상해없음,승용,남,74세,중상
2020071000100450,2020년 7월 10일 17시,금요일,전라북도 전주시 완산구 중화산동2가,경상사고,0,0,2,0,차대차 - 추돌,안전운전불이행,건조,맑음,단일로 - 기타,승용,여,40세,상해없음,화물,남,26세,경상
2020071000100451,2020년 7월 10일 17시,금요일,전라북도 익산시 남중동,중상사고,0,1,0,0,차대차 - 기타,안전운전불이행,건조,맑음,단일로 - 기타,승용,남,25세,상해없음,승용,남,45세,중상
2020071000100500,2020년 7월 10일 18시,금요일,전라북도 익산시 오산면,경상사고,0,0,1,0,차대차 - 추돌,안전운전불이행,건조,맑음,단일로 - 기타,승용,남,60세,상해없음,승용,남,42세,경상
2020071000100537,2020년 7월 10일 19시,금요일,전라북도 익산시 함열읍,중상사고,0,1,1,0,차대차 - 측면충돌,교차로운행방법위반,건조,맑음,교차로 - 교차로안,승용,여,19세,상해없음,승용,남,71세,경상
2020071000100600,2020년 7월 10일 21시,금요일,전라북도 전주시 덕진구 금암동,경상사고,0,0,2,0,차대차 - 측면충돌,안전거리미확보,건조,흐림,단일로 - 기타,승용,남,25세,상해없음,이륜,남,24세,상해없음
2020071000100639,2020년 7월 10일 22시,금요일,전라북도 군산시 수송동,중상사고,0,2,0,0,차대차 - 측면충돌,신호위반,건조,맑음,교차로 - 교차로안,승용,남,50세,상해없음,이륜,남,36세,중상
2020071000100664,2020년 7월 10일 23시,금요일,전라북도 전주시 완산구 효자동3가,경상사고,0,0,2,0,차대차 - 기타,안전운전불이행,건조,맑음,교차로 - 교차로부근,승용,여,50세,상해없음,승용,여,27세,경상
2020071000100665,2020년 7월 10일 23시,금요일,전라북도 전주시 덕진구 송천동2가,경상사고,0,0,1,0,차대사람 - 차도통행중,안전운전불이행,건조,맑음,단일로 - 기타,승용,남,56세,상해없음,보행자,남,40세,경상
2020071100100011,2020년 7월 11일 00시,토요일,전라북도 군산시 수송동,경상사고,0,0,2,0,차대사람 - 횡단중,안전운전불이행,건조,맑음,교차로 - 교차로안,승용,남,58세,상해없음,보행자,여,18세,경상
2020071100100052,2020년 7월 11일 02시,토요일,전라북도 전주시 덕진구 금암동,중상사고,0,1,0,0,차대차 - 측면충돌,신호위반,건조,맑음,교차로 - 교차로안,승용,남,25세,상해없음,이륜,남,50세,중상
2020071100100169,2020년 7월 11일 10시,토요일,전라북도 남원시 금동,경상사고,0,0,1,0,차대차 - 기타,안전운전불이행,건조,맑음,단일로 - 기타,승용,여,64세,상해없음,자전거,남,75세,경상
2020071100100271,2020년 7월 11일 12시,토요일,전라북도 장수군 산서면,중상사고,0,1,0,0,차대사람 - 횡단중,안전운전불이행,건조,맑음,교차로 - 교차로안,화물,남,52세,상해없음,보행자,여,72세,중상
2020071100100304,2020년 7월 11일 13시,토요일,전라북도 무주군 적상면,중상사고,0,1,1,0,차대차 - 측면충돌,안전운전불이행,건조,맑음,교차로 - 교차로안,승용,여,54세,상해없음,승용,남,51세,경상
2020071100100385,2020년 7월 11일 15시,토요일,전라북도 전주시 완산구 서서학동,경상사고,0,0,1,0,차대차 - 기타,신호위반,건조,흐림,교차로 - 교차로안,승용,남,25세,상해없음,승용,남,62세,경상
2020071100100386,2020년 7월 11일 15시,토요일,전라북도 전주시 완산구 다가동3가,경상사고,0,0,2,0,차대차 - 기타,안전운전불이행,건조,맑음,단일로 - 기타,승합,남,65세,상해없음,승용,남,30세,경상
2020071100100415,2020년 7월 11일 16시,토요일,전라북도 전주시 완산구 중화산동2가,경상사고,0,0,1,0,차대차 - 측면충돌,안전운전불이행,건조,맑음,교차로 - 교차로안,이륜,남,20세,상해없음,승용,여,26세,경상
2020071100100416,2020년 7월 11일 16시,토요일,전라북도 완주군 소양면,경상사고,0,0,4,0,차대차 - 측면충돌,안전거리미확보,건조,맑음,단일로 - 기타,승용,여,25세,상해없음,승용,여,42세,경상
2020071100100493,2020년 7월 11일 18시,토요일,전라북도 무주군 무주읍,중상사고,0,3,1,0,차대차 - 측면충돌,신호위반,건조,맑음,교차로 - 교차로안,화물,남,75세,상해없음,승용,여,64세,중상
2020071100100522,2020년 7월 11일 19시,토요일,전라북도 전주시 완산구 서신동,경상사고,0,0,2,0,차대차 - 측면충돌,차로위반,건조,맑음,교차로 - 교차로안,승용,남,53세,상해없음,승용,남,42세,경상
2020071100100523,2020년 7월 11일 19시,토요일,전라북도 전주시 완산구 효자동1가,중상사고,0,1,0,0,차대사람 - 횡단중,신호위반,건조,맑음,교차로 - 교차로횡단보도내,승용,여,39세,상해없음,보행자,여,77세,중상
2020071100100551,2020년 7월 11일 20시,토요일,전라북도 익산시 남중동,경상사고,0,0,3,0,차대차 - 측면충돌,신호위반,건조,맑음,교차로 - 교차로안,승용,남,69세,상해없음,승용,남,55세,경상
2020071100100552,2020년 7월 11일 20시,토요일,전라북도 남원시 동충동,경상사고,0,0,1,0,차대차 - 측면충돌,신호위반,건조,맑음,교차로 - 교차로안,승용,여,65세,상해없음,이륜,여,55세,경상
2020071100100578,2020년 7월 11일 21시,토요일,전라북도 전주시 덕진구 덕진동1가,경상사고,0,0,4,0,차대차 - 측면충돌,신호위반,건조,맑음,교차로 - 교차로부근,승용,남,23세,상해없음,승용,남,47세,경상
2020071200100005,2020년 7월 12일 00시,일요일,전라북도 전주시 덕진구 고랑동,경상사고,0,0,1,0,차대차 - 측면충돌,안전운전불이행,건조,맑음,교차로 - 교차로부근,승용,남,49세,상해없음,승용,남,52세,경상
2020071200100033,2020년 7월 12일 02시,일요일,전라북도 전주시 완산구 다가동3가,경상사고,0,0,1,0,차대차 - 측면충돌,안전운전불이행,건조,맑음,교차로 - 교차로안,승용,남,53세,기타불명,자전거,남,20세,경상
2020071200100099,2020년 7월 12일 09시,일요일,전라북도 군산시 나운동,중상사고,0,1,0,0,차대사람 - 차도통행중,보행자보호의무위반,젖음/습기,비,교차로 - 교차로횡단보도내,승용,남,52세,상해없음,보행자,남,41세,중상
2020071200100100,2020년 7월 12일 09시,일요일,전라북도 정읍시 상동,중상사고,0,1,0,0,차대차 - 측면충돌,안전운전불이행,건조,맑음,교차로 - 교차로안,자전거,남,46세,중상,승용,남,62세,상해없음
2020071200100135,2020년 7월 12일 11시,일요일,전라북도 김제시 요촌동,사망사고,1,1,0,0,차대사람 - 횡단중,안전운전불이행,젖음/습기,비,교차로 - 교차로안,승용,남,67세,상해없음,보행자,남,74세,중상
2020071200100174,2020년 7월 12일 12시,일요일,전라북도 군산시 사정동,경상사고,0,0,1,0,차대차 - 추돌,안전운전불이행,젖음/습기,비,단일로 - 기타,승용,남,68세,상해없음,승용,남,36세,경상
2020071200100246,2020년 7월 12일 15시,일요일,전라북도 전주시 덕진구 인후동1가,경상사고,0,0,1,0,차대차 - 추돌,안전운전불이행,젖음/습기,비,교차로 - 교차로안,승용,남,57세,상해없음,승용,여,43세,상해없음
2020071200100283,2020년 7월 12일 16시,일요일,전라북도 완주군 이서면,중상사고,0,1,1,0,차대차 - 기타,과속,젖음/습기,비,단일로 - 기타,승용,남,37세,경상,승용,남,54세,중상
2020071200100342,2020년 7월 12일 18시,일요일,전라북도 전주시 완산구 효자동2가,경상사고,0,0,1,0,차대차 - 기타,안전운전불이행,젖음/습기,비,주차장 - 주차장,승용,남,57세,상해없음,승용,남,49세,경상
2020071200100373,2020년 7월 12일 19시,일요일,전라북도 전주시 완산구 평화동2가,경상사고,0,0,1,0,차대차 - 측면충돌,신호위반,젖음/습기,비,교차로 - 교차로안,승용,남,57세,상해없음,승용,여,57세,경상
2020071200100374,2020년 7월 12일 19시,일요일,전라북도 전주시 덕진구 덕진동2가,경상사고,0,0,5,0,차대차 - 정면충돌,중앙선침범,건조,맑음,교차로 - 교차로안,승용,남,50세,상해없음,승용,남,52세,경상
2020071200100375,2020년 7월 12일 19시,일요일,전라북도 전주시 덕진구 진북동,경상사고,0,0,1,0,차대차 - 측면충돌,신호위반,젖음/습기,비,교차로 - 교차로안,승용,남,22세,상해없음,승용,여,41세,경상
2020071200100376,2020년 7월 12일 19시,일요일,전라북도 익산시 영등동,중상사고,0,1,0,0,차대차 - 측면충돌,차로위반,젖음/습기,비,단일로 - 기타,승용,여,50세,상해없음,이륜,남,20세,중상
2020071200100418,2020년 7월 12일 20시,일요일,전라북도 전주시 덕진구 송천동2가,중상사고,0,1,0,0,차대사람 - 기타,안전운전불이행,젖음/습기,비,단일로 - 기타,승용,남,52세,상해없음,보행자,여,62세,중상
2020071200100459,2020년 7월 12일 21시,일요일,전라북도 전주시 완산구 평화동2가,경상사고,0,0,1,0,차대차 - 측면충돌,안전운전불이행,젖음/습기,비,교차로 - 교차로안,화물,남,54세,상해없음,승용,남,60세,경상
2020071200100460,2020년 7월 12일 21시,일요일,전라북도 군산시 산북동,경상사고,0,0,1,0,차대차 - 측면충돌,안전운전불이행,젖음/습기,비,단일로 - 지하차도(도로)내,승용,남,45세,상해없음,승용,남,49세,경상
2020071200100461,2020년 7월 12일 21시,일요일,전라북도 익산시 모현동2가,경상사고,0,0,1,0,차대차 - 추돌,안전운전불이행,젖음/습기,비,단일로 - 기타,승용,남,62세,상해없음,승용,남,58세,상해없음
2020071300100106,2020년 7월 13일 08시,월요일,전라북도 남원시 이백면,경상사고,0,0,1,0,차대차 - 측면충돌,차로위반,젖음/습기,비,단일로 - 기타,승용,남,39세,상해없음,승용,여,45세,경상
2020071300100176,2020년 7월 13일 10시,월요일,전라북도 익산시 인화동2가,경상사고,0,0,1,0,차대차 - 측면충돌,안전거리미확보,젖음/습기,비,단일로 - 기타,화물,남,43세,상해없음,승용,남,80세,경상
2020071300100208,2020년 7월 13일 11시,월요일,전라북도 전주시 완산구 다가동1가,중상사고,0,1,0,0,차대차 - 측면충돌,중앙선침범,건조,맑음,단일로 - 기타,승용,남,65세,상해없음,승용,여,50세,중상
2020071300100305,2020년 7월 13일 14시,월요일,전라북도 군산시 수송동,중상사고,0,1,0,0,차대사람 - 횡단중,안전운전불이행,젖음/습기,비,교차로 - 교차로안,화물,남,44세,상해없음,보행자,여,81세,중상
2020071300100379,2020년 7월 13일 16시,월요일,전라북도 전주시 완산구 평화동1가,경상사고,0,0,1,0,차대차 - 기타,안전운전불이행,건조,맑음,단일로 - 기타,승용,남,19세,상해없음,승용,남,27세,경상
2020071300100380,2020년 7월 13일 16시,월요일,전라북도 군산시 미원동,경상사고,0,0,2,0,차대차 - 추돌,안전운전불이행,젖음/습기,비,교차로 - 교차로부근,승용,남,60세,상해없음,승용,여,33세,경상
2020071300100511,2020년 7월 13일 20시,월요일,전라북도 익산시 부송동,경상사고,0,0,1,0,차대차 - 추돌,안전운전불이행,젖음/습기,비,교차로 - 교차로부근,승용,여,47세,상해없음,승합,남,44세,경상
2020071300100609,2020년 7월 13일 23시,월요일,전라북도 군산시 소룡동,경상사고,0,0,2,0,차대차 - 추돌,중앙선침범,젖음/습기,비,교차로 - 교차로부근,승용,남,36세,상해없음,승용,여,56세,경상
2020071400100077,2020년 7월 14일 05시,화요일,전라북도 익산시 왕궁면,경상사고,0,0,1,0,차대차 - 추돌,안전운전불이행,젖음/습기,비,단일로 - 기타,승용,남,49세,상해없음,화물,남,38세,경상
2020071400100100,2020년 7월 14일 07시,화요일,전라북도 전주시 덕진구 팔복동2가,경상사고,0,0,1,0,차대차 - 추돌,안전거리미확보,건조,맑음,교차로 - 교차로부근,승용,남,29세,상해없음,승용,여,42세,경상
2020071400100101,2020년 7월 14일 07시,화요일,전라북도 정읍시 수성동,중상사고,0,1,0,0,차대차 - 측면충돌,안전운전불이행,젖음/습기,비,교차로 - 교차로안,승용,남,24세,기타불명,자전거,남,34세,중상
2020071400100135,2020년 7월 14일 08시,화요일,전라북도 군산시 조촌동,경상사고,0,0,3,0,차대차 - 측면충돌,안전운전불이행,젖음/습기,비,교차로 - 교차로안,승용,남,64세,상해없음,승용,남,50세,경상
2020071400100136,2020년 7월 14일 08시,화요일,전라북도 정읍시 상동,중상사고,0,2,0,0,차대차 - 측면충돌,신호위반,젖음/습기,비,교차로 - 교차로안,승용,남,62세,중상,승용,여,65세,중상
2020071400100165,2020년 7월 14일 09시,화요일,전라북도 전주시 완산구 효자동2가,경상사고,0,0,3,0,차대차 - 기타,안전운전불이행,젖음/습기,비,교차로 - 교차로안,승합,남,66세,상해없음,승용,남,24세,경상
2020071400100166,2020년 7월 14일 09시,화요일,전라북도 전주시 완산구 중화산동2가,경상사고,0,0,1,0,차대차 - 측면충돌,안전운전불이행,건조,맑음,교차로 - 교차로안,승용,남,64세,상해없음,승용,남,60세,경상
2020071400100230,2020년 7월 14일 11시,화요일,전라북도 진안군 성수면,중상사고,0,1,0,0,차대차 - 측면충돌,교차로운행방법위반,젖음/습기,흐림,교차로 - 교차로안,원동기,여,58세,중상,화물,남,72세,상해없음
2020071400100326,2020년 7월 14일 14시,화요일,전라북도 전주시 완산구 효자동1가,경상사고,0,0,1,0,차대차 - 정면충돌,중앙선침범,건조,맑음,단일로 - 기타,승용,남,55세,상해없음,승용,남,40세,경상
2020071400100327,2020년 7월 14일 14시,화요일,전라북도 군산시 옥산면,중상사고,0,1,0,0,차대차 - 측면충돌,신호위반,젖음/습기,비,교차로 - 교차로안,화물,남,60세,상해없음,승용,여,54세,중상
2020071400100328,2020년 7월 14일 14시,화요일,전라북도 익산시 용안면,경상사고,0,0,1,0,차대사람 - 차도통행중,안전운전불이행,건조,맑음,단일로 - 기타,승용,남,47세,상해없음,보행자,여,64세,경상
2020071400100369,2020년 7월 14일 15시,화요일,전라북도 군산시 수송동,경상사고,0,0,2,0,차대차 - 측면충돌,안전운전불이행,젖음/습기,비,교차로 - 교차로안,승용,여,49세,경상,승용,여,56세,경상
2020071400100403,2020년 7월 14일 16시,화요일,전라북도 전주시 완산구 평화동1가,중상사고,0,1,0,0,차대차 - 측면충돌,안전운전불이행,건조,맑음,단일로 - 기타,화물,남,26세,상해없음,자전거,남,22세,중상
2020071400100404,2020년 7월 14일 16시,화요일,전라북도 전주시 덕진구 인후동1가,경상사고,0,0,3,0,차대차 - 측면충돌,차로위반,건조,맑음,교차로 - 교차로부근,승용,여,27세,경상,승용,남,19세,경상
2020071400100480,2020년 7월 14일 18시,화요일,전라북도 전주시 덕진구 인후동1가,경상사고,0,0,1,0,차대사람 - 횡단중,보행자보호의무위반,젖음/습기,비,교차로 - 교차로안,승용,여,35세,상해없음,보행자,여,52세,경상
2020071400100523,2020년 7월 14일 19시,화요일,전라북도 익산시 왕궁면,경상사고,0,0,1,0,차대차 - 정면충돌,안전운전불이행,젖음/습기,비,단일로 - 기타,이륜,남,22세,상해없음,승용,여,61세,경상
2020071400100549,2020년 7월 14일 20시,화요일,전라북도 군산시 나운동,경상사고,0,0,1,0,차대사람 - 기타,안전운전불이행,젖음/습기,비,단일로 - 기타,승용,남,31세,상해없음,보행자,남,52세,경상
2020071400100606,2020년 7월 14일 22시,화요일,전라북도 전주시 완산구 효자동2가,경상사고,0,0,1,0,차대차 - 추돌,안전운전불이행,젖음/습기,비,교차로 - 교차로부근,승용,남,51세,상해없음,승용,남,43세,경상
2020071400100607,2020년 7월 14일 22시,화요일,전라북도 전주시 완산구 효자동2가,경상사고,0,0,1,0,차대사람 - 횡단중,신호위반,젖음/습기,비,교차로 - 교차로횡단보도내,승용,남,24세,상해없음,보행자,남,15세,경상
2020071400100635,2020년 7월 14일 23시,화요일,전라북도 군산시 나운동,경상사고,0,0,1,0,차대차 - 정면충돌,신호위반,젖음/습기,비,교차로 - 교차로안,화물,남,63세,상해없음,승용,남,66세,상해없음
2020071500100007,2020년 7월 15일 00시,수요일,전라북도 전주시 완산구 서신동,경상사고,0,0,4,0,차대차 - 추돌,안전운전불이행,젖음/습기,비,교차로 - 교차로부근,승용,남,28세,상해없음,승용,남,45세,경상
2020071500100008,2020년 7월 15일 00시,수요일,전라북도 익산시 목천동,경상사고,0,0,1,0,차대차 - 추돌,안전운전불이행,젖음/습기,맑음,단일로 - 기타,승용,남,49세,상해없음,승용,여,42세,경상
2020071500100021,2020년 7월 15일 01시,수요일,전라북도 군산시 산북동,중상사고,0,1,2,0,차대차 - 측면충돌,안전운전불이행,젖음/습기,비,교차로 - 교차로안,승용,여,43세,경상,승용,여,61세,경상
2020071500100077,2020년 7월 15일 07시,수요일,전라북도 익산시 왕궁면,경상사고,0,0,2,0,차대차 - 추돌,안전거리미확보,젖음/습기,비,교차로 - 교차로안,화물,남,42세,상해없음,승용,남,60세,경상