사고번호,사고일시,요일,시군구,사고내용,사망자수,중상자수,경상자수,부상신고자수,사고유형,법규위반,노면상태,기상상태,도로형태,가해운전자 차종,가해운전자 성별,가해운전자 연령,가해운전자 상해정도,피해운전자 차종,피해운전자 성별,피해운전자 연령,피해운전자 상해정도
2020072200100022,2020년 7월 22일 01시,수요일,전라북도 전주시 완산구 중화산동2가,경상사고,0,0,1,0,차대차 - 추돌,안전운전불이행,젖음/습기,비,교차로 - 교차로안,승용,남,42세,상해없음,승용,남,52세,경상
2020072200100023,2020년 7월 22일 01시,수요일,전라북도 군산시 지곡동,경상사고,0,0,2,0,차대차 - 측면충돌,안전운전불이행,젖음/습기,비,교차로 - 교차로부근,승용,남,48세,상해없음,승용,남,48세,경상
2020072200100028,2020년 7월 22일 02시,수요일,전라북도 전주시 완산구 태평동,중상사고,0,1,2,0,차대차 - 측면충돌,신호위반,젖음/습기,비,교차로 - 교차로안,승용,여,26세,상해없음,승용,여,35세,중상
2020072200100061,2020년 7월 22일 05시,수요일,전라북도 김제시 서암동,경상사고,0,0,1,0,차대차 - 측면충돌,차로위반,젖음/습기,비,교차로 - 교차로안,화물,남,60세,상해없음,승용,여,43세,경상
2020072200100073,2020년 7월 22일 06시,수요일,전라북도 군산시 구암동,부상신고사고,0,0,0,1,차대차 - 측면충돌,안전운전불이행,건조,맑음,교차로 - 교차로안,화물,남,70세,부상신고,화물,남,39세,상해없음
2020072200100090,2020년 7월 22일 07시,수요일,전라북도 익산시 왕궁면,중상사고,0,2,1,0,차대차 - 정면충돌,신호위반,젖음/습기,비,교차로 - 교차로안,화물,남,57세,상해없음,승용,남,41세,중상
2020072200100130,2020년 7월 22일 08시,수요일,전라북도 군산시 소룡동,경상사고,0,0,1,0,차대차 - 후진중충돌,안전운전불이행,젖음/습기,비,교차로 - 교차로부근,승용,남,27세,상해없음,승용,여,48세,상해없음
2020072200100131,2020년 7월 22일 08시,수요일,전라북도 익산시 함열읍,경상사고,0,0,1,0,차대사람 - 횡단중,안전운전불이행,젖음/습기,비,교차로 - 교차로안,승용,여,57세,상해없음,보행자,남,8세,경상
2020072200100132,2020년 7월 22일 08시,수요일,전라북도 익산시 덕기동,경상사고,0,0,4,0,차대차 - 측면충돌,안전운전불이행,젖음/습기,비,단일로 - 기타,승용,남,25세,상해없음,승합,남,76세,상해없음
2020072200100133,2020년 7월 22일 08시,수요일,전라북도 익산시 현영동,경상사고,0,0,1,0,차대차 - 측면충돌,차로위반,젖음/습기,비,단일로 - 기타,승용,남,52세,상해없음,승용,남,34세,경상
2020072200100212,2020년 7월 22일 10시,수요일,전라북도 군산시 대명동,경상사고,0,0,1,0,차대차 - 측면충돌,안전운전불이행,젖음/습기,비,교차로 - 교차로부근,승용,남,67세,상해없음,승용,남,43세,경상
2020072200100306,2020년 7월 22일 13시,수요일,전라북도 전주시 완산구 효자동1가,중상사고,0,1,0,0,차대차 - 측면충돌,신호위반,젖음/습기,비,교차로 - 교차로안,승용,남,54세,상해없음,이륜,남,30세,중상
2020072200100329,2020년 7월 22일 14시,수요일,전라북도 전주시 완산구 서신동,경상사고,0,0,1,0,차대차 - 측면충돌,신호위반,젖음/습기,비,교차로 - 교차로안,이륜,남,30세,상해없음,승용,남,68세,경상
2020072200100330,2020년 7월 22일 14시,수요일,전라북도 전주시 완산구 고사동,중상사고,0,1,1,0,차대차 - 기타,안전운전불이행,젖음/습기,비,단일로 - 기타,승용,남,63세,상해없음,승합,남,59세,경상
2020072200100331,2020년 7월 22일 14시,수요일,전라북도 정읍시 하북동,경상사고,0,0,1,0,차대차 - 측면충돌,안전거리미확보,건조,맑음,단일로 - 기타,승용,남,68세,상해없음,화물,남,32세,경상
2020072200100402,2020년 7월 22일 16시,수요일,전라북도 전주시 완산구 경원동1가,경상사고,0,0,1,0,차대차 - 추돌,안전운전불이행,건조,맑음,단일로 - 기타,승용,남,23세,상해없음,승용,여,46세,경상
2020072200100494,2020년 7월 22일 18시,수요일,전라북도 군산시 오식도동,경상사고,0,0,1,0,차대차 - 측면충돌,안전운전불이행,건조,맑음,교차로 - 교차로부근,승용,남,54세,상해없음,승용,남,51세,경상
2020072200100495,2020년 7월 22일 18시,수요일,전라북도 익산시 영등동,경상사고,0,0,1,0,차대차 - 추돌,안전운전불이행,젖음/습기,흐림,교차로 - 교차로부근,승용,남,63세,상해없음,승용,남,53세,경상
2020072200100537,2020년 7월 22일 19시,수요일,전라북도 완주군 봉동읍,경상사고,0,0,1,0,차대사람 - 차도통행중,안전운전불이행,젖음/습기,흐림,단일로 - 기타,승용,남,66세,상해없음,보행자,여,46세,경상
2020072200100574,2020년 7월 22일 20시,수요일,전라북도 전주시 덕진구 금암동,경상사고,0,0,4,0,차대차 - 추돌,안전운전불이행,젖음/습기,비,단일로 - 기타,승용,남,27세,상해없음,승합,남,59세,경상
2020072300100034,2020년 7월 23일 02시,목요일,전라북도 전주시 덕진구 금암동,경상사고,0,0,2,0,차대차 - 측면충돌,신호위반,젖음/습기,비,교차로 - 교차로안,승용,남,47세,상해없음,승용,남,38세,상해없음
2020072300100081,2020년 7월 23일 07시,목요일,전라북도 익산시 부송동,경상사고,0,0,3,0,차대차 - 추돌,안전운전불이행,젖음/습기,비,단일로 - 기타,화물,남,51세,상해없음,승용,남,58세,경상
2020072300100113,2020년 7월 23일 08시,목요일,전라북도 익산시 여산면,중상사고,0,1,0,0,차대차 - 측면충돌,직진우회전진행방해,젖음/습기,비,교차로 - 교차로안,화물,여,54세,상해없음,승용,여,75세,중상
2020072300100114,2020년 7월 23일 08시,목요일,전라북도 정읍시 태인면,중상사고,0,2,0,0,차대차 - 측면충돌,안전운전불이행,젖음/습기,비,교차로 - 교차로안,화물,남,45세,상해없음,승용,여,66세,중상
2020072300100141,2020년 7월 23일 09시,목요일,전라북도 김제시 요촌동,경상사고,0,0,1,0,차대차 - 측면충돌,교차로운행방법위반,젖음/습기,비,교차로 - 교차로안,승용,남,43세,상해없음,승용,여,40세,경상
2020072300100168,2020년 7월 23일 10시,목요일,전라북도 전주시 덕진구 진북동,경상사고,0,0,2,0,차대차 - 측면충돌,안전거리미확보,젖음/습기,비,교차로 - 교차로안,화물,남,65세,상해없음,화물,남,45세,경상
2020072300100169,2020년 7월 23일 10시,목요일,전라북도 익산시 신용동,경상사고,0,0,3,0,차대차 - 측면충돌,안전운전불이행,젖음/습기,비,단일로 - 기타,승용,남,65세,경상,화물,남,69세,경상
2020072300100223,2020년 7월 23일 12시,목요일,전라북도 전주시 완산구 효자동1가,중상사고,0,1,0,0,차대사람 - 기타,신호위반,젖음/습기,비,교차로 - 교차로횡단보도내,승용,남,23세,상해없음,보행자,여,84세,중상
2020072300100285,2020년 7월 23일 14시,목요일,전라북도 전주시 덕진구 우아동1가,경상사고,0,0,1,0,차대차 - 측면충돌,직진우회전진행방해,젖음/습기,비,교차로 - 교차로안,승용,남,51세,기타불명,승용,여,58세,경상
2020072300100316,2020년 7월 23일 15시,목요일,전라북도 익산시 부송동,경상사고,0,0,1,0,차대사람 - 횡단중,보행자보호의무위반,건조,맑음,교차로 - 교차로횡단보도내,승용,여,47세,상해없음,보행자,남,7세,경상
2020072300100348,2020년 7월 23일 16시,목요일,전라북도 전주시 완산구 서신동,경상사고,0,0,3,0,차대차 - 추돌,안전운전불이행,건조,맑음,단일로 - 기타,승용,여,32세,상해없음,승용,여,51세,경상
2020072300100349,2020년 7월 23일 16시,목요일,전라북도 익산시 용동면,경상사고,0,0,2,0,차대차 - 측면충돌,직진우회전진행방해,젖음/습기,흐림,교차로 - 교차로안,화물,남,64세,경상,화물,남,45세,경상
2020072300100396,2020년 7월 23일 17시,목요일,전라북도 전주시 덕진구 금암동,부상신고사고,0,0,0,3,차대차 - 측면충돌,신호위반,젖음/습기,비,교차로 - 교차로안,승용,여,45세,상해없음,승용,남,19세,부상신고
2020072300100598,2020년 7월 23일 21시,목요일,전라북도 김제시 난봉동,중상사고,0,1,5,0,차대차 - 추돌,안전운전불이행,젖음/습기,비,교차로 - 교차로부근,화물,남,53세,상해없음,승용,남,34세,중상
2020072300100650,2020년 7월 23일 22시,목요일,전라북도 군산시 조촌동,경상사고,0,0,2,0,차대차 - 측면충돌,안전운전불이행,젖음/습기,비,교차로 - 교차로안,승용,남,59세,상해없음,승합,남,35세,경상
2020072300100651,2020년 7월 23일 22시,목요일,전라북도 군산시 조촌동,사망사고,1,0,0,0,차대사람 - 차도통행중,과속,젖음/습기,비,단일로 - 지하차도(도로)내,승용,여,63세,상해없음,보행자,여,82세,사망
2020072300100652,2020년 7월 23일 22시,목요일,전라북도 군산시 수송동,경상사고,0,0,1,0,차대차 - 추돌,안전거리미확보,건조,흐림,단일로 - 기타,승용,여,48세,상해없음,승용,남,63세,경상
2020072300100690,2020년 7월 23일 23시,목요일,전라북도 군산시 미룡동,중상사고,0,2,0,0,차대사람 - 차도통행중,안전운전불이행,젖음/습기,비,단일로 - 기타,승용,남,40세,상해없음,보행자,남,35세,중상
2020072400100031,2020년 7월 24일 01시,금요일,전라북도 전주시 덕진구 금암동,경상사고,0,0,1,0,차대사람 - 횡단중,신호위반,젖음/습기,비,교차로 - 교차로안,승용,남,67세,상해없음,보행자,남,27세,경상
2020072400100092,2020년 7월 24일 08시,금요일,전라북도 전주시 덕진구 송천동1가,경상사고,0,0,2,0,차대차 - 측면충돌,신호위반,건조,맑음,교차로 - 교차로안,승용,여,40세,상해없음,승용,남,54세,경상
2020072400100128,2020년 7월 24일 09시,금요일,전라북도 전주시 덕진구 남정동,경상사고,0,0,1,0,차대차 - 측면충돌,신호위반,젖음/습기,비,교차로 - 교차로안,화물,남,37세,상해없음,승용,여,33세,경상
2020072400100149,2020년 7월 24일 10시,금요일,전라북도 전주시 완산구 효자동1가,경상사고,0,0,1,0,차대차 - 기타,안전거리미확보,젖음/습기,비,단일로 - 기타,승합,남,58세,상해없음,승용,남,55세,경상
2020072400100150,2020년 7월 24일 10시,금요일,전라북도 순창군 순창읍,부상신고사고,0,0,0,1,차대사람 - 기타,안전운전불이행,젖음/습기,비,단일로 - 기타,원동기,남,75세,부상신고,보행자,남,55세,상해없음
2020072400100185,2020년 7월 24일 11시,금요일,전라북도 전주시 덕진구 덕진동1가,경상사고,0,0,1,0,차대차 - 측면충돌,안전운전불이행,젖음/습기,비,교차로 - 교차로안,화물,남,61세,상해없음,승용,여,43세,경상
2020072400100186,2020년 7월 24일 11시,금요일,전라북도 정읍시 상동,중상사고,0,1,0,0,차대차 - 측면충돌,안전운전불이행,건조,흐림,교차로 - 교차로안,승용,남,27세,상해없음,자전거,남,62세,중상
2020072400100268,2020년 7월 24일 14시,금요일,전라북도 익산시 인화동1가,경상사고,0,0,1,0,차대차 - 측면충돌,교차로운행방법위반,젖음/습기,비,교차로 - 교차로안,이륜,남,59세,경상,승용,남,39세,상해없음
2020072400100339,2020년 7월 24일 16시,금요일,전라북도 전주시 덕진구 진북동,경상사고,0,0,1,0,차대차 - 측면충돌,직진우회전진행방해,건조,맑음,교차로 - 교차로안,이륜,남,20세,상해없음,승용,남,63세,경상
2020072400100340,2020년 7월 24일 16시,금요일,전라북도 군산시 해망동,경상사고,0,0,2,0,차대차 - 추돌,안전운전불이행,건조,맑음,교차로 - 교차로부근,화물,남,48세,상해없음,화물,남,44세,경상
2020072400100341,2020년 7월 24일 16시,금요일,전라북도 김제시 서암동,경상사고,0,0,1,0,차대차 - 측면충돌,교차로운행방법위반,젖음/습기,비,교차로 - 교차로안,승용,남,70세,상해없음,승용,남,38세,경상
2020072400100378,2020년 7월 24일 17시,금요일,전라북도 익산시 신동,경상사고,0,0,7,0,차대차 - 측면충돌,신호위반,건조,맑음,교차로 - 교차로안,승합,남,32세,상해없음,승용,여,23세,경상
2020072400100427,2020년 7월 24일 18시,금요일,전라북도 전주시 덕진구 송천동1가,경상사고,0,0,2,0,차대사람 - 횡단중,안전운전불이행,젖음/습기,비,단일로 - 기타,승용,남,52세,상해없음,보행자,여,8세,경상
2020072400100428,2020년 7월 24일 18시,금요일,전라북도 군산시 미원동,경상사고,0,0,1,0,차대사람 - 횡단중,보행자보호의무위반,건조,맑음,교차로 - 교차로횡단보도내,승용,여,26세,상해없음,보행자,여,42세,경상
2020072400100429,2020년 7월 24일 18시,금요일,전라북도 군산시 소룡동,경상사고,0,0,2,0,차대차 - 측면충돌,신호위반,건조,맑음,교차로 - 교차로안,승용,여,40세,경상,특수,남,50세,경상
2020072400100430,2020년 7월 24일 18시,금요일,전라북도 정읍시 연지동,경상사고,0,0,1,0,차대차 - 측면충돌,안전운전불이행,건조,흐림,교차로 - 교차로부근,이륜,남,23세,경상,승용,남,54세,상해없음
2020072400100431,2020년 7월 24일 18시,금요일,전라북도 남원시 대강면,경상사고,0,0,1,0,차대차 - 측면충돌,중앙선침범,젖음/습기,비,단일로 - 기타,승용,남,55세,상해없음,승용,여,27세,경상
2020072400100483,2020년 7월 24일 19시,금요일,전라북도 전주시 완산구 삼천동1가,중상사고,0,1,0,0,차대차 - 측면충돌,신호위반,건조,맑음,교차로 - 교차로안,승용,여,26세,상해없음,이륜,남,35세,중상
2020072400100515,2020년 7월 24일 20시,금요일,전라북도 전주시 완산구 대성동,중상사고,0,1,0,0,차대사람 - 횡단중,안전운전불이행,젖음/습기,비,단일로 - 기타,승용,남,27세,상해없음,보행자,여,80세,중상
2020072400100516,2020년 7월 24일 20시,금요일,전라북도 전주시 덕진구 인후동1가,중상사고,0,1,0,0,차대사람 - 횡단중,보행자보호의무위반,젖음/습기,비,단일로 - 기타,승용,여,59세,상해없음,보행자,남,62세,중상
2020072400100565,2020년 7월 24일 21시,금요일,전라북도 익산시 신동,경상사고,0,0,2,0,차대차 - 측면충돌,불법유턴,젖음/습기,흐림,교차로 - 교차로횡단보도내,자전거,남,10세,경상,자전거,남,11세,경상
2020072400100566,2020년 7월 24일 21시,금요일,전라북도 정읍시 시기동,중상사고,0,1,0,0,차대차 - 측면충돌,직진우회전진행방해,건조,흐림,기타 - 기타,승용,남,59세,상해없음,이륜,남,23세,중상
2020072400100601,2020년 7월 24일 22시,금요일,전라북도 전주시 완산구 효자동3가,경상사고,0,0,2,0,차대사람 - 횡단중,보행자보호의무위반,젖음/습기,비,교차로 - 교차로부근,승용,여,42세,상해없음,보행자,여,13세,경상
2020072400100602,2020년 7월 24일 22시,금요일,전라북도 군산시 나운동,경상사고,0,0,1,0,차대차 - 정면충돌,중앙선침범,젖음/습기,맑음,단일로 - 지하차도(도로)내,승용,여,57세,상해없음,승용,남,22세,경상
2020072500100009,2020년 7월 25일 00시,토요일,전라북도 전주시 완산구 효자동2가,경상사고,0,0,1,0,차대차 - 측면충돌,신호위반,건조,맑음,교차로 - 교차로안,승용,남,43세,상해없음,승용,여,28세,경상
2020072500100117,2020년 7월 25일 07시,토요일,전라북도 전주시 덕진구 덕진동1가,경상사고,0,0,2,0,차대차 - 측면충돌,신호위반,젖음/습기,비,교차로 - 교차로안,승용,여,58세,상해없음,승용,여,31세,경상
2020072500100132,2020년 7월 25일 08시,토요일,전라북도 전주시 덕진구 송천동2가,경상사고,0,0,1,0,차대차 - 추돌,안전운전불이행,건조,흐림,교차로 - 교차로부근,승용,남,46세,상해없음,승용,남,51세,경상
2020072500100158,2020년 7월 25일 09시,토요일,전라북도 익산시 영등동,경상사고,0,0,2,0,차대차 - 추돌,안전운전불이행,젖음/습기,흐림,교차로 - 교차로부근,승용,여,51세,상해없음,승용,남,34세,경상
2020072500100159,2020년 7월 25일 09시,토요일,전라북도 김제시 부량면,경상사고,0,0,1,0,차대차 - 측면충돌,중앙선침범,건조,흐림,단일로 - 기타,승용,여,28세,상해없음,승용,남,66세,경상
2020072500100215,2020년 7월 25일 11시,토요일,전라북도 군산시 대명동,경상사고,0,0,1,0,차대차 - 기타,기타,건조,맑음,단일로 - 기타,승용,남,55세,상해없음,자전거,여,62세,경상
2020072500100287,2020년 7월 25일 13시,토요일,전라북도 완주군 봉동읍,경상사고,0,0,2,0,차대차 - 기타,안전운전불이행,건조,맑음,교차로 - 교차로안,승용,남,39세,경상,승용,여,58세,경상
2020072500100330,2020년 7월 25일 14시,토요일,전라북도 군산시 옥도면,경상사고,0,0,1,0,차대사람 - 기타,안전운전불이행,젖음/습기,맑음,기타 - 기타,승용,남,20세,상해없음,보행자,여,68세,경상
2020072500100363,2020년 7월 25일 15시,토요일,전라북도 김제시 검산동,중상사고,0,1,0,0,차대사람 - 차도통행중,안전운전불이행,건조,흐림,단일로 - 기타,승용,남,24세,상해없음,보행자,남,2세,중상
2020072500100364,2020년 7월 25일 15시,토요일,전라북도 무주군 무주읍,중상사고,0,2,2,0,차대차 - 측면충돌,안전운전불이행,건조,맑음,단일로 - 지하차도(도로)내,승용,남,63세,중상,승용,여,52세,경상
2020072500100399,2020년 7월 25일 16시,토요일,전라북도 전주시 덕진구 금암동,중상사고,0,1,2,0,차대차 - 측면충돌,안전거리미확보,건조,흐림,단일로 - 기타,승용,남,51세,상해없음,승용,여,28세,경상
2020072500100437,2020년 7월 25일 17시,토요일,전라북도 전주시 완산구 서완산동2가,중상사고,0,1,0,0,차대사람 - 기타,안전운전불이행,건조,맑음,기타 - 기타,승용,남,22세,상해없음,보행자,여,79세,중상
2020072500100467,2020년 7월 25일 18시,토요일,전라북도 전주시 완산구 서서학동,경상사고,0,0,1,0,차대차 - 측면충돌,신호위반,건조,맑음,교차로 - 교차로횡단보도내,승용,남,60세,상해없음,자전거,남,18세,경상
2020072500100468,2020년 7월 25일 18시,토요일,전라북도 전주시 덕진구 인후동1가,경상사고,0,0,1,0,차대사람 - 횡단중,안전운전불이행,건조,맑음,단일로 - 기타,승용,남,59세,상해없음,보행자,남,29세,경상
2020072500100505,2020년 7월 25일 19시,토요일,전라북도 군산시 옥도면,경상사고,0,0,1,1,차량단독 - 기타,안전운전불이행,건조,맑음,단일로 - 기타,사륜오토바이(ATV),여,43세,경상,,,,
2020072500100540,2020년 7월 25일 20시,토요일,전라북도 군산시 소룡동,경상사고,0,0,1,0,차대차 - 기타,안전운전불이행,젖음/습기,비,교차로 - 교차로부근,승용,남,37세,상해없음,승용,남,63세,경상
2020072500100541,2020년 7월 25일 20시,토요일,전라북도 군산시 신영동,경상사고,0,0,1,0,차대사람 - 기타,안전운전불이행,젖음/습기,비,단일로 - 기타,승용,남,62세,상해없음,보행자,남,37세,경상
2020072500100542,2020년 7월 25일 20시,토요일,전라북도 익산시 오산면,중상사고,0,1,0,0,차대차 - 정면충돌,신호위반,건조,맑음,교차로 - 교차로안,승용,여,65세,상해없음,승용,남,29세,중상
2020072500100607,2020년 7월 25일 22시,토요일,전라북도 군산시 나운동,경상사고,0,0,2,0,차대차 - 기타,안전운전불이행,젖음/습기,흐림,교차로 - 교차로안,승용,남,62세,상해없음,승용,남,22세,경상
2020072500100608,2020년 7월 25일 22시,토요일,전라북도 군산시 경장동,경상사고,0,0,2,0,차대차 - 기타,신호위반,건조,흐림,교차로 - 교차로안,승용,여,64세,상해없음,승용,남,43세,경상
2020072500100609,2020년 7월 25일 22시,토요일,전라북도 정읍시 신월동,중상사고,0,1,0,0,차대차 - 추돌,안전운전불이행,젖음/습기,맑음,단일로 - 기타,승용,남,38세,상해없음,이륜,남,65세,중상
2020072500100629,2020년 7월 25일 23시,토요일,전라북도 전주시 완산구 효자동2가,경상사고,0,0,2,0,차대차 - 측면충돌,신호위반,건조,맑음,교차로 - 교차로안,승용,여,22세,상해없음,승용,남,44세,경상
2020072600100013,2020년 7월 26일 00시,일요일,전라북도 부안군 변산면,사망사고,1,0,0,0,차량단독 - 도로외이탈 - 추락,안전운전불이행,건조,흐림,단일로 - 기타,화물,남,58세,사망,,,,
2020072600100039,2020년 7월 26일 02시,일요일,전라북도 군산시 수송동,경상사고,0,0,2,0,차대차 - 기타,안전운전불이행,건조,맑음,교차로 - 교차로안,승용,남,25세,상해없음,승용,남,66세,경상
2020072600100093,2020년 7월 26일 08시,일요일,전라북도 정읍시 감곡면,중상사고,0,1,2,0,차대차 - 추돌,안전운전불이행,건조,맑음,기타 - 기타,화물,남,44세,상해없음,승용,남,55세,경상
2020072600100162,2020년 7월 26일 12시,일요일,전라북도 군산시 선양동,경상사고,0,0,1,0,차대차 - 기타,직진우회전진행방해,건조,맑음,교차로 - 교차로안,승용,남,30세,상해없음,이륜,남,55세,경상
2020072600100163,2020년 7월 26일 12시,일요일,전라북도 남원시 용정동,경상사고,0,0,1,0,차대차 - 추돌,안전운전불이행,건조,맑음,교차로 - 교차로부근,승용,여,23세,상해없음,승용,남,29세,경상
2020072600100229,2020년 7월 26일 14시,일요일,전라북도 군산시 나운동,경상사고,0,0,2,0,차대차 - 기타,안전거리미확보,건조,맑음,단일로 - 기타,승용,남,73세,상해없음,승용,남,49세,경상
2020072600100230,2020년 7월 26일 14시,일요일,전라북도 익산시 부송동,경상사고,0,0,1,0,차대사람 - 기타,안전운전불이행,건조,맑음,교차로 - 교차로부근,자전거,남,9세,상해없음,보행자,남,9세,경상
2020072600100231,2020년 7월 26일 14시,일요일,전라북도 부안군 보안면,중상사고,0,1,0,0,차대차 - 측면충돌,안전운전불이행,건조,맑음,단일로 - 기타,승용,여,52세,상해없음,승용,여,54세,중상
2020072600100297,2020년 7월 26일 16시,일요일,전라북도 정읍시 산내면,경상사고,0,0,1,0,차대차 - 추돌,안전운전불이행,건조,맑음,단일로 - 기타,화물,남,74세,상해없음,승용,남,63세,경상
2020072600100324,2020년 7월 26일 17시,일요일,전라북도 전주시 덕진구 여의동,경상사고,0,0,2,0,차대차 - 측면충돌,차로위반,건조,흐림,단일로 - 지하차도(도로)내,승용,남,63세,상해없음,승용,여,57세,상해없음
2020072600100356,2020년 7월 26일 18시,일요일,전라북도 남원시 인월면,경상사고,0,0,1,0,차대사람 - 보도통행중,안전운전불이행,건조,맑음,기타 - 기타,승용,남,65세,상해없음,보행자,여,67세,경상
2020072600100382,2020년 7월 26일 19시,일요일,전라북도 전주시 완산구 전동,경상사고,0,0,2,0,차대차 - 기타,안전운전불이행,건조,맑음,단일로 - 기타,승용,남,26세,상해없음,승용,남,75세,경상
2020072600100383,2020년 7월 26일 19시,일요일,전라북도 군산시 나운동,중상사고,0,1,0,0,차대차 - 기타,불법유턴,건조,맑음,단일로 - 기타,승용,남,28세,상해없음,사륜오토바이(ATV),남,41세,중상
2020072600100402,2020년 7월 26일 20시,일요일,전라북도 군산시 나운동,경상사고,0,0,2,0,차대차 - 측면충돌,중앙선침범,건조,맑음,교차로 - 교차로안,이륜,남,65세,경상,이륜,남,43세,경상
2020072600100403,2020년 7월 26일 20시,일요일,전라북도 김제시 백산면,사망사고,1,1,0,0,차량단독 - 공작물충돌,안전운전불이행,건조,맑음,단일로 - 기타,승용,남,71세,사망,,,,
2020072600100434,2020년 7월 26일 22시,일요일,전라북도 전주시 덕진구 인후동1가,경상사고,0,0,2,0,차대차 - 측면충돌,직진우회전진행방해,건조,흐림,교차로 - 교차로안,승합,남,51세,상해없음,승용,여,61세,상해없음
2020072600100448,2020년 7월 26일 23시,일요일,전라북도 전주시 완산구 중화산동2가,경상사고,0,0,1,0,차대차 - 기타,교차로운행방법위반,건조,맑음,교차로 - 교차로안,승용,여,26세,경상,승용,남,37세,상해없음
2020072600100449,2020년 7월 26일 23시,일요일,전라북도 전주시 덕진구 우아동2가,경상사고,0,0,1,0,차대사람 - 차도통행중,안전운전불이행,건조,흐림,교차로 - 교차로부근,승용,남,46세,상해없음,보행자,남,55세,경상
2020072600100450,2020년 7월 26일 23시,일요일,전라북도 전주시 덕진구 덕진동1가,경상사고,0,0,1,0,차대사람 - 차도통행중,안전운전불이행,건조,맑음,단일로 - 기타,승용,남,39세,상해없음,보행자,여,38세,경상
2020072700100025,2020년 7월 27일 04시,월요일,전라북도 고창군 고창읍,경상사고,0,0,2,0,차대차 - 측면충돌,안전운전불이행,건조,맑음,기타 - 기타,승용,남,72세,상해없음,화물,남,24세,경상
2020072700100064,2020년 7월 27일 07시,월요일,전라북도 전주시 덕진구 호성동1가,경상사고,0,0,1,0,차대사람 - 횡단중,보행자보호의무위반,건조,맑음,기타 - 기타,화물,남,23세,상해없음,보행자,여,62세,경상
2020072700100099,2020년 7월 27일 08시,월요일,전라북도 익산시 오산면,경상사고,0,0,1,0,차대차 - 측면충돌,신호위반,건조,맑음,교차로 - 교차로안,화물,남,36세,상해없음,승용,남,36세,경상
2020072700100140,2020년 7월 27일 09시,월요일,전라북도 익산시 신흥동,중상사고,0,1,0,0,차대차 - 측면충돌,안전운전불이행,건조,맑음,교차로 - 교차로안,자전거,남,77세,중상,승용,여,48세,상해없음
2020072700100176,2020년 7월 27일 10시,월요일,전라북도 익산시 영등동,중상사고,0,1,0,0,차대사람 - 횡단중,안전운전불이행,건조,맑음,교차로 - 교차로안,승용,남,61세,상해없음,보행자,여,75세,중상
2020072700100212,2020년 7월 27일 11시,월요일,전라북도 전주시 완산구 전동,경상사고,0,0,2,0,차대차 - 추돌,안전운전불이행,건조,맑음,단일로 - 기타,승합,남,57세,경상,승용,여,62세,경상
2020072700100213,2020년 7월 27일 11시,월요일,전라북도 익산시 송학동,경상사고,0,0,2,0,차대차 - 측면충돌,신호위반,건조,맑음,교차로 - 교차로부근,이륜,남,54세,경상,승용,여,48세,경상
2020072700100214,2020년 7월 27일 11시,월요일,전라북도 남원시 죽항동,중상사고,0,1,0,0,차대사람 - 기타,안전운전불이행,건조,맑음,단일로 - 기타,화물,여,57세,상해없음,보행자,여,78세,중상
2020072700100285,2020년 7월 27일 13시,월요일,전라북도 군산시 나운동,경상사고,0,0,2,0,차대차 - 기타,차로위반,건조,맑음,기타 - 기타,승용,여,60세,상해없음,승용,남,61세,경상
2020072700100318,2020년 7월 27일 14시,월요일,전라북도 전주시 덕진구 성덕동,경상사고,0,0,1,0,차대차 - 측면충돌,차로위반,건조,맑음,단일로 - 기타,승합,남,70세,상해없음,화물,남,52세,경상
2020072700100319,2020년 7월 27일 14시,월요일,전라북도 군산시 개정면,경상사고,0,0,5,0,차대차 - 기타,안전운전불이행,건조,맑음,기타 - 기타,특수,남,38세,상해없음,화물,남,51세,경상
2020072700100320,2020년 7월 27일 14시,월요일,전라북도 김제시 신풍동,경상사고,0,0,1,0,차대사람 - 횡단중,보행자보호의무위반,건조,맑음,교차로 - 교차로부근,승용,여,55세,상해없음,보행자,여,77세,경상
2020072700100363,2020년 7월 27일 15시,월요일,전라북도 전주시 덕진구 송천동1가,경상사고,0,0,1,0,차대사람 - 횡단중,안전운전불이행,건조,맑음,단일로 - 기타,승합,남,45세,상해없음,보행자,여,67세,경상
2020072700100400,2020년 7월 27일 16시,월요일,전라북도 전주시 완산구 효자동3가,경상사고,0,0,1,0,차대차 - 기타,안전운전불이행,건조,맑음,기타 - 기타,승용,여,49세,상해없음,승용,여,52세,경상
2020072700100432,2020년 7월 27일 17시,월요일,전라북도 전주시 덕진구 진북동,경상사고,0,0,1,0,차대차 - 측면충돌,교차로운행방법위반,건조,맑음,교차로 - 교차로안,승용,여,64세,상해없음,승용,남,83세,경상
2020072700100501,2020년 7월 27일 19시,월요일,전라북도 전주시 완산구 평화동2가,경상사고,0,0,1,0,차대차 - 측면충돌,직진우회전진행방해,젖음/습기,비,교차로 - 교차로안,승용,남,63세,상해없음,이륜,여,22세,경상
2020072700100502,2020년 7월 27일 19시,월요일,전라북도 군산시 조촌동,경상사고,0,0,1,0,차대차 - 기타,안전운전불이행,건조,맑음,교차로 - 교차로안,승용,남,48세,기타불명,이륜,남,44세,경상
2020072700100540,2020년 7월 27일 20시,월요일,전라북도 전주시 완산구 효자동3가,부상신고사고,0,0,0,1,차대사람 - 횡단중,안전운전불이행,젖음/습기,비,교차로 - 교차로안,승용,남,48세,상해없음,보행자,남,26세,부상신고