사고번호,사고일시,요일,시군구,사고내용,사망자수,중상자수,경상자수,부상신고자수,사고유형,법규위반,노면상태,기상상태,도로형태,가해운전자 차종,가해운전자 성별,가해운전자 연령,가해운전자 상해정도,피해운전자 차종,피해운전자 성별,피해운전자 연령,피해운전자 상해정도
2020081000100381,2020년 8월 10일 17시,월요일,전라북도 전주시 덕진구 호성동1가,중상사고,0,1,0,0,차대사람 - 보도통행중,기타,젖음/습기,비,교차로 - 교차로안,승용,여,52세,상해없음,보행자,여,51세,중상
2020081000100519,2020년 8월 10일 21시,월요일,전라북도 군산시 오식도동,경상사고,0,0,1,0,차대차 - 기타,신호위반,젖음/습기,비,교차로 - 교차로안,승용,남,63세,상해없음,승용,여,37세,경상
2020081000100520,2020년 8월 10일 21시,월요일,전라북도 군산시 수송동,경상사고,0,0,2,0,차대차 - 기타,안전운전불이행,젖음/습기,비,교차로 - 교차로부근,승용,남,28세,경상,승용,남,54세,경상
2020081000100521,2020년 8월 10일 21시,월요일,전라북도 익산시 영등동,경상사고,0,0,1,0,차대사람 - 횡단중,보행자보호의무위반,젖음/습기,비,단일로 - 기타,원동기,남,61세,상해없음,보행자,남,43세,경상
2020081100100013,2020년 8월 11일 00시,화요일,전라북도 전주시 덕진구 덕진동1가,경상사고,0,0,1,0,차대사람 - 횡단중,안전운전불이행,젖음/습기,비,단일로 - 기타,승용,남,59세,상해없음,보행자,남,24세,경상
2020081100100092,2020년 8월 11일 07시,화요일,전라북도 군산시 나운동,중상사고,0,1,0,0,차대사람 - 횡단중,보행자보호의무위반,건조,흐림,교차로 - 교차로횡단보도내,화물,남,59세,상해없음,보행자,여,63세,중상
2020081100100093,2020년 8월 11일 07시,화요일,전라북도 익산시 마동,경상사고,0,0,1,0,차대차 - 측면충돌,중앙선침범,건조,맑음,단일로 - 기타,승용,남,76세,상해없음,승용,남,34세,경상
2020081100100123,2020년 8월 11일 08시,화요일,전라북도 전주시 덕진구 용정동,경상사고,0,0,2,0,차대차 - 추돌,안전운전불이행,젖음/습기,비,단일로 - 기타,특수,남,44세,상해없음,승용,여,42세,경상
2020081100100162,2020년 8월 11일 09시,화요일,전라북도 장수군 장계면,경상사고,0,0,1,0,차량단독 - 전도전복 - 전복,안전운전불이행,건조,맑음,단일로 - 기타,건설기계,남,48세,경상,,,,
2020081100100234,2020년 8월 11일 11시,화요일,전라북도 정읍시 금붕동,사망사고,1,0,0,0,차대차 - 추돌,안전운전불이행,젖음/습기,비,교차로 - 교차로부근,화물,남,64세,상해없음,자전거,남,79세,사망
2020081100100262,2020년 8월 11일 12시,화요일,전라북도 군산시 서흥남동,경상사고,0,0,4,0,차대차 - 기타,중앙선침범,건조,맑음,단일로 - 기타,승용,여,67세,경상,승용,남,45세,경상
2020081100100263,2020년 8월 11일 12시,화요일,전라북도 익산시 마동,중상사고,0,1,0,0,차대사람 - 횡단중,안전운전불이행,건조,맑음,단일로 - 기타,승용,남,68세,상해없음,보행자,남,61세,중상
2020081100100327,2020년 8월 11일 14시,화요일,전라북도 전주시 완산구 서신동,중상사고,0,2,0,0,차대차 - 정면충돌,신호위반,건조,맑음,교차로 - 교차로안,화물,남,73세,상해없음,승용,여,47세,중상
2020081100100328,2020년 8월 11일 14시,화요일,전라북도 군산시 금암동,경상사고,0,0,1,0,차대차 - 기타,안전운전불이행,건조,맑음,단일로 - 기타,승용,남,60세,상해없음,승용,남,49세,경상
2020081100100431,2020년 8월 11일 17시,화요일,전라북도 전주시 완산구 중화산동2가,경상사고,0,0,2,0,차대차 - 측면충돌,안전거리미확보,젖음/습기,비,단일로 - 기타,승용,여,39세,경상,승용,남,21세,경상
2020081100100539,2020년 8월 11일 20시,화요일,전라북도 정읍시 연지동,경상사고,0,0,1,0,차대차 - 측면충돌,신호위반,젖음/습기,흐림,교차로 - 교차로안,승용,남,63세,상해없음,승용,남,53세,경상
2020081100100591,2020년 8월 11일 22시,화요일,전라북도 전주시 덕진구 중동,중상사고,0,1,2,0,차대차 - 측면충돌,직진우회전진행방해,젖음/습기,비,교차로 - 교차로안,승용,남,33세,상해없음,이륜,남,23세,중상
2020081100100592,2020년 8월 11일 22시,화요일,전라북도 군산시 수송동,경상사고,0,0,1,0,차대사람 - 횡단중,안전운전불이행,젖음/습기,비,교차로 - 교차로안,승용,여,62세,상해없음,보행자,여,19세,경상
2020081100100613,2020년 8월 11일 23시,화요일,전라북도 군산시 개정면,중상사고,0,4,1,1,차대차 - 추돌,기타,건조,맑음,단일로 - 기타,승용,여,57세,경상,특수,남,55세,부상신고
2020081200100147,2020년 8월 12일 09시,수요일,전라북도 익산시 부송동,경상사고,0,0,1,0,차대차 - 측면충돌,직진우회전진행방해,건조,맑음,교차로 - 교차로안,승용,여,43세,상해없음,승용,여,55세,경상
2020081200100208,2020년 8월 12일 11시,수요일,전라북도 익산시 석암동,경상사고,0,0,1,0,차대차 - 정면충돌,신호위반,건조,맑음,단일로 - 기타,특수,남,34세,상해없음,승용,여,21세,경상
2020081200100209,2020년 8월 12일 11시,수요일,전라북도 익산시 동산동,경상사고,0,0,2,0,차대차 - 측면충돌,직진우회전진행방해,건조,맑음,교차로 - 교차로안,승용,남,69세,상해없음,승용,남,35세,경상
2020081200100244,2020년 8월 12일 12시,수요일,전라북도 전주시 완산구 삼천동1가,중상사고,0,1,0,0,차대사람 - 횡단중,신호위반,건조,맑음,교차로 - 교차로횡단보도내,승용,남,38세,상해없음,보행자,여,74세,중상
2020081200100245,2020년 8월 12일 12시,수요일,전라북도 김제시 금산면,경상사고,0,0,1,0,차대차 - 추돌,안전운전불이행,건조,맑음,단일로 - 기타,원동기,남,79세,상해없음,승용,남,59세,경상
2020081200100277,2020년 8월 12일 13시,수요일,전라북도 전주시 완산구 중화산동2가,경상사고,0,0,1,0,차대차 - 추돌,안전거리미확보,건조,맑음,단일로 - 기타,승용,남,42세,상해없음,승용,남,55세,상해없음
2020081200100348,2020년 8월 12일 15시,수요일,전라북도 익산시 마동,사망사고,1,0,0,0,차대사람 - 횡단중,안전운전불이행,건조,맑음,교차로 - 교차로안,승용,여,54세,상해없음,보행자,남,75세,사망
2020081200100349,2020년 8월 12일 15시,수요일,전라북도 무주군 무풍면,중상사고,0,2,2,0,차량단독 - 공작물충돌,안전운전불이행,건조,맑음,단일로 - 지하차도(도로)내,화물,남,57세,상해없음,,,,
2020081200100385,2020년 8월 12일 16시,수요일,전라북도 익산시 남중동,경상사고,0,0,1,0,차대차 - 측면충돌,신호위반,건조,맑음,교차로 - 교차로안,승용,남,83세,상해없음,승용,남,64세,경상
2020081200100472,2020년 8월 12일 18시,수요일,전라북도 익산시 춘포면,경상사고,0,0,1,0,차대차 - 기타,중앙선침범,건조,맑음,단일로 - 기타,승용,여,31세,상해없음,승용,남,36세,상해없음
2020081200100530,2020년 8월 12일 20시,수요일,전라북도 전주시 덕진구 진북동,경상사고,0,0,2,0,차대차 - 측면충돌,안전운전불이행,건조,맑음,교차로 - 교차로안,승용,여,48세,상해없음,승용,남,58세,경상
2020081300100039,2020년 8월 13일 05시,목요일,전라북도 전주시 완산구 평화동2가,경상사고,0,0,3,1,차대차 - 측면충돌,신호위반,건조,맑음,교차로 - 교차로안,승용,남,51세,부상신고,승용,여,65세,경상
2020081300100083,2020년 8월 13일 08시,목요일,전라북도 전주시 완산구 경원동1가,경상사고,0,0,2,0,차대차 - 추돌,안전운전불이행,건조,맑음,교차로 - 교차로부근,화물,남,50세,상해없음,승용,남,62세,경상
2020081300100084,2020년 8월 13일 08시,목요일,전라북도 전주시 덕진구 금암동,경상사고,0,0,1,0,차대차 - 추돌,안전거리미확보,건조,맑음,단일로 - 기타,승용,남,52세,상해없음,승용,여,39세,경상
2020081300100140,2020년 8월 13일 10시,목요일,전라북도 군산시 대야면,중상사고,0,1,0,0,차대차 - 추돌,안전거리미확보,건조,맑음,단일로 - 지하차도(도로)내,화물,남,54세,상해없음,화물,남,29세,중상
2020081300100141,2020년 8월 13일 10시,목요일,전라북도 익산시 어양동,경상사고,0,0,3,0,차대차 - 측면충돌,차로위반,건조,맑음,단일로 - 기타,승용,남,60세,상해없음,승용,남,65세,경상
2020081300100182,2020년 8월 13일 11시,목요일,전라북도 전주시 완산구 효자동2가,중상사고,0,1,0,0,차대사람 - 횡단중,신호위반,건조,맑음,교차로 - 교차로횡단보도내,승용,남,76세,상해없음,보행자,여,63세,중상
2020081300100253,2020년 8월 13일 13시,목요일,전라북도 전주시 덕진구 진북동,중상사고,0,1,1,0,차대차 - 측면충돌,신호위반,건조,맑음,교차로 - 교차로안,승용,여,46세,상해없음,승용,여,54세,중상
2020081300100291,2020년 8월 13일 14시,목요일,전라북도 익산시 신동,중상사고,0,1,1,0,차대차 - 측면충돌,신호위반,건조,맑음,단일로 - 기타,이륜,남,24세,중상,이륜,남,26세,경상
2020081300100331,2020년 8월 13일 15시,목요일,전라북도 전주시 완산구 삼천동1가,경상사고,0,0,1,0,차대사람 - 횡단중,보행자보호의무위반,건조,맑음,교차로 - 교차로횡단보도내,승용,여,27세,상해없음,보행자,여,81세,경상
2020081300100332,2020년 8월 13일 15시,목요일,전라북도 김제시 상동동,경상사고,0,0,1,0,차대차 - 측면충돌,신호위반,건조,맑음,교차로 - 교차로안,승용,여,63세,상해없음,승용,남,62세,경상
2020081300100376,2020년 8월 13일 16시,목요일,전라북도 전주시 덕진구 호성동1가,경상사고,0,0,1,0,차대차 - 측면충돌,안전거리미확보,건조,맑음,단일로 - 기타,화물,남,52세,상해없음,승용,남,24세,경상
2020081300100565,2020년 8월 13일 21시,목요일,전라북도 전주시 완산구 서신동,경상사고,0,0,1,0,차대차 - 추돌,안전운전불이행,건조,맑음,기타 - 기타,승용,남,60세,상해없음,승용,여,31세,경상
2020081300100566,2020년 8월 13일 21시,목요일,전라북도 부안군 부안읍,경상사고,0,0,1,0,차대차 - 추돌,안전거리미확보,건조,맑음,단일로 - 기타,화물,남,50세,상해없음,화물,남,66세,경상
2020081300100597,2020년 8월 13일 22시,목요일,전라북도 남원시 노암동,경상사고,0,0,1,0,차대차 - 정면충돌,중앙선침범,건조,맑음,단일로 - 기타,승용,여,48세,상해없음,승용,남,61세,경상
2020081400100069,2020년 8월 14일 06시,금요일,전라북도 익산시 삼기면,경상사고,0,0,3,0,차대차 - 추돌,안전운전불이행,건조,맑음,단일로 - 기타,화물,남,67세,경상,승용,남,37세,경상
2020081400100084,2020년 8월 14일 07시,금요일,전라북도 완주군 상관면,경상사고,0,0,2,0,차대차 - 추돌,안전거리미확보,건조,맑음,단일로 - 기타,건설기계,남,38세,상해없음,화물,남,54세,경상
2020081400100270,2020년 8월 14일 12시,금요일,전라북도 전주시 완산구 효자동1가,경상사고,0,0,1,0,차대차 - 기타,신호위반,건조,맑음,교차로 - 교차로부근,승용,남,72세,상해없음,이륜,남,49세,경상
2020081400100271,2020년 8월 14일 12시,금요일,전라북도 순창군 순창읍,경상사고,0,0,1,0,차대차 - 기타,안전운전불이행,건조,맑음,단일로 - 기타,화물,남,54세,상해없음,원동기,남,64세,경상
2020081400100304,2020년 8월 14일 13시,금요일,전라북도 익산시 신흥동,경상사고,0,0,2,0,차대차 - 측면충돌,안전거리미확보,건조,맑음,단일로 - 기타,건설기계,남,47세,상해없음,승용,여,25세,경상
2020081400100305,2020년 8월 14일 13시,금요일,전라북도 정읍시 수성동,경상사고,0,0,1,0,차대사람 - 기타,안전운전불이행,건조,맑음,단일로 - 기타,승합,남,35세,상해없음,보행자,여,80세,경상
2020081400100306,2020년 8월 14일 13시,금요일,전라북도 장수군 장계면,중상사고,0,1,2,0,차대차 - 측면충돌,신호위반,건조,맑음,교차로 - 교차로안,승용,여,53세,경상,승용,남,63세,경상
2020081400100345,2020년 8월 14일 14시,금요일,전라북도 정읍시 수성동,경상사고,0,0,1,0,차대차 - 측면충돌,직진우회전진행방해,건조,맑음,교차로 - 교차로안,승용,남,49세,상해없음,이륜,남,20세,경상
2020081400100418,2020년 8월 14일 16시,금요일,전라북도 익산시 황등면,경상사고,0,0,3,0,차대차 - 측면충돌,직진우회전진행방해,건조,맑음,교차로 - 교차로안,승용,여,50세,상해없음,화물,남,62세,경상
2020081400100473,2020년 8월 14일 17시,금요일,전라북도 군산시 옥산면,중상사고,0,1,1,0,차대차 - 측면충돌,안전운전불이행,건조,맑음,교차로 - 교차로안,승용,남,51세,중상,승용,남,38세,경상
2020081400100522,2020년 8월 14일 18시,금요일,전라북도 완주군 고산면,중상사고,0,1,0,0,차대차 - 기타,안전운전불이행,건조,맑음,교차로 - 교차로부근,기타불명,기타불명,미분류,기타불명,자전거,여,76세,중상
2020081400100603,2020년 8월 14일 20시,금요일,전라북도 전주시 완산구 서노송동,경상사고,0,0,4,0,차대차 - 측면충돌,교차로운행방법위반,건조,맑음,교차로 - 교차로부근,승용,여,45세,경상,승용,남,20세,경상
2020081400100639,2020년 8월 14일 21시,금요일,전라북도 부안군 변산면,중상사고,0,3,1,0,차대차 - 측면충돌,직진우회전진행방해,건조,맑음,교차로 - 교차로안,승용,남,49세,중상,승용,남,55세,경상
2020081400100670,2020년 8월 14일 22시,금요일,전라북도 전주시 완산구 효자동3가,중상사고,0,1,0,0,차대사람 - 횡단중,안전운전불이행,건조,맑음,기타 - 기타,승용,남,23세,상해없음,보행자,남,55세,중상
2020081400100671,2020년 8월 14일 22시,금요일,전라북도 전주시 덕진구 덕진동1가,경상사고,0,0,1,1,차대차 - 측면충돌,안전운전불이행,건조,맑음,교차로 - 교차로안,승용,남,24세,상해없음,승용,남,58세,경상
2020081400100690,2020년 8월 14일 23시,금요일,전라북도 완주군 이서면,중상사고,0,2,3,0,차대차 - 기타,안전운전불이행,건조,맑음,기타 - 기타,승용,남,40세,상해없음,승용,여,40세,중상
2020081500100140,2020년 8월 15일 09시,토요일,전라북도 부안군 동진면,중상사고,0,1,0,0,차대차 - 측면충돌,안전운전불이행,건조,맑음,교차로 - 교차로안,승용,여,56세,상해없음,화물,남,72세,중상
2020081500100195,2020년 8월 15일 11시,토요일,전라북도 전주시 완산구 원당동,경상사고,0,0,3,0,차대차 - 측면충돌,차로위반,건조,맑음,단일로 - 기타,승용,남,58세,상해없음,승용,남,61세,경상
2020081500100196,2020년 8월 15일 11시,토요일,전라북도 군산시 문화동,중상사고,0,1,0,0,차대사람 - 차도통행중,안전운전불이행,건조,맑음,교차로 - 교차로부근,승용,여,56세,상해없음,보행자,여,60세,중상
2020081500100197,2020년 8월 15일 11시,토요일,전라북도 김제시 용지면,중상사고,0,1,2,0,차대차 - 측면충돌,기타,건조,맑음,교차로 - 교차로안,화물,남,70세,상해없음,승용,남,46세,경상
2020081500100227,2020년 8월 15일 12시,토요일,전라북도 군산시 서흥남동,경상사고,0,0,4,0,차대차 - 정면충돌,중앙선침범,건조,맑음,교차로 - 교차로부근,승용,여,40세,상해없음,승용,남,51세,경상
2020081500100269,2020년 8월 15일 13시,토요일,전라북도 전주시 덕진구 진북동,경상사고,0,0,5,0,차대차 - 추돌,안전운전불이행,건조,맑음,교차로 - 교차로안,승용,여,43세,상해없음,승용,남,50세,경상
2020081500100300,2020년 8월 15일 14시,토요일,전라북도 익산시 창인동1가,경상사고,0,0,2,0,차대차 - 측면충돌,교차로운행방법위반,건조,맑음,교차로 - 교차로부근,승용,남,57세,상해없음,승용,남,21세,경상
2020081500100322,2020년 8월 15일 15시,토요일,전라북도 군산시 옥도면,경상사고,0,0,3,0,차대차 - 추돌,안전거리미확보,건조,맑음,단일로 - 기타,승용,남,73세,상해없음,승용,남,50세,경상
2020081500100323,2020년 8월 15일 15시,토요일,전라북도 익산시 주현동,중상사고,0,1,0,0,차대차 - 측면충돌,직진우회전진행방해,건조,맑음,교차로 - 교차로안,승용,남,38세,상해없음,원동기,남,49세,중상
2020081500100324,2020년 8월 15일 15시,토요일,전라북도 장수군 장수읍,경상사고,0,0,1,0,차대차 - 측면충돌,직진우회전진행방해,건조,맑음,교차로 - 교차로안,이륜,남,79세,경상,승용,남,27세,상해없음
2020081500100352,2020년 8월 15일 16시,토요일,전라북도 군산시 소룡동,부상신고사고,0,0,0,1,차대차 - 측면충돌,안전운전불이행,건조,맑음,단일로 - 기타,자전거,남,12세,부상신고,승용,남,49세,상해없음
2020081500100353,2020년 8월 15일 16시,토요일,전라북도 군산시 미룡동,부상신고사고,0,0,0,2,차대차 - 후진중충돌,안전운전불이행,건조,맑음,교차로 - 교차로안,승용,여,55세,부상신고,승용,여,49세,부상신고
2020081500100354,2020년 8월 15일 16시,토요일,전라북도 고창군 대산면,중상사고,0,2,1,0,차량단독 - 도로외이탈 - 추락,안전운전불이행,건조,맑음,교차로 - 교차로부근,승용,남,73세,경상,,,,
2020081500100387,2020년 8월 15일 17시,토요일,전라북도 전주시 완산구 용복동,경상사고,0,0,1,0,차대차 - 추돌,안전운전불이행,건조,맑음,교차로 - 교차로부근,승용,남,59세,상해없음,승용,남,27세,경상
2020081500100388,2020년 8월 15일 17시,토요일,전라북도 김제시 청하면,경상사고,0,0,1,0,차대사람 - 기타,안전운전불이행,건조,맑음,단일로 - 지하차도(도로)내,승용,여,55세,상해없음,보행자,남,50세,경상
2020081500100422,2020년 8월 15일 18시,토요일,전라북도 전주시 완산구 중화산동2가,경상사고,0,0,1,0,차대차 - 추돌,안전운전불이행,건조,맑음,교차로 - 교차로부근,승용,남,57세,상해없음,승용,남,26세,경상
2020081500100423,2020년 8월 15일 18시,토요일,전라북도 고창군 무장면,중상사고,0,1,2,0,차대차 - 추돌,안전운전불이행,건조,맑음,단일로 - 기타,승용,남,30세,상해없음,승용,남,30세,경상
2020081600100009,2020년 8월 16일 00시,일요일,전라북도 전주시 완산구 효자동1가,중상사고,0,1,2,0,차대차 - 기타,신호위반,건조,맑음,교차로 - 교차로안,승용,남,63세,경상,이륜,남,22세,중상
2020081600100079,2020년 8월 16일 06시,일요일,전라북도 김제시 금구면,중상사고,0,1,1,0,차대차 - 기타,과속,건조,맑음,기타 - 기타,승용,남,37세,중상,화물,남,60세,경상
2020081600100135,2020년 8월 16일 10시,일요일,전라북도 무주군 설천면,중상사고,0,1,2,0,차량단독 - 도로외이탈 - 기타,안전운전불이행,건조,맑음,단일로 - 지하차도(도로)내,화물,남,65세,경상,,,,
2020081600100155,2020년 8월 16일 11시,일요일,전라북도 군산시 경암동,경상사고,0,0,1,0,차대차 - 후진중충돌,안전운전불이행,건조,맑음,주차장 - 주차장,승용,여,57세,상해없음,승용,여,26세,경상
2020081600100156,2020년 8월 16일 11시,일요일,전라북도 고창군 고수면,중상사고,0,1,3,0,차대차 - 측면충돌,중앙선침범,건조,맑음,단일로 - 기타,승용,남,58세,상해없음,승용,남,51세,경상
2020081600100185,2020년 8월 16일 12시,일요일,전라북도 군산시 나운동,중상사고,0,1,2,0,차대차 - 측면충돌,교차로운행방법위반,건조,맑음,교차로 - 교차로안,이륜,남,31세,중상,승용,남,49세,경상
2020081600100222,2020년 8월 16일 13시,일요일,전라북도 익산시 신동,중상사고,0,1,1,0,차대차 - 측면충돌,직진우회전진행방해,건조,맑음,교차로 - 교차로안,이륜,남,20세,중상,승용,남,60세,경상
2020081600100223,2020년 8월 16일 13시,일요일,전라북도 남원시 산내면,경상사고,0,0,1,0,차대차 - 추돌,안전운전불이행,건조,맑음,단일로 - 기타,승용,남,55세,상해없음,자전거,남,30세,경상
2020081600100224,2020년 8월 16일 13시,일요일,전라북도 부안군 상서면,중상사고,0,1,7,0,차대차 - 측면충돌,신호위반,건조,맑음,교차로 - 교차로안,승용,여,43세,경상,승용,남,68세,경상
2020081600100225,2020년 8월 16일 13시,일요일,전라북도 무주군 무주읍,경상사고,0,0,4,1,차대차 - 측면충돌,신호위반,건조,맑음,교차로 - 교차로안,승용,남,60세,상해없음,승용,남,18세,경상
2020081600100289,2020년 8월 16일 15시,일요일,전라북도 김제시 검산동,중상사고,0,1,0,0,차대차 - 측면충돌,안전운전불이행,건조,맑음,단일로 - 지하차도(도로)내,승용,남,67세,상해없음,이륜,남,30세,중상
2020081600100319,2020년 8월 16일 16시,일요일,전라북도 군산시 수송동,중상사고,0,1,0,0,차대차 - 기타,안전운전불이행,기타,맑음,교차로 - 교차로안,승용,남,59세,상해없음,자전거,남,14세,중상
2020081600100320,2020년 8월 16일 16시,일요일,전라북도 군산시 옥산면,중상사고,0,1,3,0,차대차 - 기타,기타,건조,맑음,교차로 - 교차로안,승용,남,59세,경상,화물,남,63세,경상
2020081600100396,2020년 8월 16일 18시,일요일,전라북도 군산시 구암동,경상사고,0,0,3,0,차대차 - 추돌,안전운전불이행,건조,맑음,단일로 - 기타,화물,남,60세,경상,승용,남,44세,경상
2020081600100397,2020년 8월 16일 18시,일요일,전라북도 군산시 수송동,부상신고사고,0,0,0,1,차대차 - 기타,안전운전불이행,건조,맑음,교차로 - 교차로부근,화물,남,43세,상해없음,원동기,남,25세,부상신고
2020081600100398,2020년 8월 16일 18시,일요일,전라북도 익산시 영등동,경상사고,0,0,1,0,차대사람 - 차도통행중,안전운전불이행,건조,맑음,단일로 - 기타,승용,여,22세,상해없음,보행자,여,62세,경상
2020081600100455,2020년 8월 16일 20시,일요일,전라북도 전주시 완산구 중화산동2가,경상사고,0,0,1,0,차대차 - 정면충돌,안전운전불이행,건조,맑음,교차로 - 교차로안,승용,여,53세,상해없음,이륜,남,57세,경상
2020081600100491,2020년 8월 16일 21시,일요일,전라북도 전주시 완산구 효자동3가,경상사고,0,0,5,0,차대차 - 측면충돌,안전운전불이행,건조,맑음,교차로 - 교차로안,승용,남,64세,상해없음,승용,남,56세,경상
2020081600100508,2020년 8월 16일 22시,일요일,전라북도 전주시 완산구 중화산동2가,경상사고,0,0,3,0,차대차 - 추돌,안전운전불이행,건조,맑음,교차로 - 교차로부근,승용,남,45세,상해없음,승용,여,28세,경상
2020081600100530,2020년 8월 16일 23시,일요일,전라북도 군산시 월명동,경상사고,0,0,1,0,차대차 - 측면충돌,안전운전불이행,건조,맑음,교차로 - 교차로안,승용,남,62세,상해없음,승용,남,30세,경상
2020081600100531,2020년 8월 16일 23시,일요일,전라북도 익산시 남중동,중상사고,0,1,0,0,차대차 - 추돌,안전운전불이행,건조,맑음,교차로 - 교차로부근,승용,여,21세,상해없음,승용,남,63세,중상
2020081700100153,2020년 8월 17일 11시,월요일,전라북도 부안군 변산면,경상사고,0,0,4,0,차대차 - 추돌,안전운전불이행,건조,맑음,교차로 - 교차로부근,승용,남,64세,상해없음,승용,여,46세,경상
2020081700100271,2020년 8월 17일 14시,월요일,전라북도 전주시 덕진구 덕진동1가,경상사고,0,0,1,0,차대차 - 측면충돌,안전거리미확보,건조,맑음,단일로 - 기타,승용,남,20세,상해없음,원동기,남,49세,경상
2020081700100309,2020년 8월 17일 15시,월요일,전라북도 군산시 옥도면,중상사고,0,3,0,0,차대차 - 정면충돌,중앙선침범,건조,맑음,단일로 - 교량,승용,남,64세,상해없음,승용,여,29세,중상
2020081700100310,2020년 8월 17일 15시,월요일,전라북도 완주군 용진읍,경상사고,0,0,3,0,차대차 - 후진중충돌,안전운전불이행,건조,맑음,단일로 - 기타,승합,남,53세,상해없음,승용,여,44세,경상
2020081700100349,2020년 8월 17일 16시,월요일,전라북도 전주시 덕진구 우아동3가,경상사고,0,0,1,0,차대차 - 측면충돌,안전운전불이행,건조,맑음,교차로 - 교차로안,승용,남,53세,상해없음,원동기,남,23세,경상
2020081700100395,2020년 8월 17일 17시,월요일,전라북도 전주시 완산구 효자동2가,경상사고,0,0,1,0,차대차 - 기타,안전운전불이행,건조,맑음,단일로 - 기타,승합,남,56세,상해없음,승용,여,45세,경상
2020081700100431,2020년 8월 17일 18시,월요일,전라북도 전주시 덕진구 진북동,사망사고,1,0,0,0,차대사람 - 횡단중,안전운전불이행,건조,맑음,단일로 - 기타,승용,여,25세,상해없음,보행자,여,51세,사망
2020081700100510,2020년 8월 17일 20시,월요일,전라북도 익산시 부송동,경상사고,0,0,2,0,차대차 - 추돌,안전운전불이행,건조,맑음,단일로 - 기타,승용,남,36세,상해없음,승용,여,31세,경상
2020081700100511,2020년 8월 17일 20시,월요일,전라북도 정읍시 농소동,경상사고,0,0,1,0,차대차 - 측면충돌,신호위반,건조,맑음,교차로 - 교차로안,화물,남,50세,상해없음,승용,남,46세,경상
2020081700100565,2020년 8월 17일 23시,월요일,전라북도 군산시 조촌동,경상사고,0,0,1,0,차대차 - 추돌,안전운전불이행,건조,맑음,교차로 - 교차로안,승용,남,51세,상해없음,승용,여,33세,경상
2020081700100566,2020년 8월 17일 23시,월요일,전라북도 익산시 인화동1가,경상사고,0,0,1,0,차대사람 - 차도통행중,안전운전불이행,건조,맑음,교차로 - 교차로부근,이륜,남,27세,상해없음,보행자,남,49세,경상
2020081800100095,2020년 8월 18일 08시,화요일,전라북도 장수군 장계면,경상사고,0,0,1,0,차대차 - 추돌,안전운전불이행,건조,맑음,교차로 - 교차로부근,이륜,남,32세,경상,승용,여,61세,상해없음
2020081800100133,2020년 8월 18일 09시,화요일,전라북도 무주군 적상면,중상사고,0,1,3,0,차대차 - 정면충돌,안전운전불이행,건조,맑음,교차로 - 교차로안,승용,남,38세,경상,승용,남,56세,경상
2020081800100166,2020년 8월 18일 10시,화요일,전라북도 전주시 완산구 효자동3가,경상사고,0,0,2,0,차대차 - 기타,신호위반,건조,맑음,교차로 - 교차로부근,승용,여,56세,경상,승용,남,27세,경상
2020081800100167,2020년 8월 18일 10시,화요일,전라북도 남원시 왕정동,경상사고,0,0,1,0,차대차 - 측면충돌,직진우회전진행방해,건조,맑음,교차로 - 교차로안,승용,남,26세,상해없음,승용,여,39세,경상
2020081800100208,2020년 8월 18일 11시,화요일,전라북도 정읍시 시기동,경상사고,0,0,1,0,차대차 - 측면충돌,신호위반,건조,맑음,교차로 - 교차로안,승용,여,61세,상해없음,승용,남,44세,경상
2020081800100252,2020년 8월 18일 12시,화요일,전라북도 전주시 덕진구 인후동1가,경상사고,0,0,1,0,차대차 - 추돌,안전운전불이행,건조,맑음,교차로 - 교차로안,승용,남,70세,상해없음,승용,여,40세,경상
2020081800100253,2020년 8월 18일 12시,화요일,전라북도 군산시 미룡동,경상사고,0,0,1,0,차대차 - 추돌,안전운전불이행,건조,맑음,교차로 - 교차로부근,승용,남,60세,상해없음,승용,여,49세,경상
2020081800100292,2020년 8월 18일 13시,화요일,전라북도 전주시 완산구 삼천동1가,경상사고,0,0,2,0,차대차 - 기타,안전운전불이행,건조,맑음,단일로 - 기타,승용,여,58세,상해없음,승용,남,42세,경상
2020081800100293,2020년 8월 18일 13시,화요일,전라북도 김제시 요촌동,경상사고,0,0,1,0,차대차 - 측면충돌,안전운전불이행,건조,맑음,교차로 - 교차로안,승용,남,75세,상해없음,화물,남,26세,경상
2020081800100294,2020년 8월 18일 13시,화요일,전라북도 부안군 보안면,중상사고,0,1,0,0,차대차 - 측면충돌,안전운전불이행,건조,맑음,기타 - 기타,승용,남,59세,상해없음,자전거,남,52세,중상
2020081800100344,2020년 8월 18일 14시,화요일,전라북도 전주시 덕진구 호성동1가,경상사고,0,0,2,0,차대차 - 추돌,안전운전불이행,건조,맑음,교차로 - 교차로부근,승용,남,70세,상해없음,승용,여,39세,경상
2020081800100345,2020년 8월 18일 14시,화요일,전라북도 정읍시 수성동,중상사고,0,1,0,0,차대차 - 측면충돌,안전운전불이행,건조,맑음,교차로 - 교차로안,승용,남,47세,상해없음,자전거,여,59세,중상
2020081800100381,2020년 8월 18일 15시,화요일,전라북도 전주시 덕진구 송천동1가,경상사고,0,0,1,0,차대차 - 측면충돌,신호위반,건조,맑음,교차로 - 교차로안,승용,남,67세,상해없음,승용,여,39세,경상