사고번호,사고일시,요일,시군구,사고내용,사망자수,중상자수,경상자수,부상신고자수,사고유형,법규위반,노면상태,기상상태,도로형태,가해운전자 차종,가해운전자 성별,가해운전자 연령,가해운전자 상해정도,피해운전자 차종,피해운전자 성별,피해운전자 연령,피해운전자 상해정도
2020081800100422,2020년 8월 18일 16시,화요일,전라북도 전주시 완산구 다가동4가,경상사고,0,0,1,0,차대차 - 기타,안전운전불이행,건조,맑음,단일로 - 기타,화물,남,40세,상해없음,승용,남,30세,경상
2020081800100526,2020년 8월 18일 18시,화요일,전라북도 익산시 동산동,경상사고,0,0,7,0,차대차 - 추돌,안전거리미확보,건조,맑음,단일로 - 기타,화물,남,52세,상해없음,승합,남,73세,경상
2020081800100528,2020년 8월 18일 18시,화요일,전라북도 부안군 행안면,중상사고,0,1,1,0,차대차 - 추돌,안전운전불이행,건조,맑음,단일로 - 기타,이륜,남,75세,경상,화물,남,48세,기타불명
2020081800100573,2020년 8월 18일 19시,화요일,전라북도 군산시 수송동,경상사고,0,0,1,0,차대차 - 측면충돌,안전운전불이행,건조,맑음,단일로 - 기타,화물,남,53세,상해없음,이륜,남,41세,경상
2020081800100603,2020년 8월 18일 20시,화요일,전라북도 정읍시 산외면,중상사고,0,2,0,0,차대사람 - 차도통행중,안전운전불이행,건조,맑음,단일로 - 기타,이륜,여,54세,중상,보행자,여,59세,중상
2020081800100604,2020년 8월 18일 20시,화요일,전라북도 남원시 도통동,중상사고,0,1,0,0,차대사람 - 횡단중,보행자보호의무위반,건조,맑음,교차로 - 교차로안,승용,남,27세,상해없음,보행자,여,58세,중상
2020081800100638,2020년 8월 18일 21시,화요일,전라북도 남원시 죽항동,경상사고,0,0,1,0,차대차 - 측면충돌,신호위반,건조,맑음,교차로 - 교차로안,승용,남,54세,상해없음,승용,여,56세,경상
2020081800100664,2020년 8월 18일 22시,화요일,전라북도 전주시 완산구 중화산동2가,경상사고,0,0,2,0,차대차 - 측면충돌,신호위반,건조,맑음,교차로 - 교차로안,승용,여,36세,상해없음,승용,남,43세,경상
2020081900100072,2020년 8월 19일 07시,수요일,전라북도 전주시 완산구 중노송동,경상사고,0,0,1,0,차대차 - 측면충돌,신호위반,건조,맑음,교차로 - 교차로부근,승용,여,64세,상해없음,승용,남,59세,경상
2020081900100073,2020년 8월 19일 07시,수요일,전라북도 정읍시 북면,중상사고,0,1,0,0,차대차 - 정면충돌,안전운전불이행,건조,맑음,단일로 - 기타,화물,남,64세,상해없음,자전거,여,69세,중상
2020081900100074,2020년 8월 19일 07시,수요일,전라북도 부안군 부안읍,경상사고,0,0,1,0,차대차 - 정면충돌,안전운전불이행,건조,맑음,교차로 - 교차로안,승용,남,25세,상해없음,승용,남,60세,경상
2020081900100075,2020년 8월 19일 07시,수요일,전라북도 임실군 강진면,경상사고,0,0,3,0,차대차 - 측면충돌,교차로운행방법위반,건조,맑음,교차로 - 교차로안,화물,남,44세,경상,승용,여,49세,경상
2020081900100098,2020년 8월 19일 08시,수요일,전라북도 익산시 웅포면,중상사고,0,1,0,0,차대차 - 측면충돌,안전운전불이행,건조,맑음,교차로 - 교차로부근,이륜,남,89세,중상,승용,남,78세,상해없음
2020081900100169,2020년 8월 19일 10시,수요일,전라북도 익산시 남중동,경상사고,0,0,2,0,차대차 - 측면충돌,안전운전불이행,건조,맑음,단일로 - 기타,승용,남,51세,상해없음,화물,남,54세,경상
2020081900100170,2020년 8월 19일 10시,수요일,전라북도 진안군 동향면,사망사고,1,0,0,0,차량단독 - 도로외이탈 - 기타,안전운전불이행,건조,맑음,단일로 - 기타,사륜오토바이(ATV),남,79세,사망,,,,
2020081900100205,2020년 8월 19일 11시,수요일,전라북도 전주시덕진구 동산동,중상사고,0,1,0,0,차대차 - 측면충돌,기타,건조,맑음,단일로 - 기타,승용,남,51세,상해없음,자전거,남,11세,중상
2020081900100242,2020년 8월 19일 12시,수요일,전라북도 전주시 덕진구 인후동1가,경상사고,0,0,3,0,차대차 - 후진중충돌,불법유턴,건조,맑음,단일로 - 기타,승용,여,49세,기타불명,승용,남,38세,경상
2020081900100243,2020년 8월 19일 12시,수요일,전라북도 익산시 낭산면,중상사고,0,3,1,0,차대차 - 측면충돌,신호위반,건조,맑음,교차로 - 교차로안,승용,남,47세,중상,건설기계,남,51세,경상
2020081900100244,2020년 8월 19일 12시,수요일,전라북도 익산시 팔봉동,경상사고,0,0,1,0,차대차 - 측면충돌,안전운전불이행,건조,맑음,단일로 - 기타,승용,여,49세,상해없음,승용,남,61세,경상
2020081900100245,2020년 8월 19일 12시,수요일,전라북도 전주시 덕진구 용정동,사망사고,1,2,4,0,차대차 - 추돌,안전운전불이행,건조,맑음,기타 - 기타,화물,남,50세,사망,화물,남,47세,중상
2020081900100293,2020년 8월 19일 13시,수요일,전라북도 군산시 경암동,부상신고사고,0,0,0,1,차대차 - 기타,안전운전불이행,건조,맑음,교차로 - 교차로안,자전거,남,76세,부상신고,화물,남,53세,상해없음
2020081900100294,2020년 8월 19일 13시,수요일,전라북도 군산시 임피면,경상사고,0,0,1,0,차대차 - 기타,교차로운행방법위반,건조,맑음,교차로 - 교차로안,승용,남,54세,상해없음,승용,여,63세,경상
2020081900100326,2020년 8월 19일 14시,수요일,전라북도 군산시 미룡동,경상사고,0,0,1,0,차대차 - 추돌,안전거리미확보,건조,맑음,교차로 - 교차로안,승용,남,62세,상해없음,승용,남,59세,경상
2020081900100327,2020년 8월 19일 14시,수요일,전라북도 익산시 신동,경상사고,0,0,1,0,차대사람 - 기타,안전운전불이행,건조,맑음,교차로 - 교차로부근,승용,남,41세,상해없음,보행자,남,58세,경상
2020081900100495,2020년 8월 19일 18시,수요일,전라북도 정읍시 하북동,경상사고,0,0,4,0,차대차 - 추돌,안전운전불이행,건조,맑음,교차로 - 교차로부근,화물,남,43세,상해없음,화물,남,55세,경상
2020081900100496,2020년 8월 19일 18시,수요일,전라북도 부안군 부안읍,경상사고,0,0,1,0,차대차 - 추돌,안전운전불이행,건조,맑음,교차로 - 교차로부근,승용,여,23세,상해없음,승용,남,29세,경상
2020081900100542,2020년 8월 19일 19시,수요일,전라북도 전주시 덕진구 덕진동1가,경상사고,0,0,3,0,차대차 - 추돌,안전운전불이행,건조,맑음,교차로 - 교차로부근,승용,여,36세,상해없음,승용,남,22세,경상
2020081900100543,2020년 8월 19일 19시,수요일,전라북도 고창군 고창읍,중상사고,0,1,0,0,차대사람 - 차도통행중,안전운전불이행,건조,맑음,주차장 - 주차장,승용,여,37세,상해없음,보행자,여,77세,중상
2020081900100544,2020년 8월 19일 19시,수요일,전라북도 진안군 진안읍,사망사고,1,0,0,0,차대차 - 추돌,안전운전불이행,건조,맑음,단일로 - 기타,승용,남,38세,상해없음,농기계,남,67세,사망
2020081900100580,2020년 8월 19일 20시,수요일,전라북도 전주시 완산구 효자동3가,경상사고,0,0,1,0,차대차 - 기타,중앙선침범,건조,맑음,교차로 - 교차로부근,승용,남,39세,상해없음,이륜,남,19세,경상
2020081900100611,2020년 8월 19일 21시,수요일,전라북도 진안군 진안읍,사망사고,1,1,0,0,차대차 - 추돌,안전운전불이행,건조,맑음,단일로 - 기타,승용,남,54세,중상,농기계,남,75세,사망
2020082000100005,2020년 8월 20일 00시,목요일,전라북도 군산시 수송동,경상사고,0,0,4,0,차대차 - 기타,신호위반,건조,맑음,교차로 - 교차로안,승용,남,45세,상해없음,승용,남,52세,경상
2020082000100072,2020년 8월 20일 07시,목요일,전라북도 전주시 덕진구 인후동1가,중상사고,0,1,0,0,차대차 - 측면충돌,안전운전불이행,건조,맑음,단일로 - 기타,승용,여,64세,상해없음,승용,여,51세,중상
2020082000100073,2020년 8월 20일 07시,목요일,전라북도 군산시 옥산면,경상사고,0,0,2,0,차대차 - 추돌,안전거리미확보,건조,맑음,단일로 - 기타,승용,남,31세,경상,승용,남,31세,상해없음
2020082000100172,2020년 8월 20일 10시,목요일,전라북도 완주군 이서면,경상사고,0,0,2,0,차대차 - 측면충돌,안전거리미확보,건조,맑음,단일로 - 기타,건설기계,남,44세,상해없음,승용,남,46세,경상
2020082000100243,2020년 8월 20일 12시,목요일,전라북도 익산시 오산면,경상사고,0,0,1,0,차대차 - 추돌,안전운전불이행,건조,맑음,단일로 - 기타,승용,남,62세,상해없음,승용,여,57세,경상
2020082000100297,2020년 8월 20일 13시,목요일,전라북도 임실군 임실읍,경상사고,0,0,2,0,차대차 - 측면충돌,교차로운행방법위반,건조,맑음,교차로 - 교차로안,승용,남,52세,상해없음,승용,여,40세,경상
2020082000100298,2020년 8월 20일 13시,목요일,전라북도 순창군 순창읍,사망사고,1,1,0,0,차대차 - 정면충돌,안전운전불이행,건조,맑음,교차로 - 교차로안,승용,여,70세,중상,특수,남,37세,상해없음
2020082000100336,2020년 8월 20일 14시,목요일,전라북도 전주시 덕진구 인후동2가,중상사고,0,1,0,0,차대사람 - 횡단중,보행자보호의무위반,건조,맑음,교차로 - 교차로안,화물,남,47세,상해없음,보행자,남,79세,중상
2020082000100337,2020년 8월 20일 14시,목요일,전라북도 익산시 평화동,경상사고,0,0,1,0,차대사람 - 횡단중,신호위반,건조,맑음,교차로 - 교차로횡단보도내,화물,남,52세,상해없음,보행자,여,21세,경상
2020082000100372,2020년 8월 20일 15시,목요일,전라북도 고창군 무장면,경상사고,0,0,1,0,차대차 - 측면충돌,신호위반,건조,맑음,교차로 - 교차로안,건설기계,남,52세,상해없음,승용,여,62세,경상
2020082000100445,2020년 8월 20일 17시,목요일,전라북도 익산시 신동,경상사고,0,0,1,1,차대차 - 추돌,직진우회전진행방해,건조,맑음,교차로 - 교차로안,이륜,남,39세,부상신고,화물,남,60세,경상
2020082000100491,2020년 8월 20일 18시,목요일,전라북도 전주시 완산구 효자동1가,중상사고,0,1,0,0,차대사람 - 횡단중,신호위반,건조,맑음,단일로 - 기타,승용,남,58세,상해없음,보행자,남,51세,중상
2020082000100492,2020년 8월 20일 18시,목요일,전라북도 부안군 동진면,중상사고,0,1,3,0,차대차 - 정면충돌,중앙선침범,건조,맑음,단일로 - 기타,화물,남,55세,중상,승용,남,59세,경상
2020082100100046,2020년 8월 21일 05시,금요일,전라북도 군산시 미원동,중상사고,0,1,0,0,차대사람 - 보도통행중,보행자보호의무위반,건조,맑음,교차로 - 교차로횡단보도내,승용,남,57세,상해없음,보행자,여,78세,중상
2020082100100105,2020년 8월 21일 08시,금요일,전라북도 전주시 덕진구 도덕동,경상사고,0,0,1,0,차대차 - 측면충돌,안전거리미확보,건조,맑음,단일로 - 기타,화물,남,64세,상해없음,승용,남,44세,경상
2020082100100106,2020년 8월 21일 08시,금요일,전라북도 정읍시 수성동,중상사고,0,1,1,0,차대차 - 기타,기타,건조,맑음,교차로 - 교차로안,승용,남,57세,중상,승용,여,25세,경상
2020082100100194,2020년 8월 21일 11시,금요일,전라북도 전주시 덕진구 송천동1가,경상사고,0,0,2,0,차대차 - 측면충돌,신호위반,건조,맑음,교차로 - 교차로안,화물,남,50세,상해없음,승용,남,62세,경상
2020082100100227,2020년 8월 21일 12시,금요일,전라북도 전주시 덕진구 인후동1가,경상사고,0,0,1,0,차대사람 - 횡단중,보행자보호의무위반,건조,맑음,교차로 - 교차로안,승용,여,45세,상해없음,보행자,여,35세,경상
2020082100100256,2020년 8월 21일 13시,금요일,전라북도 완주군 이서면,경상사고,0,0,2,0,차대차 - 추돌,안전거리미확보,건조,맑음,단일로 - 기타,승합,남,49세,상해없음,승용,남,35세,경상
2020082100100327,2020년 8월 21일 15시,금요일,전라북도 전주시 완산구 효자동3가,경상사고,0,0,1,0,차대차 - 측면충돌,안전운전불이행,건조,맑음,교차로 - 교차로안,승용,여,27세,상해없음,승용,남,23세,경상
2020082100100328,2020년 8월 21일 15시,금요일,전라북도 완주군 화산면,중상사고,0,2,5,0,차대차 - 기타,중앙선침범,건조,맑음,단일로 - 기타,승용,남,59세,경상,화물,남,60세,경상
2020082100100438,2020년 8월 21일 18시,금요일,전라북도 전주시 덕진구 금암동,중상사고,0,1,0,0,차대차 - 측면충돌,중앙선침범,건조,맑음,단일로 - 기타,승용,남,65세,상해없음,원동기,남,58세,중상
2020082100100439,2020년 8월 21일 18시,금요일,전라북도 완주군 이서면,경상사고,0,0,1,0,차대차 - 측면충돌,안전운전불이행,건조,맑음,교차로 - 교차로안,승용,남,50세,상해없음,승용,남,49세,경상
2020082100100488,2020년 8월 21일 19시,금요일,전라북도 전주시 완산구 효자동3가,경상사고,0,0,1,0,차대사람 - 횡단중,보행자보호의무위반,건조,맑음,교차로 - 교차로횡단보도내,승용,남,63세,상해없음,보행자,여,52세,경상
2020082100100489,2020년 8월 21일 19시,금요일,전라북도 완주군 이서면,경상사고,0,0,1,0,차대차 - 측면충돌,안전운전불이행,건조,맑음,교차로 - 교차로부근,화물,남,63세,상해없음,승용,여,39세,경상
2020082100100532,2020년 8월 21일 20시,금요일,전라북도 군산시 서수면,경상사고,0,0,1,0,차대차 - 정면충돌,안전운전불이행,건조,맑음,단일로 - 지하차도(도로)내,이륜,남,68세,경상,건설기계,기타불명,미분류,기타불명
2020082100100564,2020년 8월 21일 21시,금요일,전라북도 전주시 완산구 삼천동1가,경상사고,0,0,1,0,차대차 - 측면충돌,신호위반,건조,맑음,교차로 - 교차로안,승용,남,47세,상해없음,승용,남,46세,경상
2020082100100566,2020년 8월 21일 21시,금요일,전라북도 군산시 나운동,경상사고,0,0,1,0,차대차 - 측면충돌,직진우회전진행방해,건조,맑음,교차로 - 교차로안,이륜,남,42세,상해없음,승용,여,51세,경상
2020082100100595,2020년 8월 21일 22시,금요일,전라북도 남원시 천거동,경상사고,0,0,3,0,차대차 - 추돌,안전운전불이행,건조,맑음,교차로 - 교차로부근,화물,남,40세,상해없음,승용,남,39세,경상
2020082100100596,2020년 8월 21일 22시,금요일,전라북도 고창군 대산면,경상사고,0,0,2,0,차대차 - 측면충돌,중앙선침범,건조,맑음,단일로 - 기타,승용,남,59세,상해없음,승용,남,58세,경상
2020082100100615,2020년 8월 21일 23시,금요일,전라북도 전주시 덕진구 송천동2가,경상사고,0,0,1,0,차대차 - 측면충돌,차로위반,건조,맑음,단일로 - 기타,승용,남,36세,상해없음,승용,남,38세,경상
2020082200100094,2020년 8월 22일 07시,토요일,전라북도 군산시 대명동,경상사고,0,0,1,0,차대사람 - 기타,안전운전불이행,건조,맑음,기타 - 기타,승용,남,58세,상해없음,보행자,여,65세,경상
2020082200100142,2020년 8월 22일 09시,토요일,전라북도 정읍시 수성동,중상사고,0,1,0,0,차대차 - 측면충돌,안전운전불이행,건조,맑음,단일로 - 기타,승용,남,56세,상해없음,이륜,남,62세,중상
2020082200100231,2020년 8월 22일 12시,토요일,전라북도 정읍시 수성동,중상사고,0,2,0,0,차대차 - 측면충돌,중앙선침범,건조,맑음,단일로 - 기타,화물,남,44세,상해없음,이륜,남,76세,중상
2020082200100301,2020년 8월 22일 14시,토요일,전라북도 군산시 경장동,경상사고,0,0,1,0,차대차 - 측면충돌,안전운전불이행,건조,맑음,교차로 - 교차로부근,승용,여,55세,상해없음,화물,남,52세,상해없음
2020082200100358,2020년 8월 22일 15시,토요일,전라북도 남원시 월락동,중상사고,0,1,0,0,차대차 - 기타,안전거리미확보,건조,맑음,단일로 - 기타,승용,여,58세,상해없음,이륜,남,23세,중상
2020082200100394,2020년 8월 22일 16시,토요일,전라북도 익산시 영등동,경상사고,0,0,1,0,차대차 - 측면충돌,직진우회전진행방해,건조,맑음,교차로 - 교차로안,이륜,남,17세,상해없음,화물,남,46세,경상
2020082200100433,2020년 8월 22일 17시,토요일,전라북도 익산시 인화동2가,경상사고,0,0,2,0,차대차 - 측면충돌,직진우회전진행방해,건조,맑음,교차로 - 교차로안,화물,남,62세,상해없음,승용,남,42세,경상
2020082200100474,2020년 8월 22일 18시,토요일,전라북도 군산시 대명동,경상사고,0,0,1,0,차대차 - 측면충돌,안전운전불이행,건조,맑음,교차로 - 교차로안,이륜,남,77세,경상,승용,남,51세,상해없음
2020082200100514,2020년 8월 22일 19시,토요일,전라북도 익산시 신동,경상사고,0,0,4,0,차대차 - 측면충돌,차로위반,건조,맑음,단일로 - 기타,승용,남,57세,상해없음,승용,남,48세,경상
2020082200100515,2020년 8월 22일 19시,토요일,전라북도 정읍시 상동,경상사고,0,0,2,0,차대차 - 추돌,안전운전불이행,건조,흐림,교차로 - 교차로부근,화물,남,54세,상해없음,승용,여,49세,경상
2020082200100549,2020년 8월 22일 20시,토요일,전라북도 군산시 미장동,중상사고,0,1,1,0,차대차 - 측면충돌,신호위반,건조,흐림,교차로 - 교차로안,원동기,남,46세,중상,승용,여,26세,경상
2020082200100551,2020년 8월 22일 20시,토요일,전라북도 익산시 왕궁면,경상사고,0,0,1,0,차대차 - 측면충돌,기타,건조,맑음,단일로 - 기타,승용,남,57세,상해없음,승용,남,33세,경상
2020082200100624,2020년 8월 22일 23시,토요일,전라북도 전주시 완산구 서완산동1가,경상사고,0,0,1,0,차대차 - 추돌,안전운전불이행,건조,흐림,교차로 - 교차로부근,승용,남,35세,상해없음,승용,여,51세,경상
2020082200100625,2020년 8월 22일 23시,토요일,전라북도 전주시 덕진구 금암동,경상사고,0,0,2,0,차대차 - 측면충돌,신호위반,건조,맑음,교차로 - 교차로안,승합,남,26세,상해없음,승용,남,63세,경상
2020082300100010,2020년 8월 23일 00시,일요일,전라북도 김제시 검산동,경상사고,0,0,1,0,차대차 - 추돌,안전운전불이행,건조,맑음,단일로 - 기타,승용,남,62세,상해없음,승용,남,42세,경상
2020082300100072,2020년 8월 23일 06시,일요일,전라북도 정읍시 수성동,경상사고,0,0,1,0,차대차 - 측면충돌,안전운전불이행,건조,맑음,교차로 - 교차로부근,화물,남,62세,상해없음,자전거,여,60세,경상
2020082300100073,2020년 8월 23일 06시,일요일,전라북도 임실군 신평면,중상사고,0,2,1,0,차대차 - 측면충돌,불법유턴,건조,맑음,교차로 - 교차로부근,화물,남,76세,상해없음,승용,남,60세,중상
2020082300100081,2020년 8월 23일 07시,일요일,전라북도 전주시 덕진구 반월동,경상사고,0,0,1,0,차대차 - 추돌,안전운전불이행,건조,맑음,교차로 - 교차로부근,승용,남,31세,상해없음,승용,남,61세,경상
2020082300100103,2020년 8월 23일 09시,일요일,전라북도 정읍시 시기동,경상사고,0,0,1,0,차대차 - 측면충돌,신호위반,건조,맑음,교차로 - 교차로안,승용,남,41세,경상,승용,남,71세,상해없음
2020082300100104,2020년 8월 23일 09시,일요일,전라북도 남원시 송동면,사망사고,1,0,0,0,차대차 - 측면충돌,신호위반,건조,맑음,교차로 - 교차로안,화물,남,54세,상해없음,이륜,남,70세,사망
2020082300100116,2020년 8월 23일 10시,일요일,전라북도 전주시 덕진구 동산동,경상사고,0,0,1,0,차대차 - 측면충돌,안전운전불이행,건조,맑음,교차로 - 교차로안,승용,남,29세,상해없음,승용,남,23세,경상
2020082300100157,2020년 8월 23일 12시,일요일,전라북도 고창군 고창읍,중상사고,0,2,1,0,차대차 - 정면충돌,중앙선침범,건조,맑음,교차로 - 교차로횡단보도내,승용,남,54세,상해없음,승용,남,56세,중상
2020082300100215,2020년 8월 23일 14시,일요일,전라북도 김제시 공덕면,경상사고,0,0,3,0,차대차 - 추돌,안전운전불이행,건조,맑음,단일로 - 고가도로위,승용,남,56세,상해없음,승용,남,29세,경상
2020082300100216,2020년 8월 23일 14시,일요일,전라북도 무주군 무주읍,경상사고,0,0,1,0,차대차 - 측면충돌,안전운전불이행,건조,맑음,단일로 - 지하차도(도로)내,승용,남,27세,상해없음,승용,여,39세,경상
2020082300100337,2020년 8월 23일 18시,일요일,전라북도 군산시 오식도동,경상사고,0,0,3,0,차대차 - 기타,신호위반,건조,맑음,교차로 - 교차로안,승용,남,60세,경상,승용,남,47세,경상
2020082300100338,2020년 8월 23일 18시,일요일,전라북도 김제시 요촌동,중상사고,0,1,0,0,차대차 - 측면충돌,안전거리미확보,건조,맑음,교차로 - 교차로부근,승용,남,45세,상해없음,이륜,남,18세,중상
2020082300100428,2020년 8월 23일 21시,일요일,전라북도 군산시 장미동,경상사고,0,0,3,0,차대차 - 기타,교차로운행방법위반,건조,맑음,교차로 - 교차로안,승용,여,29세,상해없음,승용,여,43세,경상
2020082400100009,2020년 8월 24일 00시,월요일,전라북도 전주시 덕진구 호성동1가,경상사고,0,0,2,0,차대차 - 측면충돌,안전거리미확보,건조,맑음,단일로 - 기타,승용,남,67세,상해없음,승용,남,25세,경상
2020082400100105,2020년 8월 24일 08시,월요일,전라북도 군산시 수송동,중상사고,0,1,0,0,차대차 - 측면충돌,안전운전불이행,건조,맑음,교차로 - 교차로횡단보도내,승합,남,52세,상해없음,자전거,남,79세,중상
2020082400100106,2020년 8월 24일 08시,월요일,전라북도 익산시 어양동,중상사고,0,1,0,0,차대차 - 측면충돌,안전운전불이행,건조,맑음,교차로 - 교차로횡단보도내,승용,여,55세,상해없음,자전거,남,77세,중상
2020082400100147,2020년 8월 24일 09시,월요일,전라북도 익산시 모현동1가,중상사고,0,1,0,0,차대차 - 측면충돌,신호위반,건조,맑음,교차로 - 교차로횡단보도내,이륜,남,80세,상해없음,자전거,여,61세,중상
2020082400100148,2020년 8월 24일 09시,월요일,전라북도 완주군 봉동읍,경상사고,0,0,1,0,차대차 - 측면충돌,안전운전불이행,건조,맑음,교차로 - 교차로부근,승용,여,38세,상해없음,승용,남,22세,경상
2020082400100184,2020년 8월 24일 10시,월요일,전라북도 익산시 인화동1가,중상사고,0,1,0,0,차대차 - 측면충돌,안전운전불이행,건조,맑음,교차로 - 교차로횡단보도내,화물,남,53세,상해없음,이륜,여,76세,중상
2020082400100185,2020년 8월 24일 10시,월요일,전라북도 남원시 금동,경상사고,0,0,1,0,차대차 - 추돌,안전운전불이행,건조,맑음,단일로 - 기타,이륜,여,80세,경상,자전거,남,82세,상해없음
2020082400100218,2020년 8월 24일 11시,월요일,전라북도 김제시 죽산면,중상사고,0,2,2,0,차대차 - 추돌,안전운전불이행,건조,맑음,교차로 - 교차로부근,승합,남,70세,상해없음,승용,여,44세,중상
2020082400100364,2020년 8월 24일 15시,월요일,전라북도 군산시 경암동,경상사고,0,0,1,0,차대사람 - 횡단중,안전운전불이행,건조,맑음,교차로 - 교차로안,화물,남,51세,상해없음,보행자,남,68세,경상
2020082400100365,2020년 8월 24일 15시,월요일,전라북도 김제시 검산동,중상사고,0,1,0,0,차대사람 - 기타,안전운전불이행,건조,맑음,주차장 - 주차장,화물,남,54세,상해없음,보행자,여,79세,중상
2020082400100407,2020년 8월 24일 16시,월요일,전라북도 전주시 완산구 중화산동2가,경상사고,0,0,1,0,차대사람 - 횡단중,안전운전불이행,건조,맑음,교차로 - 교차로안,승용,남,44세,상해없음,보행자,여,10세,경상
2020082400100408,2020년 8월 24일 16시,월요일,전라북도 김제시 요촌동,중상사고,0,1,0,0,차대차 - 측면충돌,안전운전불이행,건조,맑음,교차로 - 교차로부근,승용,남,52세,상해없음,자전거,남,73세,중상
2020082400100409,2020년 8월 24일 16시,월요일,전라북도 남원시 도통동,경상사고,0,0,1,0,차대차 - 측면충돌,교차로운행방법위반,건조,맑음,교차로 - 교차로안,승용,여,63세,상해없음,이륜,여,73세,경상
2020082400100454,2020년 8월 24일 17시,월요일,전라북도 무주군 설천면,경상사고,0,0,1,0,차대차 - 측면충돌,안전운전불이행,건조,맑음,교차로 - 교차로안,승용,여,64세,상해없음,자전거,여,50세,경상
2020082400100501,2020년 8월 24일 18시,월요일,전라북도 군산시 수송동,경상사고,0,0,1,0,차대차 - 측면충돌,안전운전불이행,건조,맑음,단일로 - 기타,승용,남,48세,상해없음,자전거,남,44세,경상
2020082400100546,2020년 8월 24일 19시,월요일,전라북도 군산시 지곡동,경상사고,0,0,4,0,차대차 - 측면충돌,신호위반,건조,맑음,교차로 - 교차로안,승용,남,38세,상해없음,승용,남,27세,경상
2020082400100547,2020년 8월 24일 19시,월요일,전라북도 남원시 인월면,중상사고,0,1,0,0,차량단독 - 공작물충돌,안전운전불이행,건조,맑음,교차로 - 교차로안,이륜,남,59세,중상,,,,
2020082400100587,2020년 8월 24일 20시,월요일,전라북도 익산시 삼기면,중상사고,0,1,0,0,차대차 - 측면충돌,안전운전불이행,건조,맑음,단일로 - 기타,승용,남,38세,상해없음,자전거,남,75세,중상
2020082400100613,2020년 8월 24일 21시,월요일,전라북도 익산시 어양동,중상사고,0,1,0,0,차대차 - 측면충돌,직진우회전진행방해,건조,맑음,교차로 - 교차로안,승용,남,27세,상해없음,이륜,남,49세,중상
2020082400100636,2020년 8월 24일 22시,월요일,전라북도 정읍시 상동,중상사고,0,1,3,0,차대차 - 측면충돌,직진우회전진행방해,건조,맑음,교차로 - 교차로안,화물,남,19세,경상,승용,남,63세,중상
2020082500100078,2020년 8월 25일 07시,화요일,전라북도 익산시 금강동,경상사고,0,0,1,0,차대차 - 측면충돌,직진우회전진행방해,건조,맑음,교차로 - 교차로안,승용,여,64세,상해없음,화물,남,50세,경상
2020082500100079,2020년 8월 25일 07시,화요일,전라북도 익산시 오산면,중상사고,0,1,0,0,차대차 - 측면충돌,직진우회전진행방해,건조,맑음,교차로 - 교차로안,승용,여,62세,상해없음,승용,남,67세,중상
2020082500100151,2020년 8월 25일 09시,화요일,전라북도 익산시 삼기면,경상사고,0,0,2,0,차대차 - 측면충돌,교차로운행방법위반,건조,맑음,교차로 - 교차로안,화물,남,60세,상해없음,승용,남,52세,경상
2020082500100181,2020년 8월 25일 10시,화요일,전라북도 전주시 완산구 서신동,중상사고,0,1,0,0,차대사람 - 횡단중,안전운전불이행,건조,맑음,교차로 - 교차로부근,승용,남,70세,상해없음,보행자,남,63세,중상
2020082500100182,2020년 8월 25일 10시,화요일,전라북도 전주시 완산구 삼천동1가,중상사고,0,1,0,0,차대사람 - 횡단중,신호위반,건조,맑음,교차로 - 교차로횡단보도내,승용,남,59세,상해없음,보행자,여,73세,중상
2020082500100183,2020년 8월 25일 10시,화요일,전라북도 정읍시 연지동,경상사고,0,0,1,0,차대차 - 기타,안전운전불이행,건조,맑음,교차로 - 교차로부근,승용,여,65세,상해없음,이륜,여,70세,경상
2020082500100223,2020년 8월 25일 11시,화요일,전라북도 군산시 대야면,경상사고,0,0,1,0,차대차 - 측면충돌,안전거리미확보,건조,맑음,단일로 - 기타,승용,남,79세,상해없음,승용,남,41세,경상
2020082500100264,2020년 8월 25일 12시,화요일,전라북도 군산시 소룡동,중상사고,0,1,2,0,차대차 - 측면충돌,안전거리미확보,건조,맑음,단일로 - 지하차도(도로)내,화물,남,62세,상해없음,승용,여,69세,중상
2020082500100265,2020년 8월 25일 12시,화요일,전라북도 익산시 춘포면,경상사고,0,0,3,0,차대차 - 추돌,안전운전불이행,건조,맑음,교차로 - 교차로안,승용,여,39세,상해없음,승용,남,46세,상해없음
2020082500100300,2020년 8월 25일 13시,화요일,전라북도 전주시 완산구 삼천동1가,중상사고,0,1,0,0,차대차 - 측면충돌,안전운전불이행,건조,맑음,교차로 - 교차로안,승용,여,25세,상해없음,승용,여,59세,중상
2020082500100301,2020년 8월 25일 13시,화요일,전라북도 익산시 성당면,경상사고,0,0,1,0,차대차 - 측면충돌,기타,건조,맑음,교차로 - 교차로안,승용,여,49세,상해없음,화물,남,55세,경상
2020082500100331,2020년 8월 25일 14시,화요일,전라북도 익산시 팔봉동,경상사고,0,0,1,0,차대차 - 측면충돌,직진우회전진행방해,건조,맑음,교차로 - 교차로안,승용,남,19세,상해없음,승용,여,32세,경상
2020082500100497,2020년 8월 25일 18시,화요일,전라북도 군산시 신영동,경상사고,0,0,1,0,차대차 - 측면충돌,직진우회전진행방해,건조,맑음,교차로 - 교차로안,화물,남,62세,상해없음,승용,남,62세,경상
2020082500100567,2020년 8월 25일 20시,화요일,전라북도 익산시 부송동,경상사고,0,0,3,0,차대차 - 측면충돌,안전거리미확보,건조,맑음,단일로 - 기타,승용,여,54세,상해없음,승용,남,41세,경상