사고번호,사고일시,요일,시군구,사고내용,사망자수,중상자수,경상자수,부상신고자수,사고유형,법규위반,노면상태,기상상태,도로형태,가해운전자 차종,가해운전자 성별,가해운전자 연령,가해운전자 상해정도,피해운전자 차종,피해운전자 성별,피해운전자 연령,피해운전자 상해정도
2020083100100560,2020년 8월 31일 22시,월요일,전라북도 전주시 덕진구 송천동1가,경상사고,0,0,2,0,차대차 - 측면충돌,안전운전불이행,건조,맑음,교차로 - 교차로부근,승용,남,52세,상해없음,승용,남,27세,경상
2020090100100024,2020년 9월 1일 04시,화요일,전라북도 전주시 덕진구 인후동1가,경상사고,0,0,1,0,차대차 - 측면충돌,신호위반,건조,맑음,교차로 - 교차로안,승용,여,41세,상해없음,승용,여,51세,경상
2020090100100063,2020년 9월 1일 07시,화요일,전라북도 전주시 완산구 효자동2가,중상사고,0,1,0,0,차대사람 - 기타,안전운전불이행,건조,맑음,단일로 - 기타,승용,남,58세,상해없음,보행자,여,71세,중상
2020090100100094,2020년 9월 1일 08시,화요일,전라북도 전주시 덕진구 금암동,경상사고,0,0,4,0,차대차 - 측면충돌,안전운전불이행,건조,맑음,교차로 - 교차로부근,승용,여,38세,기타불명,승용,여,45세,경상
2020090100100095,2020년 9월 1일 08시,화요일,전라북도 익산시 오산면,경상사고,0,0,1,0,차대차 - 측면충돌,안전운전불이행,건조,맑음,단일로 - 기타,승용,여,28세,경상,승용,남,64세,상해없음
2020090100100096,2020년 9월 1일 08시,화요일,전라북도 부안군 부안읍,사망사고,1,0,0,0,차대사람 - 횡단중,보행자보호의무위반,건조,맑음,교차로 - 교차로부근,승용,남,67세,상해없음,보행자,여,80세,사망
2020090100100121,2020년 9월 1일 09시,화요일,전라북도 군산시 신풍동,경상사고,0,0,1,0,차대차 - 측면충돌,신호위반,건조,맑음,교차로 - 교차로안,화물,남,71세,상해없음,승용,남,27세,경상
2020090100100146,2020년 9월 1일 10시,화요일,전라북도 익산시 춘포면,경상사고,0,0,5,0,차대차 - 측면충돌,신호위반,건조,맑음,교차로 - 교차로안,승용,여,61세,경상,화물,여,29세,경상
2020090100100196,2020년 9월 1일 12시,화요일,전라북도 군산시 서흥남동,중상사고,0,1,0,0,차대차 - 측면충돌,안전운전불이행,건조,맑음,교차로 - 교차로안,승용,남,43세,상해없음,이륜,여,47세,중상
2020090100100223,2020년 9월 1일 13시,화요일,전라북도 군산시 구암동,경상사고,0,0,2,0,차대차 - 기타,안전운전불이행,건조,맑음,기타 - 기타,승용,남,26세,상해없음,화물,남,39세,경상
2020090100100224,2020년 9월 1일 13시,화요일,전라북도 부안군 동진면,중상사고,0,2,0,0,차대차 - 측면충돌,신호위반,건조,맑음,교차로 - 교차로안,승용,남,66세,중상,승용,남,51세,중상
2020090100100261,2020년 9월 1일 14시,화요일,전라북도 군산시 비응도동,사망사고,1,3,0,0,차대차 - 측면충돌,과속,건조,맑음,교차로 - 교차로안,승용,남,67세,중상,승용,여,54세,사망
2020090100100262,2020년 9월 1일 14시,화요일,전라북도 김제시 용지면,중상사고,0,3,5,0,차대차 - 측면충돌,안전운전불이행,건조,맑음,교차로 - 교차로안,건설기계,남,41세,상해없음,승합,남,56세,중상
2020090100100373,2020년 9월 1일 17시,화요일,전라북도 전주시 완산구 서신동,중상사고,0,1,0,0,차대차 - 기타,교차로운행방법위반,건조,맑음,교차로 - 교차로안,승용,남,61세,상해없음,승합,남,52세,상해없음
2020090100100374,2020년 9월 1일 17시,화요일,전라북도 전주시 덕진구 반월동,경상사고,0,0,1,0,차대차 - 추돌,안전운전불이행,건조,맑음,교차로 - 교차로부근,승용,남,49세,상해없음,승용,여,39세,경상
2020090100100375,2020년 9월 1일 17시,화요일,전라북도 익산시 함열읍,경상사고,0,0,1,0,차대차 - 측면충돌,신호위반,건조,흐림,교차로 - 교차로안,승용,남,68세,상해없음,승용,여,59세,경상
2020090100100376,2020년 9월 1일 17시,화요일,전라북도 정읍시 산내면,사망사고,1,0,1,0,차대차 - 정면충돌,중앙선침범,건조,맑음,단일로 - 교량,승용,여,35세,경상,이륜,남,64세,사망
2020090100100415,2020년 9월 1일 18시,화요일,전라북도 전주시 덕진구 인후동1가,사망사고,1,0,1,0,차대차 - 측면충돌,중앙선침범,건조,맑음,교차로 - 교차로안,화물,남,47세,사망,승용,여,24세,경상
2020090100100416,2020년 9월 1일 18시,화요일,전라북도 군산시 대야면,경상사고,0,0,1,0,차대차 - 기타,안전운전불이행,건조,맑음,단일로 - 기타,승용,남,49세,상해없음,승용,남,28세,경상
2020090100100417,2020년 9월 1일 18시,화요일,전라북도 남원시 사매면,경상사고,0,0,1,0,차량단독 - 전도전복 - 전도,안전운전불이행,건조,맑음,단일로 - 기타,사륜오토바이(ATV),여,77세,경상,,,,
2020090100100446,2020년 9월 1일 19시,화요일,전라북도 진안군 마령면,중상사고,0,1,0,0,차량단독 - 도로외이탈 - 기타,안전운전불이행,건조,맑음,단일로 - 기타,이륜,남,83세,중상,,,,
2020090100100484,2020년 9월 1일 20시,화요일,전라북도 전주시 완산구 효자동2가,경상사고,0,0,2,0,차대차 - 측면충돌,중앙선침범,건조,맑음,단일로 - 기타,승용,여,44세,상해없음,승용,남,80세,경상
2020090100100485,2020년 9월 1일 20시,화요일,전라북도 전주시 완산구 삼천동1가,경상사고,0,0,2,0,차대차 - 측면충돌,교차로운행방법위반,건조,맑음,교차로 - 교차로안,승용,남,31세,상해없음,승용,남,69세,경상
2020090100100486,2020년 9월 1일 20시,화요일,전라북도 익산시 어양동,경상사고,0,0,1,0,차대차 - 측면충돌,신호위반,건조,맑음,교차로 - 교차로안,승용,남,55세,상해없음,승용,남,38세,경상
2020090100100512,2020년 9월 1일 21시,화요일,전라북도 전주시 완산구 효자동3가,경상사고,0,0,1,0,차대차 - 추돌,안전거리미확보,건조,맑음,단일로 - 기타,승용,남,50세,상해없음,승용,남,50세,경상
2020090100100513,2020년 9월 1일 21시,화요일,전라북도 전주시 완산구 중화산동1가,중상사고,0,1,0,0,차대차 - 측면충돌,중앙선침범,건조,맑음,단일로 - 기타,화물,남,68세,상해없음,승용,남,22세,중상
2020090100100533,2020년 9월 1일 22시,화요일,전라북도 전주시 덕진구 우아동1가,경상사고,0,0,1,0,차대사람 - 횡단중,안전운전불이행,건조,맑음,교차로 - 교차로부근,승용,여,24세,상해없음,보행자,여,62세,경상
2020090200100030,2020년 9월 2일 04시,수요일,전라북도 전주시 덕진구 여의동,중상사고,0,1,0,0,차대사람 - 횡단중,신호위반,젖음/습기,비,교차로 - 교차로안,승용,여,57세,상해없음,보행자,남,77세,중상
2020090200100089,2020년 9월 2일 08시,수요일,전라북도 익산시 남중동,중상사고,0,1,0,0,차대사람 - 기타,신호위반,젖음/습기,비,단일로 - 기타,승용,여,59세,상해없음,보행자,남,27세,중상
2020090200100090,2020년 9월 2일 08시,수요일,전라북도 완주군 삼례읍,중상사고,0,1,0,0,차대차 - 기타,안전거리미확보,젖음/습기,비,단일로 - 기타,승용,남,21세,상해없음,이륜,남,65세,중상
2020090200100139,2020년 9월 2일 10시,수요일,전라북도 부안군 진서면,중상사고,0,1,1,0,차대차 - 추돌,과속,젖음/습기,맑음,단일로 - 기타,화물,남,62세,상해없음,특수,남,36세,경상
2020090200100177,2020년 9월 2일 12시,수요일,전라북도 남원시 금동,경상사고,0,0,1,0,차대사람 - 기타,안전운전불이행,건조,맑음,단일로 - 기타,화물,여,67세,상해없음,보행자,여,75세,경상
2020090200100199,2020년 9월 2일 13시,수요일,전라북도 정읍시 수성동,중상사고,0,1,1,0,차대차 - 측면충돌,안전운전불이행,건조,맑음,교차로 - 교차로안,승용,여,48세,경상,승용,남,28세,중상
2020090200100226,2020년 9월 2일 14시,수요일,전라북도 순창군 순창읍,부상신고사고,0,0,0,1,차대차 - 기타,안전거리미확보,건조,흐림,교차로 - 교차로부근,승용,여,55세,상해없음,이륜,남,46세,부상신고
2020090200100252,2020년 9월 2일 15시,수요일,전라북도 정읍시 신태인읍,부상신고사고,0,0,0,1,차량단독 - 기타,안전운전불이행,젖음/습기,비,단일로 - 기타,자전거,남,12세,부상신고,,,,
2020090200100253,2020년 9월 2일 15시,수요일,전라북도 정읍시 수성동,경상사고,0,0,2,0,차대차 - 측면충돌,직진우회전진행방해,건조,맑음,교차로 - 교차로안,화물,남,64세,경상,승용,남,68세,경상
2020090200100352,2020년 9월 2일 18시,수요일,전라북도 군산시 오식도동,중상사고,0,1,0,0,차대사람 - 길가장자리구역통행중,신호위반,젖음/습기,비,교차로 - 교차로횡단보도내,화물,남,60세,상해없음,보행자,남,56세,중상
2020090200100353,2020년 9월 2일 18시,수요일,전라북도 무주군 무주읍,중상사고,0,1,0,0,차대사람 - 보도통행중,기타,젖음/습기,비,단일로 - 지하차도(도로)내,승용,남,53세,상해없음,보행자,남,53세,중상
2020090200100395,2020년 9월 2일 19시,수요일,전라북도 군산시 내흥동,경상사고,0,0,1,0,차대차 - 측면충돌,직진우회전진행방해,젖음/습기,비,교차로 - 교차로안,승용,남,56세,상해없음,승용,남,71세,경상
2020090200100396,2020년 9월 2일 19시,수요일,전라북도 익산시 평화동,경상사고,0,0,1,0,차대차 - 측면충돌,안전운전불이행,젖음/습기,비,교차로 - 교차로횡단보도내,승용,남,43세,상해없음,이륜,남,20세,경상
2020090200100397,2020년 9월 2일 19시,수요일,전라북도 익산시 어양동,경상사고,0,0,2,0,차대차 - 측면충돌,안전거리미확보,젖음/습기,비,교차로 - 교차로안,승용,여,46세,상해없음,승용,남,20세,경상
2020090200100452,2020년 9월 2일 20시,수요일,전라북도 익산시 어양동,경상사고,0,0,1,0,차대사람 - 횡단중,보행자보호의무위반,젖음/습기,비,교차로 - 교차로횡단보도내,승용,남,67세,상해없음,보행자,남,24세,경상
2020090200100453,2020년 9월 2일 20시,수요일,전라북도 익산시 어양동,경상사고,0,0,1,0,차대사람 - 횡단중,안전운전불이행,젖음/습기,비,교차로 - 교차로안,승용,남,48세,상해없음,보행자,남,35세,경상
2020090200100517,2020년 9월 2일 22시,수요일,전라북도 전주시 완산구 중화산동2가,경상사고,0,0,1,0,차대차 - 기타,안전운전불이행,젖음/습기,비,교차로 - 교차로부근,기타불명,기타불명,미분류,기타불명,승용,남,27세,경상
2020090200100518,2020년 9월 2일 22시,수요일,전라북도 전주시 덕진구 덕진동2가,경상사고,0,0,3,0,차대차 - 추돌,안전운전불이행,젖음/습기,비,교차로 - 교차로부근,승용,여,48세,상해없음,승용,여,39세,경상
2020090200100519,2020년 9월 2일 22시,수요일,전라북도 전주시 덕진구 고랑동,경상사고,0,0,1,0,차대차 - 기타,안전운전불이행,젖음/습기,비,단일로 - 기타,화물,남,42세,상해없음,승용,남,40세,경상
2020090300100006,2020년 9월 3일 00시,목요일,전라북도 전주시 완산구 삼천동1가,경상사고,0,0,2,0,차대차 - 측면충돌,교차로운행방법위반,젖음/습기,맑음,교차로 - 교차로안,승용,여,52세,상해없음,승용,남,28세,경상
2020090300100040,2020년 9월 3일 03시,목요일,전라북도 완주군 봉동읍,경상사고,0,0,2,0,차대차 - 측면충돌,신호위반,젖음/습기,비,교차로 - 교차로안,화물,남,25세,경상,화물,남,42세,경상
2020090300100069,2020년 9월 3일 07시,목요일,전라북도 정읍시 시기동,중상사고,0,1,0,0,차대사람 - 횡단중,안전운전불이행,건조,흐림,교차로 - 교차로안,승용,남,70세,상해없음,보행자,여,69세,중상
2020090300100094,2020년 9월 3일 08시,목요일,전라북도 전주시 덕진구 송천동2가,경상사고,0,0,1,0,차대차 - 추돌,안전운전불이행,건조,맑음,단일로 - 기타,승용,남,65세,상해없음,승용,여,26세,경상
2020090300100148,2020년 9월 3일 10시,목요일,전라북도 전주시 덕진구 덕진동2가,경상사고,0,0,1,0,차대차 - 측면충돌,신호위반,건조,맑음,교차로 - 교차로안,이륜,남,39세,상해없음,승용,여,36세,경상
2020090300100149,2020년 9월 3일 10시,목요일,전라북도 부안군 행안면,중상사고,0,2,0,0,차대차 - 측면충돌,직진우회전진행방해,건조,맑음,교차로 - 교차로안,화물,남,55세,중상,승용,남,75세,중상
2020090300100167,2020년 9월 3일 11시,목요일,전라북도 김제시 백구면,경상사고,0,0,1,1,차대차 - 추돌,안전운전불이행,건조,맑음,단일로 - 지하차도(도로)내,화물,남,68세,상해없음,건설기계,남,56세,경상
2020090300100193,2020년 9월 3일 12시,목요일,전라북도 김제시 용지면,경상사고,0,0,1,0,차대차 - 측면충돌,중앙선침범,건조,맑음,교차로 - 교차로부근,승용,남,18세,상해없음,화물,남,58세,경상
2020090300100220,2020년 9월 3일 13시,목요일,전라북도 완주군 봉동읍,경상사고,0,0,1,0,차대차 - 기타,신호위반,건조,맑음,교차로 - 교차로안,승용,남,24세,상해없음,화물,남,53세,경상
2020090300100251,2020년 9월 3일 14시,목요일,전라북도 군산시 경암동,경상사고,0,0,1,0,차대차 - 기타,안전운전불이행,건조,맑음,교차로 - 교차로횡단보도내,승용,여,57세,상해없음,자전거,남,57세,경상
2020090300100252,2020년 9월 3일 14시,목요일,전라북도 부안군 백산면,경상사고,0,0,1,0,차대차 - 정면충돌,직진우회전진행방해,건조,맑음,교차로 - 교차로안,화물,남,36세,상해없음,화물,남,51세,경상
2020090300100286,2020년 9월 3일 15시,목요일,전라북도 군산시 수송동,경상사고,0,0,1,0,차대사람 - 기타,안전운전불이행,건조,맑음,교차로 - 교차로부근,승용,여,48세,상해없음,보행자,여,67세,경상
2020090300100314,2020년 9월 3일 16시,목요일,전라북도 익산시 모현동2가,경상사고,0,0,2,0,차대차 - 측면충돌,안전운전불이행,건조,맑음,단일로 - 기타,승용,여,51세,상해없음,승합,여,41세,경상
2020090300100381,2020년 9월 3일 18시,목요일,전라북도 익산시 신동,경상사고,0,0,1,0,차대차 - 추돌,안전운전불이행,건조,맑음,교차로 - 교차로부근,화물,남,58세,상해없음,승합,남,56세,경상
2020090300100453,2020년 9월 3일 20시,목요일,전라북도 군산시 미룡동,경상사고,0,0,1,0,차대차 - 기타,안전운전불이행,건조,맑음,교차로 - 교차로안,승용,여,26세,상해없음,원동기,남,19세,경상
2020090300100495,2020년 9월 3일 21시,목요일,전라북도 전주시 완산구 중화산동2가,경상사고,0,0,1,0,차대차 - 추돌,안전거리미확보,건조,맑음,교차로 - 교차로부근,승용,남,52세,상해없음,승용,남,28세,상해없음
2020090300100496,2020년 9월 3일 21시,목요일,전라북도 정읍시 수성동,경상사고,0,0,3,0,차대차 - 측면충돌,신호위반,건조,맑음,교차로 - 교차로안,승용,남,43세,상해없음,승용,남,48세,경상
2020090300100533,2020년 9월 3일 23시,목요일,전라북도 전주시 덕진구 인후동1가,경상사고,0,0,1,0,차대차 - 측면충돌,안전거리미확보,건조,맑음,단일로 - 기타,승용,남,60세,상해없음,이륜,남,43세,경상
2020090400100014,2020년 9월 4일 01시,금요일,전라북도 전주시 덕진구 인후동1가,경상사고,0,0,2,0,차대차 - 추돌,안전운전불이행,건조,맑음,단일로 - 기타,승용,남,29세,상해없음,승용,남,68세,경상
2020090400100022,2020년 9월 4일 02시,금요일,전라북도 전주시 완산구 효자동3가,경상사고,0,0,1,0,차대차 - 추돌,안전운전불이행,건조,맑음,단일로 - 기타,승용,남,25세,상해없음,이륜,남,29세,경상
2020090400100061,2020년 9월 4일 07시,금요일,전라북도 전주시 완산구 풍남동3가,경상사고,0,0,1,0,차대차 - 측면충돌,신호위반,건조,맑음,교차로 - 교차로횡단보도내,승용,여,27세,상해없음,자전거,여,69세,경상
2020090400100062,2020년 9월 4일 07시,금요일,전라북도 전주시 완산구 효자동3가,경상사고,0,0,2,0,차대차 - 추돌,안전운전불이행,건조,맑음,단일로 - 기타,승용,남,42세,상해없음,화물,남,32세,경상
2020090400100063,2020년 9월 4일 07시,금요일,전라북도 군산시 경암동,경상사고,0,0,1,0,차대차 - 기타,안전운전불이행,건조,맑음,단일로 - 기타,승용,남,46세,상해없음,승용,여,60세,경상
2020090400100091,2020년 9월 4일 08시,금요일,전라북도 전주시 완산구 효자동2가,경상사고,0,0,1,0,차대차 - 측면충돌,안전운전불이행,건조,맑음,교차로 - 교차로안,승용,여,58세,상해없음,승용,남,31세,경상
2020090400100092,2020년 9월 4일 08시,금요일,전라북도 정읍시 연지동,경상사고,0,0,2,0,차대차 - 측면충돌,차로위반,건조,맑음,단일로 - 교량,승용,여,51세,상해없음,승합,남,61세,경상
2020090400100124,2020년 9월 4일 09시,금요일,전라북도 군산시 수송동,중상사고,0,1,0,0,차대차 - 기타,안전운전불이행,건조,맑음,단일로 - 기타,승용,여,56세,상해없음,원동기,남,57세,중상
2020090400100158,2020년 9월 4일 10시,금요일,전라북도 전주시 완산구 효자동2가,경상사고,0,0,1,0,차대사람 - 횡단중,안전운전불이행,건조,맑음,교차로 - 교차로횡단보도내,화물,남,67세,상해없음,보행자,여,76세,경상
2020090400100159,2020년 9월 4일 10시,금요일,전라북도 김제시 흥사동,경상사고,0,0,1,0,차대차 - 측면충돌,안전거리미확보,건조,맑음,교차로 - 교차로안,승용,남,62세,상해없음,승용,여,54세,경상
2020090400100199,2020년 9월 4일 11시,금요일,전라북도 익산시 남중동,경상사고,0,0,2,0,차대차 - 측면충돌,안전운전불이행,건조,맑음,교차로 - 교차로부근,승용,남,50세,상해없음,이륜,남,71세,경상
2020090400100229,2020년 9월 4일 12시,금요일,전라북도 전주시 완산구 평화동1가,경상사고,0,0,1,0,차대차 - 측면충돌,안전운전불이행,건조,맑음,교차로 - 교차로부근,이륜,남,74세,경상,화물,남,59세,상해없음
2020090400100259,2020년 9월 4일 13시,금요일,전라북도 부안군 하서면,중상사고,0,1,0,0,차대차 - 추돌,안전운전불이행,건조,맑음,단일로 - 지하차도(도로)내,사륜오토바이(ATV),남,82세,중상,화물,남,66세,기타불명
2020090400100290,2020년 9월 4일 14시,금요일,전라북도 군산시 옥도면,중상사고,0,1,0,0,차대차 - 추돌,안전거리미확보,건조,맑음,교차로 - 교차로안,승용,남,73세,상해없음,승용,남,67세,상해없음
2020090400100364,2020년 9월 4일 16시,금요일,전라북도 군산시 경장동,경상사고,0,0,1,0,차대사람 - 기타,보행자보호의무위반,건조,맑음,교차로 - 교차로횡단보도내,화물,남,21세,상해없음,보행자,여,62세,경상
2020090400100416,2020년 9월 4일 17시,금요일,전라북도 익산시 은기동,경상사고,0,0,1,0,차대차 - 측면충돌,안전운전불이행,건조,맑음,단일로 - 기타,자전거,남,42세,상해없음,자전거,여,52세,경상
2020090400100417,2020년 9월 4일 17시,금요일,전라북도 익산시 영등동,경상사고,0,0,1,0,차대차 - 정면충돌,안전운전불이행,건조,맑음,단일로 - 기타,승용,여,26세,상해없음,승용,남,33세,경상
2020090400100418,2020년 9월 4일 17시,금요일,전라북도 남원시 노암동,경상사고,0,0,1,0,차대사람 - 횡단중,안전운전불이행,건조,맑음,단일로 - 기타,승용,남,53세,상해없음,보행자,여,54세,경상
2020090400100461,2020년 9월 4일 18시,금요일,전라북도 군산시 나운동,부상신고사고,0,0,0,1,차대사람 - 차도통행중,안전운전불이행,건조,맑음,단일로 - 기타,승용,여,53세,상해없음,보행자,남,22세,부상신고
2020090400100540,2020년 9월 4일 20시,금요일,전라북도 고창군 고창읍,경상사고,0,0,1,0,차대차 - 측면충돌,안전운전불이행,건조,맑음,단일로 - 기타,승용,남,33세,상해없음,승용,남,43세,경상
2020090400100579,2020년 9월 4일 21시,금요일,전라북도 전주시 덕진구 송천동2가,경상사고,0,0,1,0,차대사람 - 횡단중,안전운전불이행,건조,맑음,교차로 - 교차로안,이륜,남,30세,상해없음,보행자,여,51세,경상
2020090400100619,2020년 9월 4일 23시,금요일,전라북도 전주시 완산구 평화동2가,중상사고,0,1,0,0,차대차 - 기타,안전운전불이행,건조,맑음,교차로 - 교차로안,승용,남,53세,상해없음,자전거,남,29세,중상
2020090400100620,2020년 9월 4일 23시,금요일,전라북도 전주시 덕진구 인후동1가,중상사고,0,1,0,0,차대차 - 측면충돌,안전운전불이행,건조,맑음,교차로 - 교차로안,이륜,남,20세,상해없음,이륜,남,30세,중상
2020090400100621,2020년 9월 4일 23시,금요일,전라북도 군산시 서수면,경상사고,0,0,2,0,차대차 - 기타,신호위반,건조,맑음,교차로 - 교차로부근,승용,남,28세,경상,승용,남,62세,경상
2020090500100120,2020년 9월 5일 10시,토요일,전라북도 군산시 오식도동,경상사고,0,0,1,0,차대차 - 기타,안전거리미확보,건조,맑음,교차로 - 교차로부근,승용,남,73세,상해없음,화물,남,34세,경상
2020090500100148,2020년 9월 5일 11시,토요일,전라북도 군산시 수송동,경상사고,0,0,2,0,차대차 - 기타,기타,건조,맑음,교차로 - 교차로안,승용,남,41세,상해없음,승용,여,58세,경상
2020090500100149,2020년 9월 5일 11시,토요일,전라북도 군산시 옥구읍,경상사고,0,0,1,0,차대차 - 기타,직진우회전진행방해,건조,맑음,교차로 - 교차로안,화물,남,41세,상해없음,승용,남,48세,경상
2020090500100150,2020년 9월 5일 11시,토요일,전라북도 완주군 봉동읍,중상사고,0,1,1,0,차대차 - 측면충돌,신호위반,건조,맑음,교차로 - 교차로안,승용,남,69세,중상,승용,남,30세,경상
2020090500100225,2020년 9월 5일 13시,토요일,전라북도 익산시 부송동,경상사고,0,0,1,0,차대차 - 측면충돌,직진우회전진행방해,건조,맑음,교차로 - 교차로안,승용,남,53세,상해없음,승용,남,52세,경상
2020090500100226,2020년 9월 5일 13시,토요일,전라북도 완주군 운주면,경상사고,0,0,2,0,차대차 - 정면충돌,중앙선침범,건조,맑음,단일로 - 기타,이륜,남,60세,경상,승용,여,53세,경상
2020090500100266,2020년 9월 5일 14시,토요일,전라북도 임실군 신덕면,경상사고,0,0,2,0,차대차 - 측면충돌,중앙선침범,건조,맑음,단일로 - 기타,승합,남,49세,상해없음,승용,여,56세,경상
2020090500100305,2020년 9월 5일 15시,토요일,전라북도 남원시 하정동,경상사고,0,0,1,0,차대사람 - 기타,안전운전불이행,건조,맑음,단일로 - 기타,승용,여,59세,상해없음,보행자,남,8세,경상
2020090500100340,2020년 9월 5일 16시,토요일,전라북도 익산시 부송동,중상사고,0,1,0,0,차대차 - 측면충돌,직진우회전진행방해,건조,맑음,교차로 - 교차로안,승합,남,59세,상해없음,승용,여,56세,중상
2020090500100375,2020년 9월 5일 17시,토요일,전라북도 무주군 적상면,중상사고,0,1,2,0,차대차 - 측면충돌,중앙선침범,건조,맑음,교차로 - 교차로안,화물,남,76세,상해없음,승용,여,47세,중상
2020090500100446,2020년 9월 5일 19시,토요일,전라북도 전주시 완산구 평화동1가,중상사고,0,1,0,0,차대차 - 추돌,안전운전불이행,건조,맑음,단일로 - 기타,승용,남,56세,상해없음,자전거,남,66세,중상
2020090600100010,2020년 9월 6일 00시,일요일,전라북도 전주시 완산구 효자동2가,경상사고,0,0,1,0,차대차 - 추돌,안전운전불이행,건조,맑음,단일로 - 기타,승용,남,22세,상해없음,승용,여,27세,상해없음
2020090600100011,2020년 9월 6일 00시,일요일,전라북도 군산시 경장동,경상사고,0,0,5,0,차대차 - 기타,직진우회전진행방해,건조,맑음,교차로 - 교차로안,승용,남,67세,상해없음,승용,여,43세,경상
2020090600100031,2020년 9월 6일 02시,일요일,전라북도 남원시 노암동,중상사고,0,1,0,0,차량단독 - 전도전복 - 전도,안전운전불이행,건조,맑음,교차로 - 교차로부근,이륜,남,55세,중상,,,,
2020090600100044,2020년 9월 6일 04시,일요일,전라북도 익산시 영등동,경상사고,0,0,1,0,차대사람 - 기타,안전운전불이행,건조,맑음,교차로 - 교차로부근,승용,남,22세,상해없음,보행자,남,29세,경상
2020090600100055,2020년 9월 6일 06시,일요일,전라북도 익산시 여산면,중상사고,0,1,0,0,차량단독 - 공작물충돌,안전운전불이행,건조,맑음,단일로 - 기타,승용,남,35세,중상,,,,
2020090600100105,2020년 9월 6일 11시,일요일,전라북도 전주시 완산구 서신동,경상사고,0,0,1,0,차대차 - 측면충돌,교차로운행방법위반,건조,맑음,교차로 - 교차로안,승용,여,39세,상해없음,승용,여,58세,경상
2020090600100123,2020년 9월 6일 12시,일요일,전라북도 전주시 완산구 서신동,경상사고,0,0,2,0,차대차 - 측면충돌,안전운전불이행,건조,맑음,교차로 - 교차로부근,이륜,남,23세,상해없음,승용,남,30세,경상
2020090600100124,2020년 9월 6일 12시,일요일,전라북도 순창군 순창읍,경상사고,0,0,1,0,차량단독 - 전도전복 - 전도,안전운전불이행,젖음/습기,비,교차로 - 교차로부근,이륜,남,75세,경상,,,,
2020090600100202,2020년 9월 6일 15시,일요일,전라북도 익산시 영등동,경상사고,0,0,1,0,차대차 - 측면충돌,차로위반,건조,맑음,단일로 - 기타,승용,여,36세,상해없음,이륜,남,43세,경상
2020090600100271,2020년 9월 6일 18시,일요일,전라북도 정읍시 연지동,경상사고,0,0,5,0,차대차 - 측면충돌,직진우회전진행방해,건조,맑음,교차로 - 교차로안,승용,남,59세,경상,승용,남,22세,경상
2020090600100301,2020년 9월 6일 19시,일요일,전라북도 익산시 신동,경상사고,0,0,1,0,차대차 - 기타,안전운전불이행,젖음/습기,비,단일로 - 기타,승용,남,22세,상해없음,이륜,남,22세,경상
2020090700100069,2020년 9월 7일 07시,월요일,전라북도 순창군 팔덕면,중상사고,0,1,1,0,차대차 - 측면충돌,중앙선침범,젖음/습기,비,교차로 - 교차로부근,화물,남,75세,상해없음,화물,남,57세,경상
2020090700100150,2020년 9월 7일 10시,월요일,전라북도 전주시 덕진구 덕진동2가,중상사고,0,1,2,0,차대차 - 측면충돌,신호위반,젖음/습기,비,교차로 - 교차로안,승용,남,52세,상해없음,승용,남,50세,중상
2020090700100151,2020년 9월 7일 10시,월요일,전라북도 전주시 덕진구 우아동3가,경상사고,0,0,1,0,차대차 - 측면충돌,안전운전불이행,젖음/습기,비,교차로 - 교차로횡단보도내,승용,남,62세,상해없음,화물,남,51세,경상
2020090700100152,2020년 9월 7일 10시,월요일,전라북도 군산시 수송동,경상사고,0,0,2,0,차대차 - 정면충돌,신호위반,젖음/습기,비,교차로 - 교차로안,승용,남,53세,경상,승용,여,56세,경상
2020090700100153,2020년 9월 7일 10시,월요일,전라북도 정읍시 시기동,경상사고,0,0,2,0,차대차 - 측면충돌,중앙선침범,젖음/습기,비,교차로 - 교차로부근,승용,남,73세,경상,승용,남,59세,경상
2020090700100174,2020년 9월 7일 11시,월요일,전라북도 전주시 완산구 중화산동2가,경상사고,0,0,1,0,차대차 - 기타,안전운전불이행,건조,맑음,단일로 - 기타,승용,여,73세,상해없음,승용,여,54세,경상
2020090700100175,2020년 9월 7일 11시,월요일,전라북도 전주시 덕진구 인후동1가,경상사고,0,0,1,0,차대차 - 측면충돌,불법유턴,젖음/습기,비,교차로 - 교차로부근,승용,남,73세,상해없음,화물,남,42세,경상
2020090700100176,2020년 9월 7일 11시,월요일,전라북도 부안군 부안읍,경상사고,0,0,1,0,차대차 - 측면충돌,안전운전불이행,건조,맑음,단일로 - 기타,승용,남,75세,상해없음,승용,여,41세,경상
2020090700100201,2020년 9월 7일 12시,월요일,전라북도 전주시 완산구 중노송동,경상사고,0,0,1,0,차대차 - 측면충돌,안전운전불이행,젖음/습기,비,교차로 - 교차로횡단보도내,승용,남,75세,상해없음,자전거,남,75세,경상
2020090700100314,2020년 9월 7일 15시,월요일,전라북도 남원시 향교동,중상사고,0,1,0,0,차대차 - 측면충돌,안전운전불이행,젖음/습기,비,교차로 - 교차로안,화물,남,21세,상해없음,자전거,여,67세,중상
2020090700100347,2020년 9월 7일 16시,월요일,전라북도 부안군 줄포면,중상사고,0,3,2,0,차대차 - 측면충돌,신호위반,건조,맑음,교차로 - 교차로안,승용,여,29세,경상,승용,남,69세,경상
2020090700100377,2020년 9월 7일 17시,월요일,전라북도 전주시 덕진구 우아동3가,경상사고,0,0,2,0,차대차 - 측면충돌,안전운전불이행,건조,맑음,교차로 - 교차로안,승용,남,72세,상해없음,승합,남,58세,경상