사고번호,사고일시,요일,시군구,사고내용,사망자수,중상자수,경상자수,부상신고자수,사고유형,법규위반,노면상태,기상상태,도로형태,가해운전자 차종,가해운전자 성별,가해운전자 연령,가해운전자 상해정도,피해운전자 차종,피해운전자 성별,피해운전자 연령,피해운전자 상해정도
2020090700100378,2020년 9월 7일 17시,월요일,전라북도 군산시 미룡동,중상사고,0,1,0,0,차대차 - 정면충돌,중앙선침범,젖음/습기,비,단일로 - 기타,승용,남,58세,상해없음,승용,여,38세,중상
2020090700100379,2020년 9월 7일 17시,월요일,전라북도 정읍시 상동,경상사고,0,0,1,0,차대차 - 측면충돌,신호위반,젖음/습기,비,교차로 - 교차로안,승용,여,46세,상해없음,승용,남,31세,경상
2020090700100418,2020년 9월 7일 18시,월요일,전라북도 군산시 장재동,중상사고,0,1,0,0,차대차 - 기타,안전운전불이행,건조,맑음,교차로 - 교차로부근,승용,여,64세,기타불명,이륜,남,42세,중상
2020090700100459,2020년 9월 7일 19시,월요일,전라북도 전주시 완산구 전동,경상사고,0,0,1,0,차량단독 - 기타,안전운전불이행,건조,맑음,단일로 - 기타,승합,남,40세,상해없음,,,,
2020090700100512,2020년 9월 7일 20시,월요일,전라북도 전주시 완산구 중노송동,중상사고,0,1,0,0,차대차 - 측면충돌,안전운전불이행,건조,맑음,교차로 - 교차로안,승용,남,56세,상해없음,이륜,남,55세,중상
2020090700100562,2020년 9월 7일 22시,월요일,전라북도 전주시 완산구 효자동1가,경상사고,0,0,1,0,차대차 - 후진중충돌,안전운전불이행,건조,맑음,기타 - 기타,승용,남,32세,상해없음,승용,남,28세,경상
2020090800100063,2020년 9월 8일 07시,화요일,전라북도 전주시 완산구 효자동3가,경상사고,0,0,1,0,차대차 - 정면충돌,직진우회전진행방해,건조,맑음,교차로 - 교차로안,원동기,여,17세,상해없음,승용,여,51세,상해없음
2020090800100064,2020년 9월 8일 07시,화요일,전라북도 군산시 나운동,경상사고,0,0,1,0,차대차 - 추돌,안전운전불이행,건조,맑음,교차로 - 교차로안,승용,남,27세,상해없음,승용,여,39세,경상
2020090800100065,2020년 9월 8일 07시,화요일,전라북도 김제시 서암동,중상사고,0,1,0,0,차대차 - 측면충돌,교차로운행방법위반,건조,맑음,교차로 - 교차로안,승용,남,75세,상해없음,자전거,남,60세,중상
2020090800100066,2020년 9월 8일 07시,화요일,전라북도 임실군 오수면,경상사고,0,0,2,0,차대차 - 추돌,안전운전불이행,건조,맑음,단일로 - 기타,승용,남,22세,상해없음,승용,남,47세,경상
2020090800100110,2020년 9월 8일 08시,화요일,전라북도 군산시 대야면,경상사고,0,0,1,0,차대차 - 기타,안전운전불이행,건조,맑음,단일로 - 교량,화물,남,43세,상해없음,승용,남,38세,경상
2020090800100144,2020년 9월 8일 09시,화요일,전라북도 익산시 함열읍,경상사고,0,0,1,0,차량단독 - 기타,기타,건조,맑음,단일로 - 기타,승합,남,53세,상해없음,,,,
2020090800100145,2020년 9월 8일 09시,화요일,전라북도 김제시 죽산면,중상사고,0,4,4,0,차대차 - 측면충돌,신호위반,건조,맑음,교차로 - 교차로안,화물,남,71세,상해없음,승합,남,66세,경상
2020090800100146,2020년 9월 8일 09시,화요일,전라북도 완주군 소양면,경상사고,0,0,3,0,차대차 - 측면충돌,중앙선침범,건조,맑음,단일로 - 기타,화물,남,64세,상해없음,승용,남,69세,경상
2020090800100210,2020년 9월 8일 11시,화요일,전라북도 전주시 완산구 효자동3가,경상사고,0,0,1,0,차대차 - 측면충돌,직진우회전진행방해,건조,맑음,교차로 - 교차로안,승용,남,42세,상해없음,승용,남,25세,경상
2020090800100211,2020년 9월 8일 11시,화요일,전라북도 익산시 춘포면,경상사고,0,0,2,0,차대차 - 추돌,안전운전불이행,건조,맑음,교차로 - 교차로부근,화물,남,49세,상해없음,승용,여,71세,경상
2020090800100242,2020년 9월 8일 12시,화요일,전라북도 익산시 신흥동,경상사고,0,0,1,0,차대차 - 측면충돌,안전거리미확보,건조,맑음,교차로 - 교차로부근,승용,남,19세,상해없음,승용,여,61세,경상
2020090800100243,2020년 9월 8일 12시,화요일,전라북도 익산시 창인동2가,경상사고,0,0,1,0,차대차 - 추돌,안전운전불이행,건조,맑음,단일로 - 기타,화물,남,43세,상해없음,승용,여,47세,경상
2020090800100305,2020년 9월 8일 14시,화요일,전라북도 익산시 함열읍,경상사고,0,0,1,0,차대차 - 측면충돌,차로위반,건조,맑음,단일로 - 기타,화물,남,55세,상해없음,승용,남,60세,경상
2020090800100341,2020년 9월 8일 15시,화요일,전라북도 정읍시 영원면,중상사고,0,1,0,0,차대차 - 측면충돌,안전운전불이행,건조,맑음,교차로 - 교차로안,화물,남,68세,상해없음,이륜,남,78세,중상
2020090800100391,2020년 9월 8일 16시,화요일,전라북도 전주시 완산구 중노송동,경상사고,0,0,3,0,차대차 - 후진중충돌,안전운전불이행,건조,맑음,단일로 - 기타,승용,남,35세,상해없음,승용,남,50세,경상
2020090800100392,2020년 9월 8일 16시,화요일,전라북도 익산시 인화동1가,경상사고,0,0,1,0,차대차 - 추돌,안전운전불이행,건조,맑음,단일로 - 기타,승용,남,53세,상해없음,승용,남,52세,상해없음
2020090800100393,2020년 9월 8일 16시,화요일,전라북도 정읍시 용계동,경상사고,0,0,3,0,차대차 - 추돌,안전운전불이행,건조,맑음,교차로 - 교차로안,승용,남,71세,상해없음,승용,남,38세,경상
2020090800100394,2020년 9월 8일 16시,화요일,전라북도 장수군 산서면,경상사고,0,0,1,0,차대사람 - 기타,안전운전불이행,건조,맑음,단일로 - 기타,화물,남,38세,상해없음,보행자,여,85세,경상
2020090800100435,2020년 9월 8일 17시,화요일,전라북도 전주시 완산구 평화동1가,경상사고,0,0,1,0,차대사람 - 기타,기타,건조,맑음,단일로 - 기타,승합,남,60세,상해없음,보행자,여,79세,경상
2020090800100559,2020년 9월 8일 20시,화요일,전라북도 익산시 어양동,경상사고,0,0,1,0,차대사람 - 길가장자리구역통행중,안전운전불이행,건조,맑음,단일로 - 기타,승용,여,26세,상해없음,보행자,남,48세,경상
2020090800100615,2020년 9월 8일 22시,화요일,전라북도 전주시 완산구 서완산동1가,경상사고,0,0,3,0,차대차 - 추돌,안전운전불이행,건조,맑음,교차로 - 교차로부근,승용,남,59세,상해없음,화물,남,57세,경상
2020090800100616,2020년 9월 8일 22시,화요일,전라북도 전주시 덕진구 송천동2가,중상사고,0,1,1,0,차대차 - 측면충돌,신호위반,건조,맑음,교차로 - 교차로안,승용,남,63세,상해없음,승용,남,70세,경상
2020090900100007,2020년 9월 9일 00시,수요일,전라북도 전주시 완산구 효자동2가,경상사고,0,0,1,0,차대차 - 추돌,안전운전불이행,건조,맑음,교차로 - 교차로부근,승용,남,35세,상해없음,승용,여,38세,경상
2020090900100063,2020년 9월 9일 07시,수요일,전라북도 완주군 봉동읍,경상사고,0,0,1,0,차대사람 - 기타,안전운전불이행,건조,맑음,기타 - 기타,기타불명,기타불명,미분류,기타불명,보행자,남,65세,경상
2020090900100138,2020년 9월 9일 10시,수요일,전라북도 전주시 덕진구 반월동,경상사고,0,0,1,0,차대사람 - 보도통행중,안전운전불이행,젖음/습기,비,단일로 - 기타,기타불명,기타불명,미분류,기타불명,보행자,여,71세,경상
2020090900100175,2020년 9월 9일 11시,수요일,전라북도 익산시 용동면,중상사고,0,1,0,0,차량단독 - 전도전복 - 전도,안전운전불이행,건조,맑음,단일로 - 기타,이륜,남,49세,중상,,,,
2020090900100176,2020년 9월 9일 11시,수요일,전라북도 정읍시 수성동,중상사고,0,1,2,0,차대차 - 측면충돌,기타,건조,맑음,교차로 - 교차로안,승용,남,65세,경상,승용,남,63세,경상
2020090900100203,2020년 9월 9일 12시,수요일,전라북도 전주시 완산구 효자동3가,경상사고,0,0,1,0,차대차 - 추돌,안전운전불이행,건조,맑음,단일로 - 기타,승용,여,27세,상해없음,승용,남,32세,경상
2020090900100204,2020년 9월 9일 12시,수요일,전라북도 전주시 덕진구 인후동1가,경상사고,0,0,1,0,차대사람 - 보도통행중,보행자보호의무위반,건조,맑음,교차로 - 교차로횡단보도내,승용,남,70세,상해없음,보행자,남,6세,경상
2020090900100205,2020년 9월 9일 12시,수요일,전라북도 군산시 경장동,중상사고,0,2,0,0,차대차 - 측면충돌,신호위반,건조,맑음,교차로 - 교차로안,승합,남,60세,상해없음,승합,여,70세,중상
2020090900100298,2020년 9월 9일 15시,수요일,전라북도 익산시 용제동,중상사고,0,1,2,0,차대차 - 추돌,안전운전불이행,건조,맑음,교차로 - 교차로부근,화물,남,54세,중상,승용,남,64세,경상
2020090900100325,2020년 9월 9일 16시,수요일,전라북도 정읍시 상동,경상사고,0,0,1,0,차대차 - 측면충돌,직진우회전진행방해,건조,맑음,교차로 - 교차로안,승용,남,49세,상해없음,승용,남,68세,경상
2020090900100364,2020년 9월 9일 17시,수요일,전라북도 전주시 덕진구 덕진동1가,경상사고,0,0,4,0,차대차 - 측면충돌,교차로운행방법위반,건조,맑음,교차로 - 교차로안,승용,남,71세,상해없음,승용,남,20세,경상
2020090900100405,2020년 9월 9일 18시,수요일,전라북도 익산시 부송동,경상사고,0,0,1,0,차대차 - 측면충돌,신호위반,건조,맑음,교차로 - 교차로안,이륜,남,80세,상해없음,승용,남,37세,경상
2020090900100437,2020년 9월 9일 19시,수요일,전라북도 전주시 완산구 삼천동1가,중상사고,0,1,0,0,차대사람 - 횡단중,신호위반,젖음/습기,비,교차로 - 교차로횡단보도내,승용,남,26세,상해없음,보행자,여,63세,중상
2020090900100474,2020년 9월 9일 20시,수요일,전라북도 군산시 산북동,중상사고,0,1,0,0,차대차 - 측면충돌,안전운전불이행,건조,맑음,단일로 - 기타,원동기,남,52세,상해없음,원동기,남,19세,중상
2020091000100014,2020년 9월 10일 02시,목요일,전라북도 군산시 산북동,중상사고,0,1,0,0,차대차 - 측면충돌,신호위반,건조,흐림,교차로 - 교차로안,승용,남,21세,상해없음,화물,남,56세,중상
2020091000100018,2020년 9월 10일 03시,목요일,전라북도 익산시 송학동,중상사고,0,1,0,0,차대차 - 측면충돌,과속,건조,맑음,단일로 - 기타,승용,남,26세,상해없음,화물,남,26세,중상
2020091000100052,2020년 9월 10일 07시,목요일,전라북도 정읍시 수성동,중상사고,0,1,2,0,차대차 - 측면충돌,신호위반,건조,맑음,교차로 - 교차로안,승용,여,67세,경상,화물,남,78세,경상
2020091000100053,2020년 9월 10일 07시,목요일,전라북도 부안군 줄포면,경상사고,0,0,1,0,차량단독 - 기타,안전운전불이행,건조,맑음,단일로 - 기타,화물,남,71세,상해없음,,,,
2020091000100129,2020년 9월 10일 10시,목요일,전라북도 부안군 부안읍,중상사고,0,2,1,0,차대차 - 추돌,안전운전불이행,건조,맑음,단일로 - 지하차도(도로)내,화물,남,77세,경상,승용,남,58세,중상
2020091000100238,2020년 9월 10일 13시,목요일,전라북도 군산시 조촌동,경상사고,0,0,2,0,차대차 - 측면충돌,안전운전불이행,건조,맑음,교차로 - 교차로부근,승합,남,64세,상해없음,승합,남,49세,상해없음
2020091000100239,2020년 9월 10일 13시,목요일,전라북도 익산시 영등동,경상사고,0,0,1,0,차대차 - 측면충돌,안전운전불이행,건조,맑음,교차로 - 교차로부근,승용,여,53세,상해없음,원동기,남,47세,경상
2020091000100240,2020년 9월 10일 13시,목요일,전라북도 익산시 어양동,경상사고,0,0,2,0,차대차 - 측면충돌,안전운전불이행,건조,맑음,단일로 - 기타,승용,남,35세,상해없음,승용,여,34세,경상
2020091000100241,2020년 9월 10일 13시,목요일,전라북도 임실군 관촌면,경상사고,0,0,2,0,차대차 - 추돌,안전운전불이행,건조,맑음,단일로 - 기타,승용,남,70세,상해없음,화물,남,68세,경상
2020091000100263,2020년 9월 10일 14시,목요일,전라북도 전주시 완산구 중화산동2가,경상사고,0,0,1,0,차대사람 - 보도통행중,보행자보호의무위반,건조,맑음,교차로 - 교차로횡단보도내,승용,여,51세,상해없음,보행자,여,27세,경상
2020091000100264,2020년 9월 10일 14시,목요일,전라북도 정읍시 소성면,경상사고,0,0,1,0,차대차 - 측면충돌,신호위반,건조,맑음,교차로 - 교차로안,이륜,남,82세,경상,승용,남,53세,상해없음
2020091000100332,2020년 9월 10일 16시,목요일,전라북도 전주시 완산구 삼천동1가,경상사고,0,0,1,0,차대사람 - 횡단중,보행자보호의무위반,건조,맑음,교차로 - 교차로횡단보도내,승용,여,62세,상해없음,보행자,남,8세,경상
2020091000100333,2020년 9월 10일 16시,목요일,전라북도 정읍시 용계동,중상사고,0,1,2,0,차대차 - 측면충돌,불법유턴,건조,맑음,단일로 - 지하차도(도로)내,승용,여,41세,경상,승용,남,54세,중상
2020091000100334,2020년 9월 10일 16시,목요일,전라북도 김제시 금구면,중상사고,0,1,3,0,차대차 - 추돌,안전운전불이행,건조,맑음,단일로 - 지하차도(도로)내,승용,남,43세,상해없음,승용,여,64세,중상
2020091000100377,2020년 9월 10일 17시,목요일,전라북도 군산시 서수면,중상사고,0,1,0,0,차대차 - 측면충돌,안전운전불이행,건조,맑음,교차로 - 교차로부근,승용,남,68세,상해없음,이륜,남,91세,중상
2020091000100378,2020년 9월 10일 17시,목요일,전라북도 익산시 망성면,경상사고,0,0,1,0,차대차 - 정면충돌,직진우회전진행방해,건조,맑음,교차로 - 교차로안,이륜,남,79세,경상,화물,남,54세,상해없음
2020091000100379,2020년 9월 10일 17시,목요일,전라북도 부안군 계화면,경상사고,0,0,3,0,차대차 - 측면충돌,안전운전불이행,건조,맑음,교차로 - 교차로안,화물,남,61세,경상,화물,남,66세,경상
2020091000100437,2020년 9월 10일 18시,목요일,전라북도 전주시 덕진구 인후동1가,경상사고,0,0,1,0,차대사람 - 횡단중,안전운전불이행,건조,맑음,단일로 - 기타,승용,남,40세,상해없음,보행자,여,73세,경상
2020091000100478,2020년 9월 10일 19시,목요일,전라북도 익산시 모현동1가,중상사고,0,1,0,0,차대차 - 정면충돌,중앙선침범,건조,맑음,교차로 - 교차로부근,승용,여,49세,상해없음,승용,여,49세,중상
2020091000100479,2020년 9월 10일 19시,목요일,전라북도 김제시 검산동,경상사고,0,0,1,0,차대차 - 측면충돌,안전운전불이행,건조,맑음,교차로 - 교차로부근,승용,남,58세,상해없음,승용,여,31세,경상
2020091000100583,2020년 9월 10일 23시,목요일,전라북도 전주시 덕진구 금암동,경상사고,0,0,1,0,차대차 - 추돌,안전거리미확보,건조,맑음,단일로 - 기타,승용,남,25세,기타불명,승용,남,45세,경상
2020091000100584,2020년 9월 10일 23시,목요일,전라북도 군산시 소룡동,경상사고,0,0,1,0,차대차 - 측면충돌,안전운전불이행,건조,맑음,교차로 - 교차로부근,화물,여,64세,상해없음,승용,남,42세,경상
2020091100100041,2020년 9월 11일 05시,금요일,전라북도 익산시 모현동2가,경상사고,0,0,1,0,차대사람 - 횡단중,보행자보호의무위반,건조,맑음,교차로 - 교차로횡단보도내,이륜,남,55세,상해없음,보행자,여,75세,경상
2020091100100049,2020년 9월 11일 06시,금요일,전라북도 김제시 금구면,경상사고,0,0,1,0,차대차 - 추돌,안전운전불이행,건조,맑음,교차로 - 교차로부근,승용,남,67세,상해없음,승용,남,50세,경상
2020091100100070,2020년 9월 11일 07시,금요일,전라북도 전주시 완산구 동완산동,경상사고,0,0,2,0,차대차 - 기타,안전운전불이행,건조,맑음,단일로 - 기타,이륜,남,20세,상해없음,승용,남,59세,경상
2020091100100071,2020년 9월 11일 07시,금요일,전라북도 전주시 덕진구 진북동,중상사고,0,1,0,0,차대사람 - 길가장자리구역통행중,안전운전불이행,건조,맑음,단일로 - 기타,승용,남,25세,상해없음,보행자,여,65세,중상
2020091100100072,2020년 9월 11일 07시,금요일,전라북도 무주군 무주읍,경상사고,0,0,1,0,차대차 - 측면충돌,안전운전불이행,건조,맑음,교차로 - 교차로안,승용,남,48세,상해없음,승용,남,38세,경상
2020091100100152,2020년 9월 11일 10시,금요일,전라북도 전주시 덕진구 인후동2가,경상사고,0,0,1,0,차대차 - 측면충돌,안전운전불이행,건조,흐림,교차로 - 교차로안,승용,남,58세,상해없음,승용,남,56세,경상
2020091100100181,2020년 9월 11일 11시,금요일,전라북도 전주시 완산구 상림동,경상사고,0,0,1,0,차대차 - 추돌,안전운전불이행,건조,맑음,교차로 - 교차로부근,승용,여,40세,상해없음,승용,남,25세,경상
2020091100100182,2020년 9월 11일 11시,금요일,전라북도 임실군 관촌면,경상사고,0,0,1,0,차대사람 - 보도통행중,기타,건조,맑음,단일로 - 지하차도(도로)내,승용,남,84세,상해없음,보행자,남,64세,경상
2020091100100236,2020년 9월 11일 13시,금요일,전라북도 군산시 경암동,중상사고,0,1,0,0,차대차 - 기타,안전운전불이행,건조,흐림,교차로 - 교차로안,승용,남,57세,상해없음,자전거,여,63세,중상
2020091100100262,2020년 9월 11일 14시,금요일,전라북도 군산시 선양동,사망사고,1,0,0,0,차대사람 - 횡단중,안전운전불이행,건조,흐림,교차로 - 교차로안,승용,여,39세,상해없음,보행자,여,76세,사망
2020091100100286,2020년 9월 11일 15시,금요일,전라북도 정읍시 시기동,중상사고,0,1,0,0,차대차 - 측면충돌,직진우회전진행방해,젖음/습기,비,교차로 - 교차로안,이륜,여,71세,중상,승용,남,64세,상해없음
2020091100100323,2020년 9월 11일 16시,금요일,전라북도 전주시 완산구 효자동1가,경상사고,0,0,2,0,차대차 - 추돌,안전운전불이행,건조,맑음,단일로 - 기타,기타불명,기타불명,미분류,기타불명,기타불명,기타불명,미분류,기타불명
2020091100100324,2020년 9월 11일 16시,금요일,전라북도 김제시 용지면,중상사고,0,1,0,0,차대차 - 측면충돌,신호위반,젖음/습기,비,교차로 - 교차로안,건설기계,남,47세,상해없음,화물,남,66세,중상
2020091100100372,2020년 9월 11일 17시,금요일,전라북도 남원시 이백면,중상사고,0,1,0,0,차량단독 - 공작물충돌,안전운전불이행,건조,맑음,단일로 - 기타,승용,남,57세,중상,,,,
2020091100100431,2020년 9월 11일 18시,금요일,전라북도 군산시 문화동,사망사고,1,0,0,0,차대차 - 측면충돌,안전운전불이행,젖음/습기,비,교차로 - 교차로안,승합,남,59세,상해없음,승용,남,74세,사망
2020091100100487,2020년 9월 11일 19시,금요일,전라북도 군산시 나운동,경상사고,0,0,2,0,차대차 - 기타,안전운전불이행,젖음/습기,비,교차로 - 교차로안,화물,남,57세,상해없음,승용,남,36세,경상
2020091100100488,2020년 9월 11일 19시,금요일,전라북도 정읍시 장명동,중상사고,0,1,0,0,차대사람 - 차도통행중,안전운전불이행,젖음/습기,비,교차로 - 교차로부근,승용,남,57세,상해없음,보행자,여,79세,중상
2020091100100555,2020년 9월 11일 20시,금요일,전라북도 전주시 완산구 효자동2가,경상사고,0,0,5,0,차대차 - 추돌,안전거리미확보,젖음/습기,비,교차로 - 교차로부근,승용,남,22세,상해없음,승용,남,44세,경상
2020091100100556,2020년 9월 11일 20시,금요일,전라북도 익산시 부송동,경상사고,0,0,1,0,차대사람 - 횡단중,보행자보호의무위반,젖음/습기,비,단일로 - 기타,승용,남,57세,상해없음,보행자,남,23세,경상
2020091100100607,2020년 9월 11일 21시,금요일,전라북도 전주시 덕진구 인후동2가,경상사고,0,0,4,0,차대차 - 측면충돌,안전운전불이행,건조,맑음,단일로 - 기타,승용,남,53세,경상,승용,남,61세,경상
2020091100100608,2020년 9월 11일 21시,금요일,전라북도 익산시 영등동,경상사고,0,0,1,0,차대사람 - 차도통행중,안전운전불이행,젖음/습기,비,교차로 - 교차로안,승용,남,37세,상해없음,보행자,남,56세,경상
2020091200100058,2020년 9월 12일 03시,토요일,전라북도 고창군 고창읍,경상사고,0,0,1,0,차대사람 - 횡단중,안전운전불이행,젖음/습기,비,교차로 - 교차로안,승용,남,42세,상해없음,보행자,여,30세,경상
2020091200100090,2020년 9월 12일 06시,토요일,전라북도 군산시 조촌동,부상신고사고,0,0,0,1,차량단독 - 공작물충돌,안전운전불이행,건조,맑음,단일로 - 기타,승용,여,66세,부상신고,,,,
2020091200100091,2020년 9월 12일 06시,토요일,전라북도 군산시 옥산면,중상사고,0,1,0,0,차대차 - 기타,안전운전불이행,건조,맑음,단일로 - 기타,승용,여,47세,상해없음,승용,남,38세,중상
2020091200100102,2020년 9월 12일 07시,토요일,전라북도 익산시 왕궁면,경상사고,0,0,1,0,차대차 - 추돌,안전운전불이행,건조,맑음,단일로 - 기타,특수,남,63세,상해없음,특수,남,54세,경상
2020091200100114,2020년 9월 12일 08시,토요일,전라북도 전주시 완산구 다가동1가,중상사고,0,2,1,0,차대차 - 정면충돌,중앙선침범,건조,맑음,단일로 - 기타,승용,남,72세,중상,승용,남,75세,경상
2020091200100115,2020년 9월 12일 08시,토요일,전라북도 고창군 부안면,중상사고,0,1,0,0,차대차 - 측면충돌,신호위반,젖음/습기,맑음,교차로 - 교차로안,승용,남,67세,상해없음,승용,남,77세,중상
2020091200100199,2020년 9월 12일 11시,토요일,전라북도 익산시 신동,경상사고,0,0,1,0,차대차 - 측면충돌,직진우회전진행방해,건조,맑음,교차로 - 교차로안,화물,남,64세,상해없음,승용,남,43세,경상
2020091200100200,2020년 9월 12일 11시,토요일,전라북도 익산시 어양동,경상사고,0,0,1,0,차대차 - 기타,안전운전불이행,건조,맑음,교차로 - 교차로안,승용,남,72세,상해없음,자전거,여,64세,경상
2020091200100236,2020년 9월 12일 12시,토요일,전라북도 전주시 완산구 평화동1가,경상사고,0,0,1,0,차대차 - 정면충돌,안전운전불이행,건조,맑음,교차로 - 교차로안,승용,남,33세,상해없음,자전거,남,80세,경상
2020091200100237,2020년 9월 12일 12시,토요일,전라북도 전주시 덕진구 송천동2가,사망사고,1,0,0,0,차대차 - 추돌,과속,건조,맑음,단일로 - 기타,승용,남,46세,상해없음,승용,여,40세,상해없음
2020091200100361,2020년 9월 12일 15시,토요일,전라북도 부안군 주산면,중상사고,0,1,0,0,차대차 - 측면충돌,교차로운행방법위반,건조,흐림,교차로 - 교차로안,이륜,남,68세,상해없음,승용,남,52세,상해없음
2020091200100436,2020년 9월 12일 17시,토요일,전라북도 고창군 무장면,경상사고,0,0,4,0,차대차 - 측면충돌,신호위반,건조,맑음,교차로 - 교차로안,화물,여,49세,상해없음,승용,남,41세,경상
2020091200100535,2020년 9월 12일 20시,토요일,전라북도 전주시 완산구 석구동,경상사고,0,0,2,0,차대차 - 기타,안전운전불이행,건조,맑음,교차로 - 교차로안,이륜,남,34세,경상,승용,남,50세,경상
2020091200100581,2020년 9월 12일 22시,토요일,전라북도 군산시 삼학동,부상신고사고,0,0,0,1,차대사람 - 차도통행중,안전운전불이행,건조,맑음,교차로 - 교차로안,승용,남,59세,상해없음,보행자,남,59세,부상신고
2020091300100056,2020년 9월 13일 07시,일요일,전라북도 전주시 덕진구 금암동,경상사고,0,0,3,0,차대차 - 측면충돌,안전운전불이행,건조,맑음,교차로 - 교차로안,승용,남,40세,상해없음,승용,남,19세,경상
2020091300100131,2020년 9월 13일 11시,일요일,전라북도 익산시 함열읍,경상사고,0,0,3,0,차대차 - 추돌,안전운전불이행,건조,맑음,단일로 - 기타,화물,남,79세,상해없음,승용,남,41세,경상
2020091300100241,2020년 9월 13일 14시,일요일,전라북도 남원시 월락동,중상사고,0,1,0,0,차대사람 - 기타,안전운전불이행,건조,맑음,단일로 - 기타,승용,남,53세,상해없음,보행자,남,32세,중상
2020091300100273,2020년 9월 13일 15시,일요일,전라북도 김제시 광활면,중상사고,0,1,3,0,차대차 - 측면충돌,과속,건조,맑음,교차로 - 교차로안,승용,남,54세,상해없음,이륜,남,60세,중상
2020091300100312,2020년 9월 13일 16시,일요일,전라북도 군산시 미룡동,경상사고,0,0,1,0,차대차 - 기타,안전운전불이행,건조,맑음,교차로 - 교차로부근,승용,남,73세,상해없음,이륜,남,40세,경상
2020091300100313,2020년 9월 13일 16시,일요일,전라북도 진안군 주천면,중상사고,0,1,0,0,차대사람 - 횡단중,안전운전불이행,건조,맑음,단일로 - 기타,이륜,남,49세,상해없음,보행자,남,87세,중상
2020091300100345,2020년 9월 13일 17시,일요일,전라북도 전주시 완산구 효자동1가,경상사고,0,0,1,0,차대차 - 추돌,안전운전불이행,건조,맑음,교차로 - 교차로부근,승용,남,55세,상해없음,승용,남,39세,경상
2020091300100411,2020년 9월 13일 19시,일요일,전라북도 익산시 영등동,경상사고,0,0,1,0,차대차 - 추돌,안전운전불이행,건조,맑음,교차로 - 교차로부근,이륜,남,19세,상해없음,승용,남,52세,경상
2020091400100013,2020년 9월 14일 01시,월요일,전라북도 임실군 오수면,중상사고,0,2,0,0,차대차 - 정면충돌,안전운전불이행,건조,맑음,단일로 - 기타,화물,남,59세,상해없음,승용,남,68세,중상
2020091400100048,2020년 9월 14일 06시,월요일,전라북도 군산시 경암동,경상사고,0,0,1,0,차대사람 - 차도통행중,안전운전불이행,건조,맑음,단일로 - 기타,화물,남,76세,상해없음,보행자,여,54세,경상
2020091400100115,2020년 9월 14일 08시,월요일,전라북도 익산시 남중동,경상사고,0,0,1,0,차대사람 - 기타,안전운전불이행,건조,맑음,단일로 - 기타,승용,남,58세,상해없음,보행자,남,44세,경상
2020091400100116,2020년 9월 14일 08시,월요일,전라북도 임실군 오수면,경상사고,0,0,1,0,차대차 - 측면충돌,교차로운행방법위반,건조,맑음,교차로 - 교차로부근,승합,남,46세,상해없음,승용,여,26세,경상
2020091400100117,2020년 9월 14일 08시,월요일,전라북도 임실군 관촌면,경상사고,0,0,3,0,차대차 - 추돌,안전운전불이행,건조,맑음,교차로 - 교차로부근,승용,남,70세,상해없음,승용,남,67세,경상
2020091400100229,2020년 9월 14일 11시,월요일,전라북도 무주군 설천면,중상사고,0,1,0,0,차대차 - 추돌,안전운전불이행,건조,맑음,단일로 - 지하차도(도로)내,화물,남,62세,상해없음,승용,남,74세,상해없음
2020091400100329,2020년 9월 14일 14시,월요일,전라북도 군산시 해망동,경상사고,0,0,1,0,차대차 - 측면충돌,안전거리미확보,건조,맑음,단일로 - 지하차도(도로)내,화물,남,44세,상해없음,승용,여,56세,경상
2020091400100404,2020년 9월 14일 16시,월요일,전라북도 정읍시 농소동,중상사고,0,1,0,0,차대차 - 측면충돌,안전운전불이행,건조,맑음,단일로 - 기타,승용,남,71세,중상,화물,남,52세,상해없음
2020091400100445,2020년 9월 14일 17시,월요일,전라북도 군산시 삼학동,중상사고,0,1,3,0,차대차 - 측면충돌,직진우회전진행방해,건조,맑음,교차로 - 교차로안,승용,여,64세,상해없음,승용,남,73세,경상
2020091400100446,2020년 9월 14일 17시,월요일,전라북도 익산시 인화동2가,경상사고,0,0,1,0,차대차 - 추돌,안전운전불이행,건조,맑음,단일로 - 기타,승용,여,52세,상해없음,이륜,남,51세,경상
2020091400100447,2020년 9월 14일 17시,월요일,전라북도 부안군 부안읍,중상사고,0,1,0,0,차대사람 - 기타,불법유턴,건조,맑음,교차로 - 교차로안,승용,여,36세,상해없음,보행자,여,17세,중상
2020091400100492,2020년 9월 14일 18시,월요일,전라북도 장수군 장수읍,중상사고,0,1,0,0,차대차 - 기타,안전운전불이행,건조,맑음,단일로 - 기타,사륜오토바이(ATV),여,74세,중상,승합,여,32세,상해없음
2020091400100528,2020년 9월 14일 19시,월요일,전라북도 전주시 완산구 용복동,경상사고,0,0,1,0,차대차 - 추돌,안전운전불이행,건조,맑음,단일로 - 기타,화물,남,40세,상해없음,건설기계,남,49세,경상
2020091400100529,2020년 9월 14일 19시,월요일,전라북도 김제시 하동,경상사고,0,0,1,0,차대차 - 측면충돌,안전운전불이행,건조,맑음,교차로 - 교차로안,승용,여,23세,상해없음,승용,남,27세,경상
2020091400100565,2020년 9월 14일 20시,월요일,전라북도 익산시 신동,경상사고,0,0,2,0,차대차 - 측면충돌,직진우회전진행방해,건조,맑음,교차로 - 교차로안,승용,남,57세,상해없음,승합,남,65세,경상