사고번호,사고일시,요일,시군구,사고내용,사망자수,중상자수,경상자수,부상신고자수,사고유형,법규위반,노면상태,기상상태,도로형태,가해운전자 차종,가해운전자 성별,가해운전자 연령,가해운전자 상해정도,피해운전자 차종,피해운전자 성별,피해운전자 연령,피해운전자 상해정도
2020091400100566,2020년 9월 14일 20시,월요일,전라북도 익산시 목천동,사망사고,1,0,0,0,차대사람 - 차도통행중,안전운전불이행,건조,맑음,단일로 - 기타,승용,남,24세,상해없음,보행자,남,76세,사망
2020091400100567,2020년 9월 14일 20시,월요일,전라북도 장수군 장계면,중상사고,0,1,0,0,차대차 - 측면충돌,교차로운행방법위반,건조,맑음,교차로 - 교차로안,원동기,남,75세,중상,화물,남,57세,상해없음
2020091400100611,2020년 9월 14일 22시,월요일,전라북도 익산시 마동,경상사고,0,0,1,0,차대사람 - 기타,보행자보호의무위반,건조,맑음,단일로 - 기타,승용,남,31세,상해없음,보행자,남,60세,경상
2020091500100012,2020년 9월 15일 00시,화요일,전라북도 익산시 영등동,부상신고사고,0,0,0,1,차대차 - 측면충돌,불법유턴,건조,맑음,단일로 - 기타,자전거,남,18세,부상신고,승용,남,30세,상해없음
2020091500100131,2020년 9월 15일 09시,화요일,전라북도 전주시 덕진구 우아동3가,경상사고,0,0,3,0,차대차 - 측면충돌,신호위반,건조,맑음,교차로 - 교차로안,이륜,남,80세,상해없음,승용,남,60세,경상
2020091500100150,2020년 9월 15일 10시,화요일,전라북도 군산시 나운동,경상사고,0,0,1,0,차대차 - 추돌,안전운전불이행,건조,맑음,교차로 - 교차로부근,승용,남,56세,상해없음,화물,남,46세,경상
2020091500100227,2020년 9월 15일 12시,화요일,전라북도 전주시 덕진구 우아동1가,경상사고,0,0,1,0,차대차 - 측면충돌,신호위반,건조,맑음,교차로 - 교차로안,승용,여,59세,상해없음,승용,남,43세,경상
2020091500100256,2020년 9월 15일 13시,화요일,전라북도 정읍시 농소동,부상신고사고,0,0,0,1,차대차 - 측면충돌,안전운전불이행,건조,맑음,단일로 - 지하차도(도로)내,화물,남,41세,상해없음,이륜,남,78세,부상신고
2020091500100257,2020년 9월 15일 13시,화요일,전라북도 장수군 산서면,경상사고,0,0,4,0,차대차 - 측면충돌,중앙선침범,건조,맑음,단일로 - 기타,화물,남,50세,상해없음,승용,여,55세,경상
2020091500100299,2020년 9월 15일 14시,화요일,전라북도 익산시 모현동1가,경상사고,0,0,1,0,차대차 - 측면충돌,안전운전불이행,건조,맑음,교차로 - 교차로안,승용,여,27세,상해없음,자전거,여,61세,경상
2020091500100300,2020년 9월 15일 14시,화요일,전라북도 부안군 상서면,경상사고,0,0,1,0,차대차 - 추돌,안전운전불이행,건조,맑음,교차로 - 교차로부근,원동기,남,79세,경상,승용,남,83세,상해없음
2020091500100335,2020년 9월 15일 15시,화요일,전라북도 익산시 남중동,경상사고,0,0,1,0,차대차 - 측면충돌,직진우회전진행방해,건조,맑음,교차로 - 교차로안,승용,남,33세,상해없음,승용,여,50세,경상
2020091500100410,2020년 9월 15일 17시,화요일,전라북도 전주시 덕진구 진북동,경상사고,0,0,1,0,차대사람 - 기타,안전운전불이행,건조,맑음,단일로 - 기타,승용,여,48세,상해없음,보행자,남,64세,경상
2020091500100411,2020년 9월 15일 17시,화요일,전라북도 장수군 장수읍,중상사고,0,1,0,0,차량단독 - 도로외이탈 - 추락,안전운전불이행,건조,맑음,단일로 - 기타,이륜,남,68세,중상,,,,
2020091500100451,2020년 9월 15일 18시,화요일,전라북도 정읍시 연지동,경상사고,0,0,1,0,차대차 - 측면충돌,신호위반,젖음/습기,흐림,교차로 - 교차로안,화물,남,73세,상해없음,승용,남,36세,경상
2020091500100576,2020년 9월 15일 23시,화요일,전라북도 전주시 완산구 효자동2가,중상사고,0,1,0,0,차대차 - 정면충돌,신호위반,젖음/습기,비,교차로 - 교차로안,승용,여,58세,상해없음,승용,여,65세,중상
2020091600100021,2020년 9월 16일 02시,수요일,전라북도 전주시 완산구 중화산동2가,경상사고,0,0,1,0,차대차 - 기타,안전운전불이행,젖음/습기,비,교차로 - 교차로안,승용,남,43세,상해없음,승용,남,62세,경상
2020091600100036,2020년 9월 16일 05시,수요일,전라북도 정읍시 신태인읍,중상사고,0,1,0,0,차대차 - 기타,안전운전불이행,젖음/습기,비,단일로 - 기타,특수,남,55세,상해없음,자전거,남,83세,중상
2020091600100037,2020년 9월 16일 05시,수요일,전라북도 완주군 이서면,경상사고,0,0,1,0,차대차 - 측면충돌,신호위반,젖음/습기,비,교차로 - 교차로안,승용,남,43세,기타불명,화물,남,59세,경상
2020091600100059,2020년 9월 16일 07시,수요일,전라북도 전주시 완산구 색장동,경상사고,0,0,2,0,차대차 - 추돌,안전운전불이행,젖음/습기,비,단일로 - 기타,승용,남,72세,상해없음,승용,여,27세,경상
2020091600100088,2020년 9월 16일 08시,수요일,전라북도 전주시 완산구 중화산동2가,경상사고,0,0,1,0,차대차 - 측면충돌,안전운전불이행,건조,맑음,단일로 - 기타,승용,여,37세,상해없음,승용,남,58세,상해없음
2020091600100089,2020년 9월 16일 08시,수요일,전라북도 전주시 덕진구 인후동1가,중상사고,0,1,0,0,차대사람 - 횡단중,안전운전불이행,젖음/습기,비,단일로 - 기타,승용,남,35세,상해없음,보행자,여,80세,중상
2020091600100090,2020년 9월 16일 08시,수요일,전라북도 익산시 모현동2가,중상사고,0,1,0,0,차대차 - 측면충돌,안전운전불이행,건조,맑음,교차로 - 교차로부근,승합,남,52세,상해없음,자전거,남,78세,중상
2020091600100167,2020년 9월 16일 10시,수요일,전라북도 정읍시 수성동,경상사고,0,0,1,0,차대사람 - 차도통행중,안전운전불이행,건조,흐림,교차로 - 교차로부근,승용,남,65세,상해없음,보행자,남,61세,경상
2020091600100195,2020년 9월 16일 11시,수요일,전라북도 전주시 덕진구 금암동,중상사고,0,2,0,0,차대사람 - 길가장자리구역통행중,안전운전불이행,건조,맑음,단일로 - 기타,승용,여,70세,상해없음,보행자,여,77세,중상
2020091600100196,2020년 9월 16일 11시,수요일,전라북도 익산시 마동,중상사고,0,1,0,0,차대사람 - 횡단중,보행자보호의무위반,건조,맑음,교차로 - 교차로횡단보도내,화물,남,41세,상해없음,보행자,여,65세,중상
2020091600100275,2020년 9월 16일 14시,수요일,전라북도 익산시 영등동,경상사고,0,0,1,0,차대차 - 측면충돌,안전운전불이행,건조,맑음,교차로 - 교차로안,승용,여,42세,상해없음,자전거,남,66세,경상
2020091600100302,2020년 9월 16일 15시,수요일,전라북도 전주시 완산구 중앙동4가,중상사고,0,1,0,0,차대차 - 측면충돌,직진우회전진행방해,건조,맑음,교차로 - 교차로안,화물,남,85세,상해없음,자전거,남,81세,중상
2020091600100303,2020년 9월 16일 15시,수요일,전라북도 전주시 완산구 서신동,경상사고,0,0,1,0,차대차 - 측면충돌,안전운전불이행,건조,맑음,단일로 - 기타,승용,여,55세,상해없음,승용,여,27세,경상
2020091600100341,2020년 9월 16일 16시,수요일,전라북도 익산시 평화동,중상사고,0,1,0,0,차대사람 - 횡단중,안전운전불이행,젖음/습기,비,단일로 - 기타,승용,남,63세,상해없음,보행자,여,68세,중상
2020091600100342,2020년 9월 16일 16시,수요일,전라북도 고창군 고창읍,경상사고,0,0,1,0,차대차 - 측면충돌,신호위반,건조,맑음,교차로 - 교차로안,승용,여,62세,상해없음,승용,여,51세,경상
2020091600100383,2020년 9월 16일 17시,수요일,전라북도 익산시 팔봉동,경상사고,0,0,1,0,차대차 - 측면충돌,안전운전불이행,젖음/습기,비,단일로 - 기타,승용,남,70세,상해없음,특수,남,29세,경상
2020091600100421,2020년 9월 16일 18시,수요일,전라북도 전주시 완산구 원당동,경상사고,0,0,4,0,차대차 - 추돌,안전운전불이행,젖음/습기,비,단일로 - 기타,화물,남,54세,상해없음,승용,남,28세,경상
2020091600100422,2020년 9월 16일 18시,수요일,전라북도 군산시 신영동,경상사고,0,0,1,0,차대차 - 측면충돌,기타,젖음/습기,비,교차로 - 교차로안,자전거,남,80세,경상,화물,남,56세,상해없음
2020091600100469,2020년 9월 16일 19시,수요일,전라북도 전주시 덕진구 우아동3가,경상사고,0,0,1,0,차대차 - 측면충돌,안전운전불이행,젖음/습기,흐림,교차로 - 교차로부근,승용,남,47세,상해없음,화물,남,49세,경상
2020091600100470,2020년 9월 16일 19시,수요일,전라북도 군산시 미장동,중상사고,0,1,0,0,차대사람 - 횡단중,보행자보호의무위반,젖음/습기,흐림,교차로 - 교차로안,승용,여,50세,상해없음,보행자,남,76세,중상
2020091600100471,2020년 9월 16일 19시,수요일,전라북도 익산시 모현동1가,중상사고,0,2,3,0,차대차 - 측면충돌,교차로운행방법위반,젖음/습기,비,교차로 - 교차로안,승용,여,48세,상해없음,승용,남,39세,경상
2020091600100506,2020년 9월 16일 20시,수요일,전라북도 군산시 미룡동,경상사고,0,0,1,0,차대차 - 측면충돌,안전운전불이행,젖음/습기,비,교차로 - 교차로안,승용,남,46세,상해없음,승용,여,35세,경상
2020091600100547,2020년 9월 16일 22시,수요일,전라북도 군산시 수송동,경상사고,0,0,1,0,차대차 - 추돌,안전운전불이행,건조,맑음,단일로 - 기타,승용,남,49세,상해없음,승용,남,33세,경상
2020091600100548,2020년 9월 16일 22시,수요일,전라북도 고창군 고창읍,경상사고,0,0,1,0,차대사람 - 보도통행중,안전운전불이행,건조,맑음,기타 - 기타,승용,남,49세,상해없음,보행자,여,20세,경상
2020091600100568,2020년 9월 16일 23시,수요일,전라북도 전주시 완산구 삼천동1가,경상사고,0,0,1,0,차대차 - 추돌,안전운전불이행,건조,맑음,교차로 - 교차로부근,승용,남,60세,상해없음,승용,남,23세,경상
2020091600100569,2020년 9월 16일 23시,수요일,전라북도 순창군 순창읍,부상신고사고,0,0,0,1,차대차 - 기타,안전운전불이행,건조,맑음,단일로 - 기타,화물,남,61세,부상신고,승용,남,51세,기타불명
2020091700100039,2020년 9월 17일 05시,목요일,전라북도 전주시 덕진구 우아동3가,중상사고,0,1,0,0,차량단독 - 공작물충돌,안전운전불이행,건조,맑음,단일로 - 기타,승용,여,41세,상해없음,,,,
2020091700100040,2020년 9월 17일 05시,목요일,전라북도 부안군 부안읍,경상사고,0,0,1,0,차량단독 - 공작물충돌,안전운전불이행,건조,흐림,교차로 - 교차로부근,승용,남,63세,경상,,,,
2020091700100070,2020년 9월 17일 07시,목요일,전라북도 완주군 이서면,경상사고,0,0,1,0,차대차 - 측면충돌,안전거리미확보,건조,맑음,기타 - 기타,특수,남,57세,상해없음,승용,남,45세,경상
2020091700100103,2020년 9월 17일 08시,목요일,전라북도 익산시 왕궁면,경상사고,0,0,3,0,차대차 - 측면충돌,직진우회전진행방해,건조,흐림,교차로 - 교차로안,화물,남,63세,경상,승용,남,58세,경상
2020091700100131,2020년 9월 17일 09시,목요일,전라북도 군산시 경장동,중상사고,0,1,0,0,차대차 - 측면충돌,안전운전불이행,건조,맑음,교차로 - 교차로안,승용,여,39세,상해없음,자전거,남,77세,중상
2020091700100132,2020년 9월 17일 09시,목요일,전라북도 익산시 어양동,경상사고,0,0,2,0,차대차 - 측면충돌,직진우회전진행방해,젖음/습기,흐림,교차로 - 교차로안,승용,여,54세,상해없음,승용,남,56세,경상
2020091700100164,2020년 9월 17일 10시,목요일,전라북도 전주시 덕진구 금암동,경상사고,0,0,1,0,차대차 - 측면충돌,직진우회전진행방해,건조,맑음,교차로 - 교차로안,화물,남,50세,기타불명,승용,남,41세,경상
2020091700100165,2020년 9월 17일 10시,목요일,전라북도 정읍시 연지동,중상사고,0,1,0,0,차대사람 - 횡단중,보행자보호의무위반,건조,흐림,교차로 - 교차로횡단보도내,승용,남,76세,상해없음,보행자,남,85세,중상
2020091700100189,2020년 9월 17일 11시,목요일,전라북도 익산시 용안면,경상사고,0,0,2,0,차대차 - 측면충돌,직진우회전진행방해,건조,맑음,교차로 - 교차로안,화물,남,31세,상해없음,승합,남,54세,상해없음
2020091700100217,2020년 9월 17일 12시,목요일,전라북도 군산시 조촌동,중상사고,0,1,1,0,차대차 - 측면충돌,직진우회전진행방해,건조,맑음,교차로 - 교차로안,승용,남,64세,상해없음,원동기,남,86세,중상
2020091700100283,2020년 9월 17일 14시,목요일,전라북도 전주시 완산구 평화동1가,사망사고,1,0,0,0,차대사람 - 기타,안전운전불이행,건조,맑음,기타 - 기타,승용,여,57세,상해없음,보행자,여,58세,사망
2020091700100312,2020년 9월 17일 15시,목요일,전라북도 김제시 금산면,중상사고,0,1,0,0,차대차 - 측면충돌,신호위반,젖음/습기,비,교차로 - 교차로안,승용,여,40세,상해없음,화물,남,71세,중상
2020091700100431,2020년 9월 17일 18시,목요일,전라북도 전주시 덕진구 인후동1가,중상사고,0,1,0,0,차대사람 - 횡단중,보행자보호의무위반,건조,맑음,교차로 - 교차로안,승용,여,63세,상해없음,보행자,남,13세,중상
2020091700100432,2020년 9월 17일 18시,목요일,전라북도 김제시 백구면,부상신고사고,0,0,0,1,차대차 - 측면충돌,신호위반,젖음/습기,비,교차로 - 교차로안,승용,여,19세,상해없음,승합,남,70세,부상신고
2020091700100472,2020년 9월 17일 19시,목요일,전라북도 전주시 덕진구 우아동2가,경상사고,0,0,1,0,차대차 - 측면충돌,안전운전불이행,건조,맑음,단일로 - 기타,자전거,남,72세,경상,승합,여,50세,상해없음
2020091700100473,2020년 9월 17일 19시,목요일,전라북도 익산시 용제동,경상사고,0,0,1,0,차대차 - 기타,차로위반,젖음/습기,비,교차로 - 교차로안,승용,남,33세,상해없음,이륜,남,40세,경상
2020091700100536,2020년 9월 17일 21시,목요일,전라북도 전주시 완산구 중화산동2가,경상사고,0,0,1,0,차대차 - 측면충돌,안전운전불이행,건조,맑음,교차로 - 교차로부근,승용,남,68세,기타불명,승용,여,29세,경상
2020091700100575,2020년 9월 17일 22시,목요일,전라북도 전주시 완산구 서신동,경상사고,0,0,1,0,차대차 - 기타,직진우회전진행방해,건조,맑음,교차로 - 교차로안,승용,남,45세,상해없음,승용,남,56세,경상
2020091700100592,2020년 9월 17일 23시,목요일,전라북도 전주시 덕진구 중동,중상사고,0,1,0,0,차대사람 - 횡단중,안전운전불이행,건조,맑음,교차로 - 교차로안,승용,남,40세,상해없음,보행자,남,40세,중상
2020091800100021,2020년 9월 18일 01시,금요일,전라북도 전주시 완산구 서신동,경상사고,0,0,2,0,차대차 - 추돌,안전운전불이행,건조,맑음,교차로 - 교차로안,승용,남,61세,상해없음,승용,여,52세,경상
2020091800100071,2020년 9월 18일 07시,금요일,전라북도 전주시 덕진구 전미동1가,경상사고,0,0,1,0,차대차 - 추돌,안전운전불이행,건조,맑음,교차로 - 교차로부근,승용,남,32세,상해없음,승용,남,30세,경상
2020091800100072,2020년 9월 18일 07시,금요일,전라북도 김제시 공덕면,경상사고,0,0,1,0,차대차 - 측면충돌,안전운전불이행,건조,맑음,단일로 - 지하차도(도로)내,승용,남,44세,상해없음,승용,남,49세,경상
2020091800100145,2020년 9월 18일 09시,금요일,전라북도 전주시 완산구 효자동3가,경상사고,0,0,1,0,차대차 - 측면충돌,신호위반,건조,맑음,교차로 - 교차로안,승용,남,43세,상해없음,화물,남,41세,경상
2020091800100180,2020년 9월 18일 10시,금요일,전라북도 정읍시 시기동,경상사고,0,0,2,0,차대차 - 추돌,안전운전불이행,건조,맑음,교차로 - 교차로부근,화물,남,51세,상해없음,화물,여,60세,경상
2020091800100370,2020년 9월 18일 15시,금요일,전라북도 순창군 순창읍,경상사고,0,0,1,0,차대차 - 측면충돌,안전거리미확보,건조,맑음,교차로 - 교차로안,승합,남,63세,상해없음,이륜,남,78세,경상
2020091800100427,2020년 9월 18일 16시,금요일,전라북도 전주시 완산구 효자동2가,경상사고,0,0,1,0,차대사람 - 횡단중,안전운전불이행,건조,맑음,교차로 - 교차로안,기타불명,기타불명,미분류,기타불명,보행자,여,25세,경상
2020091800100428,2020년 9월 18일 16시,금요일,전라북도 익산시 남중동,중상사고,0,1,0,0,차대사람 - 횡단중,보행자보호의무위반,건조,맑음,교차로 - 교차로안,화물,남,65세,상해없음,보행자,여,76세,중상
2020091800100429,2020년 9월 18일 16시,금요일,전라북도 익산시 함열읍,경상사고,0,0,2,0,차대차 - 측면충돌,안전운전불이행,건조,맑음,교차로 - 교차로부근,화물,남,73세,상해없음,승용,남,34세,경상
2020091800100430,2020년 9월 18일 16시,금요일,전라북도 정읍시 연지동,경상사고,0,0,2,0,차대차 - 측면충돌,신호위반,건조,맑음,교차로 - 교차로안,승용,여,51세,상해없음,승용,남,78세,경상
2020091800100431,2020년 9월 18일 16시,금요일,전라북도 남원시 향교동,중상사고,0,1,0,0,차대차 - 기타,안전운전불이행,건조,맑음,교차로 - 교차로안,승용,남,58세,상해없음,화물,남,72세,중상
2020091800100490,2020년 9월 18일 17시,금요일,전라북도 전주시 덕진구 송천동1가,중상사고,0,1,1,0,차대차 - 측면충돌,신호위반,건조,맑음,교차로 - 교차로안,이륜,남,25세,중상,승용,남,60세,경상
2020091800100532,2020년 9월 18일 18시,금요일,전라북도 익산시 웅포면,경상사고,0,0,1,0,차대차 - 추돌,안전운전불이행,건조,맑음,단일로 - 교량,승용,남,70세,경상,화물,남,45세,기타불명
2020091800100533,2020년 9월 18일 18시,금요일,전라북도 남원시 고죽동,중상사고,0,1,1,0,차대차 - 측면충돌,안전운전불이행,건조,맑음,단일로 - 기타,승용,여,48세,상해없음,이륜,남,71세,경상
2020091800100534,2020년 9월 18일 18시,금요일,전라북도 남원시 조산동,중상사고,0,1,1,0,차대차 - 기타,안전운전불이행,건조,맑음,단일로 - 기타,승용,남,39세,상해없음,이륜,남,68세,경상
2020091800100593,2020년 9월 18일 19시,금요일,전라북도 전주시 덕진구 송천동1가,경상사고,0,0,1,0,차대차 - 측면충돌,교차로운행방법위반,건조,맑음,교차로 - 교차로안,승용,남,44세,상해없음,승용,남,36세,경상
2020091800100594,2020년 9월 18일 19시,금요일,전라북도 김제시 신풍동,중상사고,0,1,1,0,차대차 - 측면충돌,신호위반,건조,맑음,교차로 - 교차로안,승용,남,35세,상해없음,이륜,남,50세,중상
2020091800100639,2020년 9월 18일 20시,금요일,전라북도 군산시 구암동,경상사고,0,0,1,0,차대차 - 추돌,안전운전불이행,건조,맑음,교차로 - 교차로부근,화물,남,55세,상해없음,승용,남,38세,경상
2020091800100669,2020년 9월 18일 21시,금요일,전라북도 전주시 완산구 삼천동1가,중상사고,0,1,0,0,차대차 - 기타,중앙선침범,건조,맑음,단일로 - 기타,이륜,남,32세,상해없음,이륜,남,49세,중상
2020091800100703,2020년 9월 18일 22시,금요일,전라북도 익산시 영등동,경상사고,0,0,1,0,차대사람 - 횡단중,신호위반,건조,맑음,교차로 - 교차로횡단보도내,승용,남,72세,상해없음,보행자,여,16세,경상
2020091800100727,2020년 9월 18일 23시,금요일,전라북도 전주시 완산구 효자동3가,경상사고,0,0,1,0,차대차 - 측면충돌,신호위반,건조,맑음,교차로 - 교차로안,승용,남,70세,상해없음,승용,남,19세,경상
2020091900100044,2020년 9월 19일 03시,토요일,전라북도 익산시 모현동1가,경상사고,0,0,1,0,차대차 - 측면충돌,직진우회전진행방해,건조,맑음,교차로 - 교차로안,원동기,남,55세,경상,승용,남,48세,상해없음
2020091900100064,2020년 9월 19일 05시,토요일,전라북도 전주시 덕진구 송천동2가,경상사고,0,0,2,0,차대차 - 측면충돌,신호위반,건조,맑음,교차로 - 교차로안,승용,남,53세,상해없음,특수,남,40세,경상
2020091900100085,2020년 9월 19일 06시,토요일,전라북도 익산시 오산면,중상사고,0,1,1,0,차대차 - 측면충돌,안전거리미확보,건조,맑음,교차로 - 교차로부근,화물,남,45세,상해없음,승용,남,68세,중상
2020091900100086,2020년 9월 19일 06시,토요일,전라북도 고창군 부안면,경상사고,0,0,3,0,차대차 - 측면충돌,신호위반,건조,맑음,교차로 - 교차로안,건설기계,남,74세,상해없음,승용,여,44세,경상
2020091900100102,2020년 9월 19일 07시,토요일,전라북도 군산시 옥산면,경상사고,0,0,1,0,차대차 - 기타,신호위반,건조,맑음,교차로 - 교차로안,화물,남,42세,상해없음,승용,여,59세,경상
2020091900100120,2020년 9월 19일 08시,토요일,전라북도 군산시 금동,중상사고,0,1,0,0,차대사람 - 기타,안전운전불이행,건조,맑음,단일로 - 기타,화물,남,67세,상해없음,보행자,여,59세,중상
2020091900100121,2020년 9월 19일 08시,토요일,전라북도 완주군 구이면,중상사고,0,1,0,0,차대차 - 기타,안전운전불이행,건조,맑음,단일로 - 기타,승용,남,67세,상해없음,자전거,남,36세,중상
2020091900100157,2020년 9월 19일 09시,토요일,전라북도 익산시 어양동,경상사고,0,0,1,0,차대차 - 추돌,안전운전불이행,건조,맑음,교차로 - 교차로부근,화물,남,66세,상해없음,화물,남,55세,상해없음
2020091900100192,2020년 9월 19일 10시,토요일,전라북도 남원시 향교동,중상사고,0,1,0,0,차대차 - 측면충돌,안전운전불이행,건조,맑음,교차로 - 교차로안,승용,남,54세,상해없음,자전거,여,57세,중상
2020091900100384,2020년 9월 19일 14시,토요일,전라북도 전주시 완산구 태평동,중상사고,0,1,1,0,차대차 - 후진중충돌,안전운전불이행,건조,맑음,교차로 - 교차로부근,화물,남,40세,상해없음,승용,여,26세,중상
2020091900100385,2020년 9월 19일 14시,토요일,전라북도 정읍시 영원면,중상사고,0,1,1,0,차대차 - 측면충돌,신호위반,건조,맑음,교차로 - 교차로안,승용,여,38세,상해없음,승용,남,60세,경상
2020091900100430,2020년 9월 19일 15시,토요일,전라북도 군산시 조촌동,경상사고,0,0,3,0,차대차 - 기타,신호위반,건조,맑음,교차로 - 교차로안,승용,남,68세,상해없음,승용,남,33세,경상
2020091900100431,2020년 9월 19일 15시,토요일,전라북도 익산시 어양동,경상사고,0,0,1,0,차대차 - 측면충돌,안전운전불이행,건조,맑음,단일로 - 기타,승용,남,20세,상해없음,승용,남,32세,경상
2020091900100432,2020년 9월 19일 15시,토요일,전라북도 임실군 관촌면,중상사고,0,2,2,0,차대차 - 측면충돌,교차로운행방법위반,건조,맑음,교차로 - 교차로안,승용,남,32세,상해없음,승용,여,67세,중상
2020091900100433,2020년 9월 19일 15시,토요일,전라북도 장수군 번암면,경상사고,0,0,1,0,차대차 - 추돌,안전운전불이행,건조,맑음,단일로 - 교량,화물,남,54세,경상,화물,남,62세,상해없음
2020091900100480,2020년 9월 19일 16시,토요일,전라북도 전주시 덕진구 인후동1가,경상사고,0,0,1,0,차대차 - 측면충돌,안전운전불이행,건조,맑음,교차로 - 교차로부근,승용,여,54세,상해없음,자전거,남,11세,경상
2020091900100523,2020년 9월 19일 17시,토요일,전라북도 전주시 완산구 평화동2가,경상사고,0,0,1,0,차대차 - 기타,교차로운행방법위반,건조,맑음,교차로 - 교차로안,승용,남,59세,상해없음,승용,남,31세,경상
2020091900100524,2020년 9월 19일 17시,토요일,전라북도 군산시 성산면,경상사고,0,0,1,0,차대차 - 기타,교차로운행방법위반,건조,맑음,교차로 - 교차로안,승용,여,72세,상해없음,승용,남,52세,경상
2020091900100563,2020년 9월 19일 18시,토요일,전라북도 전주시 완산구 효자동2가,중상사고,0,1,0,0,차대차 - 측면충돌,안전운전불이행,건조,맑음,교차로 - 교차로안,승용,남,60세,상해없음,자전거,여,61세,중상
2020091900100564,2020년 9월 19일 18시,토요일,전라북도 고창군 고창읍,경상사고,0,0,2,0,차대차 - 측면충돌,교차로운행방법위반,건조,맑음,교차로 - 교차로안,승합,여,65세,상해없음,승용,여,45세,경상
2020091900100608,2020년 9월 19일 19시,토요일,전라북도 전주시 완산구 평화동2가,경상사고,0,0,1,0,차대차 - 측면충돌,신호위반,건조,맑음,교차로 - 교차로안,승용,남,66세,상해없음,이륜,남,31세,경상
2020091900100609,2020년 9월 19일 19시,토요일,전라북도 전주시 완산구 중화산동2가,중상사고,0,1,1,0,차대차 - 측면충돌,신호위반,건조,맑음,교차로 - 교차로안,승용,남,54세,상해없음,승용,남,25세,중상
2020091900100706,2020년 9월 19일 23시,토요일,전라북도 익산시 영등동,경상사고,0,0,1,0,차대사람 - 차도통행중,안전운전불이행,건조,맑음,단일로 - 기타,승용,남,23세,상해없음,보행자,남,46세,경상
2020092000100030,2020년 9월 20일 01시,일요일,전라북도 군산시 나운동,경상사고,0,0,2,0,차대차 - 추돌,안전운전불이행,건조,맑음,교차로 - 교차로부근,승용,남,34세,상해없음,승용,남,49세,경상
2020092000100130,2020년 9월 20일 10시,일요일,전라북도 전주시 완산구 서신동,경상사고,0,0,1,0,차대차 - 측면충돌,신호위반,건조,맑음,교차로 - 교차로안,승합,남,72세,상해없음,승합,남,55세,경상
2020092000100152,2020년 9월 20일 11시,일요일,전라북도 전주시 완산구 서서학동,경상사고,0,0,4,0,차대차 - 정면충돌,신호위반,건조,맑음,교차로 - 교차로안,승용,남,25세,경상,승용,남,35세,경상
2020092000100154,2020년 9월 20일 11시,일요일,전라북도 정읍시 고부면,경상사고,0,0,2,0,차대차 - 측면충돌,안전운전불이행,건조,맑음,기타 - 기타,승용,남,69세,경상,승용,여,32세,경상
2020092000100190,2020년 9월 20일 12시,일요일,전라북도 군산시 나운동,경상사고,0,0,1,0,차대차 - 추돌,안전거리미확보,건조,맑음,교차로 - 교차로부근,승용,남,66세,상해없음,승용,남,65세,경상
2020092000100228,2020년 9월 20일 13시,일요일,전라북도 전주시 덕진구 송천동2가,중상사고,0,1,2,0,차대차 - 추돌,안전운전불이행,건조,맑음,교차로 - 교차로부근,화물,남,45세,상해없음,화물,여,64세,중상
2020092000100266,2020년 9월 20일 14시,일요일,전라북도 전주시 완산구 풍남동3가,중상사고,0,1,0,1,차대사람 - 길가장자리구역통행중,안전운전불이행,건조,맑음,단일로 - 기타,이륜,남,30세,부상신고,보행자,여,41세,중상
2020092000100267,2020년 9월 20일 14시,일요일,전라북도 정읍시 입암면,중상사고,0,2,0,0,차대차 - 측면충돌,안전운전불이행,건조,맑음,교차로 - 교차로안,사륜오토바이(ATV),여,68세,중상,승용,남,70세,상해없음
2020092000100268,2020년 9월 20일 14시,일요일,전라북도 순창군 순창읍,경상사고,0,0,1,0,차대차 - 측면충돌,신호위반,건조,맑음,교차로 - 교차로안,승용,여,73세,상해없음,승용,남,31세,경상
2020092000100305,2020년 9월 20일 15시,일요일,전라북도 군산시 나운동,부상신고사고,0,0,0,1,차대사람 - 기타,보행자보호의무위반,건조,맑음,교차로 - 교차로횡단보도내,원동기,남,19세,상해없음,보행자,남,5세,부상신고
2020092000100306,2020년 9월 20일 15시,일요일,전라북도 익산시 성당면,경상사고,0,0,2,0,차대차 - 측면충돌,신호위반,건조,맑음,교차로 - 교차로안,승용,여,59세,상해없음,이륜,남,51세,경상
2020092000100381,2020년 9월 20일 17시,일요일,전라북도 전주시 완산구 삼천동1가,경상사고,0,0,3,0,차대차 - 측면충돌,신호위반,건조,맑음,단일로 - 기타,승용,남,65세,상해없음,승용,남,45세,경상
2020092000100382,2020년 9월 20일 17시,일요일,전라북도 익산시 춘포면,경상사고,0,0,2,0,차대차 - 추돌,안전운전불이행,건조,맑음,교차로 - 교차로부근,승합,남,68세,상해없음,승용,남,69세,경상
2020092000100415,2020년 9월 20일 18시,일요일,전라북도 익산시 영등동,경상사고,0,0,1,0,차대차 - 측면충돌,교차로운행방법위반,건조,맑음,교차로 - 교차로안,승용,남,22세,상해없음,승용,남,22세,경상
2020092000100438,2020년 9월 20일 19시,일요일,전라북도 전주시 완산구 중노송동,경상사고,0,0,2,0,차대사람 - 횡단중,보행자보호의무위반,건조,맑음,단일로 - 기타,승용,여,60세,상해없음,보행자,여,52세,경상
2020092000100498,2020년 9월 20일 21시,일요일,전라북도 군산시 월명동,경상사고,0,0,1,0,차대차 - 기타,교차로운행방법위반,건조,맑음,교차로 - 교차로안,승용,남,26세,상해없음,승용,남,58세,상해없음