사고번호,사고일시,요일,시군구,사고내용,사망자수,중상자수,경상자수,부상신고자수,사고유형,법규위반,노면상태,기상상태,도로형태,가해운전자 차종,가해운전자 성별,가해운전자 연령,가해운전자 상해정도,피해운전자 차종,피해운전자 성별,피해운전자 연령,피해운전자 상해정도
2020100400100010,2020년 10월 4일 00시,일요일,전라북도 군산시 삼학동,경상사고,0,0,1,0,차대사람 - 기타,안전운전불이행,건조,맑음,단일로 - 기타,승용,여,28세,상해없음,보행자,남,23세,경상
2020100400100064,2020년 10월 4일 06시,일요일,전라북도 전주시 덕진구 진북동,경상사고,0,0,1,0,차대사람 - 기타,안전운전불이행,젖음/습기,비,교차로 - 교차로안,승용,남,70세,상해없음,보행자,여,69세,경상
2020100400100073,2020년 10월 4일 07시,일요일,전라북도 장수군 장계면,사망사고,1,0,0,0,차량단독 - 공작물충돌,안전운전불이행,젖음/습기,비,단일로 - 기타,사륜오토바이(ATV),남,83세,사망,,,,
2020100400100104,2020년 10월 4일 10시,일요일,전라북도 군산시 나운동,중상사고,0,1,1,0,차대차 - 측면충돌,직진우회전진행방해,건조,맑음,교차로 - 교차로안,승용,남,40세,상해없음,승용,여,44세,경상
2020100400100195,2020년 10월 4일 14시,일요일,전라북도 전주시 덕진구 성덕동,경상사고,0,0,1,0,차대차 - 측면충돌,중앙선침범,건조,맑음,교차로 - 교차로안,승용,여,69세,상해없음,이륜,남,62세,경상
2020100400100288,2020년 10월 4일 17시,일요일,전라북도 군산시 나운동,경상사고,0,0,8,0,차대차 - 추돌,안전운전불이행,건조,맑음,교차로 - 교차로부근,승용,여,39세,상해없음,승용,여,38세,경상
2020100400100310,2020년 10월 4일 18시,일요일,전라북도 전주시 완산구 효자동2가,경상사고,0,0,1,0,차대차 - 기타,안전거리미확보,건조,맑음,단일로 - 기타,이륜,남,22세,상해없음,승용,남,36세,경상
2020100400100311,2020년 10월 4일 18시,일요일,전라북도 장수군 산서면,중상사고,0,1,0,0,차량단독 - 도로외이탈 - 기타,안전운전불이행,건조,맑음,단일로 - 기타,승용,여,61세,중상,,,,
2020100400100340,2020년 10월 4일 19시,일요일,전라북도 전주시 덕진구 팔복동1가,경상사고,0,0,3,0,차대차 - 추돌,안전운전불이행,건조,맑음,교차로 - 교차로부근,승용,남,79세,기타불명,승용,남,49세,경상
2020100400100360,2020년 10월 4일 20시,일요일,전라북도 전주시 덕진구 인후동1가,경상사고,0,0,3,0,차대차 - 측면충돌,신호위반,건조,맑음,교차로 - 교차로안,이륜,남,20세,상해없음,승용,남,28세,경상
2020100400100381,2020년 10월 4일 21시,일요일,전라북도 전주시 완산구 효자동2가,중상사고,0,1,0,0,차대사람 - 기타,안전운전불이행,건조,맑음,기타 - 기타,이륜,남,34세,상해없음,보행자,여,74세,중상
2020100400100393,2020년 10월 4일 22시,일요일,전라북도 전주시 덕진구 인후동1가,경상사고,0,0,1,0,차대사람 - 기타,기타,건조,맑음,단일로 - 기타,승합,남,40세,상해없음,보행자,여,29세,경상
2020100500100021,2020년 10월 5일 03시,월요일,전라북도 전주시 완산구 효자동3가,경상사고,0,0,1,0,차량단독 - 기타,안전운전불이행,건조,맑음,단일로 - 기타,승용,남,21세,상해없음,,,,
2020100500100022,2020년 10월 5일 03시,월요일,전라북도 익산시 여산면,사망사고,2,0,1,0,차대차 - 추돌,안전운전불이행,건조,맑음,단일로 - 기타,화물,남,35세,사망,화물,남,59세,경상
2020100500100062,2020년 10월 5일 07시,월요일,전라북도 부안군 부안읍,중상사고,0,1,1,0,차대차 - 측면충돌,교차로운행방법위반,건조,맑음,교차로 - 교차로안,화물,남,56세,경상,승용,남,28세,중상
2020100500100101,2020년 10월 5일 08시,월요일,전라북도 익산시 갈산동,경상사고,0,0,3,0,차대차 - 측면충돌,신호위반,건조,맑음,교차로 - 교차로안,승합,남,64세,상해없음,승용,남,63세,경상
2020100500100102,2020년 10월 5일 08시,월요일,전라북도 김제시 검산동,경상사고,0,0,1,0,차대차 - 측면충돌,직진우회전진행방해,건조,맑음,교차로 - 교차로안,승용,여,54세,상해없음,승용,여,52세,경상
2020100500100103,2020년 10월 5일 08시,월요일,전라북도 임실군 성수면,경상사고,0,0,2,0,차대차 - 추돌,안전운전불이행,건조,맑음,교차로 - 교차로부근,화물,남,65세,상해없음,승용,남,72세,경상
2020100500100148,2020년 10월 5일 09시,월요일,전라북도 전주시 덕진구 덕진동1가,경상사고,0,0,1,0,차대차 - 추돌,안전운전불이행,건조,맑음,교차로 - 교차로부근,승용,남,58세,상해없음,화물,남,40세,경상
2020100500100149,2020년 10월 5일 09시,월요일,전라북도 완주군 삼례읍,경상사고,0,0,1,0,차대차 - 측면충돌,안전거리미확보,건조,맑음,단일로 - 기타,승용,여,36세,상해없음,승용,남,36세,경상
2020100500100220,2020년 10월 5일 11시,월요일,전라북도 전주시 완산구 중화산동2가,중상사고,0,1,0,0,차대차 - 기타,중앙선침범,건조,맑음,단일로 - 기타,승용,여,51세,기타불명,이륜,남,25세,중상
2020100500100254,2020년 10월 5일 12시,월요일,전라북도 전주시 덕진구 우아동2가,경상사고,0,0,1,0,차대사람 - 횡단중,보행자보호의무위반,건조,맑음,교차로 - 교차로안,승용,여,58세,상해없음,보행자,여,76세,경상
2020100500100255,2020년 10월 5일 12시,월요일,전라북도 부안군 부안읍,중상사고,0,1,0,0,차대차 - 측면충돌,교차로운행방법위반,건조,맑음,교차로 - 교차로안,승용,여,44세,상해없음,자전거,남,81세,중상
2020100500100348,2020년 10월 5일 14시,월요일,전라북도 전주시 덕진구 만성동,경상사고,0,0,2,0,차대차 - 측면충돌,안전운전불이행,건조,맑음,교차로 - 교차로안,승용,여,51세,상해없음,승용,남,60세,경상
2020100500100349,2020년 10월 5일 14시,월요일,전라북도 익산시 부송동,경상사고,0,0,1,0,차대차 - 측면충돌,안전운전불이행,건조,맑음,교차로 - 교차로안,개인형이동수단(PM),여,19세,경상,승용,여,37세,상해없음
2020100500100391,2020년 10월 5일 15시,월요일,전라북도 익산시 송학동,경상사고,0,0,1,0,차대차 - 측면충돌,안전운전불이행,건조,맑음,교차로 - 교차로안,자전거,남,69세,경상,승용,남,49세,상해없음
2020100500100392,2020년 10월 5일 15시,월요일,전라북도 김제시 만경읍,경상사고,0,0,2,0,차대차 - 추돌,안전운전불이행,건조,맑음,단일로 - 기타,화물,남,41세,상해없음,승용,남,55세,경상
2020100500100439,2020년 10월 5일 16시,월요일,전라북도 익산시 동산동,경상사고,0,0,1,0,차대사람 - 기타,안전운전불이행,건조,맑음,주차장 - 주차장,자전거,남,15세,상해없음,보행자,여,54세,경상
2020100500100482,2020년 10월 5일 17시,월요일,전라북도 부안군 줄포면,중상사고,0,1,0,0,차대차 - 측면충돌,안전운전불이행,건조,맑음,단일로 - 기타,화물,남,63세,상해없음,원동기,남,76세,중상
2020100500100526,2020년 10월 5일 18시,월요일,전라북도 남원시 노암동,중상사고,0,1,0,0,차대차 - 기타,안전운전불이행,건조,맑음,교차로 - 교차로안,승용,여,19세,상해없음,이륜,남,69세,중상
2020100500100527,2020년 10월 5일 18시,월요일,전라북도 부안군 부안읍,중상사고,0,1,0,0,차대차 - 측면충돌,안전운전불이행,건조,기타,단일로 - 기타,승용,남,21세,상해없음,원동기,남,24세,중상
2020100500100620,2020년 10월 5일 21시,월요일,전라북도 전주시 완산구 서신동,경상사고,0,0,1,0,차대차 - 측면충돌,안전거리미확보,건조,맑음,교차로 - 교차로부근,승용,남,27세,상해없음,승용,남,21세,상해없음
2020100500100621,2020년 10월 5일 21시,월요일,전라북도 전주시 덕진구 송천동1가,경상사고,0,0,1,0,차대사람 - 차도통행중,안전운전불이행,건조,맑음,단일로 - 기타,승용,여,43세,상해없음,보행자,여,43세,경상
2020100500100622,2020년 10월 5일 21시,월요일,전라북도 군산시 미장동,경상사고,0,0,1,0,차대사람 - 길가장자리구역통행중,안전운전불이행,건조,맑음,교차로 - 교차로부근,승용,여,70세,기타불명,보행자,여,23세,경상
2020100500100652,2020년 10월 5일 23시,월요일,전라북도 익산시 영등동,경상사고,0,0,1,0,차대차 - 측면충돌,직진우회전진행방해,건조,맑음,교차로 - 교차로안,승용,남,19세,상해없음,이륜,남,23세,경상
2020100600100071,2020년 10월 6일 07시,화요일,전라북도 전주시 완산구 중화산동2가,중상사고,0,1,0,0,차대차 - 측면충돌,신호위반,건조,맑음,교차로 - 교차로안,승용,남,76세,상해없음,이륜,남,71세,중상
2020100600100072,2020년 10월 6일 07시,화요일,전라북도 남원시 향교동,경상사고,0,0,2,0,차대차 - 측면충돌,안전운전불이행,건조,맑음,교차로 - 교차로안,승용,남,22세,상해없음,승용,남,46세,경상
2020100600100106,2020년 10월 6일 08시,화요일,전라북도 전주시 완산구 평화동2가,중상사고,0,1,0,0,차대사람 - 횡단중,안전운전불이행,건조,맑음,교차로 - 교차로안,승용,남,75세,상해없음,보행자,여,72세,중상
2020100600100140,2020년 10월 6일 09시,화요일,전라북도 고창군 신림면,중상사고,0,1,1,0,차대차 - 추돌,안전운전불이행,건조,맑음,교차로 - 교차로부근,화물,남,61세,상해없음,승용,남,64세,경상
2020100600100210,2020년 10월 6일 11시,화요일,전라북도 익산시 신흥동,중상사고,0,1,0,0,차대차 - 측면충돌,직진우회전진행방해,건조,맑음,교차로 - 교차로안,화물,남,58세,상해없음,이륜,남,49세,중상
2020100600100211,2020년 10월 6일 11시,화요일,전라북도 익산시 함열읍,경상사고,0,0,1,0,차대차 - 추돌,신호위반,건조,맑음,교차로 - 교차로안,승용,남,77세,상해없음,화물,남,39세,경상
2020100600100250,2020년 10월 6일 12시,화요일,전라북도 전주시 완산구 효자동1가,중상사고,0,1,0,0,차대차 - 측면충돌,안전거리미확보,건조,맑음,단일로 - 기타,승용,남,63세,상해없음,이륜,남,49세,중상
2020100600100280,2020년 10월 6일 13시,화요일,전라북도 전주시 덕진구 인후동1가,경상사고,0,0,1,0,차대차 - 측면충돌,안전운전불이행,건조,맑음,교차로 - 교차로부근,승용,남,68세,기타불명,승용,남,38세,경상
2020100600100377,2020년 10월 6일 15시,화요일,전라북도 완주군 봉동읍,경상사고,0,0,2,0,차대차 - 기타,차로위반,건조,맑음,단일로 - 기타,승용,남,44세,상해없음,승용,남,47세,경상
2020100600100412,2020년 10월 6일 16시,화요일,전라북도 전주시 덕진구 우아동2가,경상사고,0,0,3,0,차대차 - 정면충돌,중앙선침범,건조,맑음,단일로 - 기타,승용,여,41세,상해없음,승용,남,40세,경상
2020100600100413,2020년 10월 6일 16시,화요일,전라북도 군산시 수송동,경상사고,0,0,1,0,차대차 - 기타,안전운전불이행,건조,맑음,교차로 - 교차로안,승합,남,72세,상해없음,자전거,남,14세,경상
2020100600100414,2020년 10월 6일 16시,화요일,전라북도 정읍시 시기동,경상사고,0,0,1,0,차대차 - 기타,중앙선침범,건조,맑음,단일로 - 기타,승용,여,71세,상해없음,승용,남,34세,상해없음
2020100600100552,2020년 10월 6일 19시,화요일,전라북도 익산시 영등동,경상사고,0,0,1,0,차대차 - 측면충돌,안전운전불이행,건조,맑음,교차로 - 교차로안,승용,여,40세,상해없음,원동기,여,20세,경상
2020100600100553,2020년 10월 6일 19시,화요일,전라북도 김제시 교동,경상사고,0,0,1,0,차대차 - 측면충돌,교차로운행방법위반,건조,맑음,교차로 - 교차로안,승용,여,36세,상해없음,승용,남,59세,경상
2020100600100590,2020년 10월 6일 20시,화요일,전라북도 남원시 도통동,경상사고,0,0,1,0,차대사람 - 차도통행중,안전운전불이행,건조,맑음,교차로 - 교차로부근,승용,여,41세,상해없음,보행자,남,45세,경상
2020100600100618,2020년 10월 6일 21시,화요일,전라북도 전주시 완산구 효자동3가,중상사고,0,1,1,0,차대사람 - 보도통행중,신호위반,건조,맑음,교차로 - 교차로횡단보도내,승용,남,65세,상해없음,보행자,남,31세,경상
2020100600100638,2020년 10월 6일 22시,화요일,전라북도 정읍시 소성면,중상사고,0,1,0,0,차대사람 - 길가장자리구역통행중,안전운전불이행,건조,맑음,단일로 - 기타,승용,여,36세,상해없음,보행자,남,46세,중상
2020100700100066,2020년 10월 7일 07시,수요일,전라북도 군산시 오식도동,경상사고,0,0,2,0,차대차 - 기타,신호위반,건조,맑음,교차로 - 교차로안,승용,남,42세,상해없음,승용,남,37세,경상
2020100700100134,2020년 10월 7일 09시,수요일,전라북도 정읍시 칠보면,중상사고,0,1,0,0,차대차 - 측면충돌,안전운전불이행,건조,맑음,단일로 - 기타,화물,남,32세,상해없음,자전거,남,72세,중상
2020100700100228,2020년 10월 7일 12시,수요일,전라북도 정읍시 연지동,경상사고,0,0,2,0,차대차 - 측면충돌,신호위반,건조,맑음,교차로 - 교차로안,승용,여,56세,경상,승용,여,67세,경상
2020100700100299,2020년 10월 7일 14시,수요일,전라북도 익산시 임상동,경상사고,0,0,1,0,차대차 - 측면충돌,직진우회전진행방해,건조,맑음,교차로 - 교차로안,자전거,남,61세,경상,화물,남,47세,상해없음
2020100700100300,2020년 10월 7일 14시,수요일,전라북도 남원시 용정동,중상사고,0,1,0,0,차대차 - 기타,안전운전불이행,건조,맑음,단일로 - 기타,화물,남,57세,상해없음,이륜,여,75세,중상
2020100700100336,2020년 10월 7일 15시,수요일,전라북도 군산시 산북동,사망사고,1,0,1,0,차대차 - 추돌,안전운전불이행,건조,맑음,교차로 - 교차로부근,화물,남,69세,사망,화물,남,52세,경상
2020100700100370,2020년 10월 7일 16시,수요일,전라북도 김제시 백구면,중상사고,0,1,1,0,차대차 - 추돌,안전거리미확보,건조,맑음,단일로 - 지하차도(도로)내,승용,남,40세,상해없음,승용,여,42세,경상
2020100700100416,2020년 10월 7일 17시,수요일,전라북도 익산시 영등동,경상사고,0,0,1,0,차대차 - 추돌,안전운전불이행,건조,맑음,단일로 - 기타,승용,여,22세,상해없음,승용,남,38세,경상
2020100700100417,2020년 10월 7일 17시,수요일,전라북도 익산시 낭산면,경상사고,0,0,2,0,차대차 - 측면충돌,기타,건조,맑음,교차로 - 교차로안,승합,남,19세,경상,승용,남,59세,경상
2020100700100468,2020년 10월 7일 18시,수요일,전라북도 익산시 신흥동,경상사고,0,0,1,0,차대차 - 기타,안전운전불이행,건조,맑음,교차로 - 교차로부근,승용,남,73세,상해없음,승용,여,33세,경상
2020100700100522,2020년 10월 7일 19시,수요일,전라북도 진안군 진안읍,중상사고,0,1,0,0,차대사람 - 차도통행중,안전운전불이행,건조,맑음,단일로 - 기타,화물,남,56세,상해없음,보행자,남,83세,중상
2020100700100579,2020년 10월 7일 21시,수요일,전라북도 전주시 덕진구 인후동1가,경상사고,0,0,1,0,차대차 - 측면충돌,안전운전불이행,건조,맑음,교차로 - 교차로안,기타불명,기타불명,미분류,기타불명,승용,남,29세,경상
2020100700100580,2020년 10월 7일 21시,수요일,전라북도 군산시 나운동,중상사고,0,1,0,0,차대사람 - 보도통행중,보행자보호의무위반,건조,맑음,교차로 - 교차로안,개인형이동수단(PM),남,15세,상해없음,보행자,여,55세,중상
2020100700100581,2020년 10월 7일 21시,수요일,전라북도 익산시 모현동2가,중상사고,0,1,0,0,차대사람 - 횡단중,보행자보호의무위반,건조,맑음,교차로 - 교차로안,승용,남,56세,상해없음,보행자,남,54세,중상
2020100700100606,2020년 10월 7일 22시,수요일,전라북도 전주시 덕진구 금암동,경상사고,0,0,1,0,차대차 - 정면충돌,중앙선침범,건조,맑음,단일로 - 기타,승용,남,53세,상해없음,원동기,남,46세,경상
2020100800100008,2020년 10월 8일 00시,목요일,전라북도 익산시 인화동1가,경상사고,0,0,1,0,차대차 - 추돌,안전운전불이행,건조,맑음,교차로 - 교차로부근,승용,남,50세,상해없음,승합,남,46세,경상
2020100800100009,2020년 10월 8일 00시,목요일,전라북도 익산시 신동,경상사고,0,0,3,0,차대차 - 추돌,안전운전불이행,건조,맑음,단일로 - 기타,승용,남,50세,상해없음,승용,여,38세,경상
2020100800100032,2020년 10월 8일 02시,목요일,전라북도 완주군 용진읍,중상사고,0,1,0,0,차대차 - 기타,안전운전불이행,건조,맑음,단일로 - 기타,화물,남,49세,상해없음,승합,남,75세,중상
2020100800100089,2020년 10월 8일 07시,목요일,전라북도 전주시 완산구 중화산동2가,중상사고,0,1,0,0,차대차 - 측면충돌,신호위반,기타,기타,교차로 - 교차로부근,화물,남,57세,상해없음,승용,여,35세,중상
2020100800100090,2020년 10월 8일 07시,목요일,전라북도 익산시 동산동,중상사고,0,1,0,0,차대차 - 측면충돌,안전운전불이행,건조,맑음,교차로 - 교차로안,원동기,여,80세,중상,승용,여,56세,상해없음
2020100800100135,2020년 10월 8일 08시,목요일,전라북도 완주군 이서면,경상사고,0,0,1,0,차대차 - 기타,안전운전불이행,건조,맑음,단일로 - 기타,화물,남,25세,상해없음,승용,여,55세,경상
2020100800100181,2020년 10월 8일 09시,목요일,전라북도 전주시 완산구 효자동3가,경상사고,0,0,1,0,차대사람 - 차도통행중,안전운전불이행,건조,맑음,단일로 - 기타,승용,남,32세,상해없음,보행자,남,42세,경상
2020100800100182,2020년 10월 8일 09시,목요일,전라북도 전주시 덕진구 송천동2가,경상사고,0,0,3,0,차대차 - 측면충돌,신호위반,건조,맑음,교차로 - 교차로안,승용,여,58세,상해없음,승용,여,38세,경상
2020100800100226,2020년 10월 8일 10시,목요일,전라북도 순창군 순창읍,경상사고,0,0,2,0,차대차 - 기타,안전운전불이행,건조,맑음,단일로 - 기타,화물,여,50세,상해없음,승용,여,38세,경상
2020100800100263,2020년 10월 8일 11시,목요일,전라북도 남원시 대강면,중상사고,0,1,0,0,차대차 - 측면충돌,중앙선침범,건조,맑음,교차로 - 교차로부근,사륜오토바이(ATV),여,68세,중상,이륜,남,59세,상해없음
2020100800100294,2020년 10월 8일 12시,목요일,전라북도 군산시 성산면,중상사고,0,1,1,0,차대차 - 정면충돌,중앙선침범,건조,맑음,단일로 - 지하차도(도로)내,승용,여,65세,중상,승용,남,63세,경상
2020100800100295,2020년 10월 8일 12시,목요일,전라북도 정읍시 수성동,경상사고,0,0,2,0,차대차 - 측면충돌,교차로운행방법위반,건조,맑음,교차로 - 교차로안,승용,남,67세,경상,승용,여,57세,경상
2020100800100403,2020년 10월 8일 15시,목요일,전라북도 익산시 영등동,경상사고,0,0,1,0,차대사람 - 횡단중,보행자보호의무위반,건조,맑음,교차로 - 교차로안,승용,남,29세,상해없음,보행자,남,81세,경상
2020100800100502,2020년 10월 8일 17시,목요일,전라북도 익산시 황등면,경상사고,0,0,2,0,차대차 - 추돌,안전운전불이행,건조,맑음,단일로 - 기타,승용,여,43세,상해없음,화물,여,56세,경상
2020100800100562,2020년 10월 8일 18시,목요일,전라북도 군산시 월명동,경상사고,0,0,2,0,차대차 - 추돌,안전운전불이행,건조,맑음,단일로 - 지하차도(도로)내,화물,남,71세,상해없음,승용,여,51세,경상
2020100800100630,2020년 10월 8일 19시,목요일,전라북도 김제시 죽산면,중상사고,0,2,6,0,차대차 - 추돌,안전운전불이행,건조,맑음,단일로 - 기타,승용,남,47세,상해없음,승용,남,34세,중상
2020100800100631,2020년 10월 8일 19시,목요일,전라북도 부안군 부안읍,중상사고,0,1,0,0,차대차 - 측면충돌,안전운전불이행,건조,맑음,단일로 - 지하차도(도로)내,승용,남,21세,상해없음,원동기,남,55세,중상
2020100900100055,2020년 10월 9일 03시,금요일,전라북도 익산시 모현동1가,경상사고,0,0,1,0,차대사람 - 기타,안전운전불이행,건조,맑음,단일로 - 기타,기타불명,기타불명,미분류,기타불명,보행자,남,42세,경상
2020100900100065,2020년 10월 9일 04시,금요일,전라북도 전주시 완산구 서신동,경상사고,0,0,1,0,차대차 - 기타,신호위반,건조,맑음,교차로 - 교차로부근,승용,남,30세,상해없음,승용,남,50세,상해없음
2020100900100117,2020년 10월 9일 08시,금요일,전라북도 전주시 덕진구 여의동,중상사고,0,1,0,0,차대차 - 측면충돌,불법유턴,건조,맑음,단일로 - 기타,화물,남,63세,상해없음,화물,남,39세,중상
2020100900100132,2020년 10월 9일 09시,금요일,전라북도 익산시 영등동,경상사고,0,0,1,0,차대차 - 측면충돌,직진우회전진행방해,건조,맑음,교차로 - 교차로안,승용,남,47세,상해없음,승용,여,29세,경상
2020100900100133,2020년 10월 9일 09시,금요일,전라북도 정읍시 영원면,경상사고,0,0,1,0,차량단독 - 도로외이탈 - 추락,안전운전불이행,건조,맑음,기타 - 기타,개인형이동수단(PM),여,78세,경상,,,,
2020100900100134,2020년 10월 9일 09시,금요일,전라북도 부안군 부안읍,중상사고,0,1,0,0,차대사람 - 기타,안전운전불이행,건조,맑음,단일로 - 기타,승용,여,66세,상해없음,보행자,남,73세,중상
2020100900100135,2020년 10월 9일 09시,금요일,전라북도 진안군 진안읍,중상사고,0,1,1,0,차대차 - 측면충돌,교차로운행방법위반,건조,맑음,교차로 - 교차로안,승용,여,47세,경상,이륜,남,78세,중상
2020100900100159,2020년 10월 9일 10시,금요일,전라북도 전주시 완산구 효자동3가,경상사고,0,0,3,0,차대차 - 기타,안전거리미확보,건조,맑음,단일로 - 교량,승용,남,24세,경상,승용,남,70세,경상
2020100900100227,2020년 10월 9일 12시,금요일,전라북도 군산시 삼학동,경상사고,0,0,1,0,차대차 - 측면충돌,안전운전불이행,건조,맑음,교차로 - 교차로안,화물,남,49세,상해없음,이륜,남,22세,경상
2020100900100258,2020년 10월 9일 13시,금요일,전라북도 전주시 덕진구 송천동1가,경상사고,0,0,2,0,차대차 - 측면충돌,직진우회전진행방해,건조,맑음,교차로 - 교차로안,승용,남,22세,상해없음,승용,남,61세,경상
2020100900100259,2020년 10월 9일 13시,금요일,전라북도 전주시 덕진구 금암동,경상사고,0,0,2,0,차대차 - 측면충돌,안전거리미확보,건조,맑음,단일로 - 기타,승용,남,64세,상해없음,승용,남,24세,경상
2020100900100260,2020년 10월 9일 13시,금요일,전라북도 군산시 서수면,중상사고,0,1,2,0,차대차 - 측면충돌,신호위반,건조,맑음,교차로 - 교차로안,승용,여,35세,경상,화물,남,44세,경상
2020100900100295,2020년 10월 9일 14시,금요일,전라북도 전주시 완산구 용복동,중상사고,0,2,2,0,차대차 - 기타,안전거리미확보,건조,맑음,단일로 - 기타,화물,남,51세,상해없음,승용,남,72세,중상
2020100900100325,2020년 10월 9일 15시,금요일,전라북도 군산시 신영동,부상신고사고,0,0,0,1,차대사람 - 횡단중,안전운전불이행,건조,맑음,교차로 - 교차로부근,승용,여,57세,상해없음,보행자,여,4세,부상신고
2020100900100358,2020년 10월 9일 16시,금요일,전라북도 군산시 소룡동,중상사고,0,1,0,0,차대차 - 측면충돌,안전운전불이행,건조,맑음,교차로 - 교차로부근,승용,남,55세,상해없음,자전거,남,53세,중상
2020100900100359,2020년 10월 9일 16시,금요일,전라북도 군산시 미룡동,경상사고,0,0,1,0,차대차 - 추돌,안전운전불이행,건조,맑음,단일로 - 기타,승용,남,54세,상해없음,승용,남,51세,경상
2020100900100360,2020년 10월 9일 16시,금요일,전라북도 익산시 여산면,경상사고,0,0,1,0,차대사람 - 기타,안전운전불이행,건조,맑음,단일로 - 기타,화물,남,56세,상해없음,보행자,남,59세,경상
2020100900100361,2020년 10월 9일 16시,금요일,전라북도 익산시 남중동,경상사고,0,0,2,0,차대차 - 기타,안전운전불이행,건조,맑음,교차로 - 교차로안,승용,여,63세,상해없음,승용,남,71세,경상
2020100900100395,2020년 10월 9일 17시,금요일,전라북도 김제시 금구면,경상사고,0,0,7,0,차대차 - 추돌,안전운전불이행,건조,맑음,단일로 - 지하차도(도로)내,승용,남,23세,상해없음,승용,남,45세,경상
2020100900100430,2020년 10월 9일 18시,금요일,전라북도 전주시 완산구 태평동,경상사고,0,0,1,0,차대차 - 기타,중앙선침범,건조,맑음,기타 - 기타,승용,남,55세,상해없음,승용,남,36세,상해없음
2020100900100517,2020년 10월 9일 20시,금요일,전라북도 전주시 덕진구 진북동,경상사고,0,0,1,0,차대차 - 측면충돌,신호위반,건조,맑음,교차로 - 교차로안,승용,남,66세,상해없음,자전거,남,15세,경상
2020100900100518,2020년 10월 9일 20시,금요일,전라북도 군산시 수송동,경상사고,0,0,1,0,차대차 - 측면충돌,중앙선침범,건조,맑음,교차로 - 교차로부근,승용,여,49세,상해없음,승용,남,29세,경상
2020100900100519,2020년 10월 9일 20시,금요일,전라북도 김제시 옥산동,경상사고,0,0,1,0,차대사람 - 횡단중,안전운전불이행,건조,맑음,교차로 - 교차로안,승용,남,75세,상해없음,보행자,남,58세,경상
2020100900100546,2020년 10월 9일 21시,금요일,전라북도 군산시 나운동,경상사고,0,0,2,0,차대차 - 측면충돌,불법유턴,건조,맑음,교차로 - 교차로부근,이륜,남,51세,경상,이륜,남,32세,경상
2020101000100023,2020년 10월 10일 01시,토요일,전라북도 익산시 남중동,경상사고,0,0,1,0,차대차 - 추돌,안전운전불이행,건조,맑음,단일로 - 기타,승용,여,45세,상해없음,원동기,남,42세,경상
2020101000100040,2020년 10월 10일 03시,토요일,전라북도 군산시 나운동,경상사고,0,0,3,0,차대차 - 측면충돌,안전운전불이행,건조,기타,교차로 - 교차로안,승용,남,24세,경상,승용,남,67세,경상
2020101000100081,2020년 10월 10일 07시,토요일,전라북도 임실군 임실읍,경상사고,0,0,1,0,차대차 - 측면충돌,안전거리미확보,건조,맑음,단일로 - 지하차도(도로)내,승용,남,68세,상해없음,승용,여,48세,경상
2020101000100095,2020년 10월 10일 08시,토요일,전라북도 부안군 부안읍,경상사고,0,0,1,0,차대차 - 후진중충돌,안전운전불이행,건조,맑음,주차장 - 주차장,승용,남,46세,상해없음,자전거,여,68세,경상
2020101000100116,2020년 10월 10일 09시,토요일,전라북도 임실군 오수면,중상사고,0,4,0,0,차대차 - 추돌,안전운전불이행,건조,맑음,단일로 - 기타,화물,여,60세,상해없음,승용,남,53세,중상
2020101000100184,2020년 10월 10일 11시,토요일,전라북도 전주시 완산구 석구동,경상사고,0,0,3,0,차대차 - 추돌,안전운전불이행,건조,맑음,단일로 - 기타,승용,남,34세,상해없음,승용,여,25세,경상
2020101000100185,2020년 10월 10일 11시,토요일,전라북도 군산시 문화동,중상사고,0,1,0,0,차대사람 - 횡단중,신호위반,건조,맑음,교차로 - 교차로횡단보도내,화물,남,51세,상해없음,보행자,여,74세,중상
2020101000100263,2020년 10월 10일 13시,토요일,전라북도 부안군 동진면,중상사고,0,3,1,0,차대차 - 측면충돌,신호위반,건조,맑음,교차로 - 교차로안,승용,여,58세,중상,화물,남,75세,경상
2020101000100301,2020년 10월 10일 14시,토요일,전라북도 전주시 완산구 교동,경상사고,0,0,1,0,차대사람 - 기타,신호위반,건조,맑음,단일로 - 기타,이륜,남,19세,상해없음,보행자,여,18세,경상
2020101000100302,2020년 10월 10일 14시,토요일,전라북도 군산시 미원동,경상사고,0,0,1,0,차대차 - 기타,안전운전불이행,건조,맑음,단일로 - 기타,승용,남,60세,상해없음,승용,여,68세,경상
2020101000100304,2020년 10월 10일 14시,토요일,전라북도 익산시 부송동,경상사고,0,0,5,0,차대차 - 추돌,안전운전불이행,건조,맑음,단일로 - 기타,승용,여,35세,상해없음,승용,남,31세,상해없음
2020101000100305,2020년 10월 10일 14시,토요일,전라북도 익산시 주현동,경상사고,0,0,2,0,차대차 - 측면충돌,직진우회전진행방해,건조,맑음,교차로 - 교차로안,승용,여,48세,상해없음,화물,남,67세,경상
2020101000100342,2020년 10월 10일 15시,토요일,전라북도 익산시 남중동,경상사고,0,0,1,0,차대사람 - 차도통행중,안전운전불이행,건조,맑음,단일로 - 기타,승용,여,56세,상해없음,보행자,여,52세,경상
2020101000100343,2020년 10월 10일 15시,토요일,전라북도 김제시 검산동,중상사고,0,1,0,0,차대차 - 측면충돌,교차로운행방법위반,건조,맑음,교차로 - 교차로안,승용,남,65세,상해없음,이륜,남,80세,중상