사고번호,사고일시,요일,시군구,사고내용,사망자수,중상자수,경상자수,부상신고자수,사고유형,법규위반,노면상태,기상상태,도로형태,가해운전자 차종,가해운전자 성별,가해운전자 연령,가해운전자 상해정도,피해운전자 차종,피해운전자 성별,피해운전자 연령,피해운전자 상해정도
2020110200100231,2020년 11월 2일 11시,월요일,전라북도 남원시 쌍교동,중상사고,0,1,0,0,차대차 - 기타,신호위반,건조,맑음,교차로 - 교차로안,화물,남,70세,상해없음,자전거,남,18세,중상
2020110200100261,2020년 11월 2일 12시,월요일,전라북도 전주시 덕진구 인후동1가,경상사고,0,0,1,0,차대차 - 측면충돌,직진우회전진행방해,건조,맑음,교차로 - 교차로안,승용,여,39세,상해없음,승용,여,37세,경상
2020110200100262,2020년 11월 2일 12시,월요일,전라북도 군산시 미원동,경상사고,0,0,2,0,차대사람 - 횡단중,보행자보호의무위반,건조,맑음,교차로 - 교차로횡단보도내,승용,남,63세,상해없음,보행자,남,79세,경상
2020110200100362,2020년 11월 2일 15시,월요일,전라북도 전주시 완산구 효자동3가,경상사고,0,0,2,0,차대차 - 후진중충돌,안전운전불이행,건조,맑음,교차로 - 교차로안,승용,남,38세,상해없음,승용,남,30세,경상
2020110200100363,2020년 11월 2일 15시,월요일,전라북도 진안군 백운면,경상사고,0,0,1,0,차대차 - 측면충돌,안전운전불이행,건조,맑음,교차로 - 교차로안,농기계,남,67세,상해없음,이륜,남,81세,경상
2020110200100448,2020년 11월 2일 17시,월요일,전라북도 군산시 문화동,경상사고,0,0,1,0,차대차 - 측면충돌,안전운전불이행,건조,맑음,교차로 - 교차로안,승용,남,71세,상해없음,승용,여,49세,경상
2020110200100449,2020년 11월 2일 17시,월요일,전라북도 남원시 어현동,중상사고,0,1,0,0,차대사람 - 횡단중,안전운전불이행,건조,맑음,단일로 - 기타,이륜,남,65세,상해없음,보행자,남,56세,중상
2020110200100511,2020년 11월 2일 18시,월요일,전라북도 익산시 오산면,경상사고,0,0,1,0,차대차 - 추돌,과속,건조,맑음,단일로 - 기타,승용,여,25세,상해없음,화물,남,41세,경상
2020110200100512,2020년 11월 2일 18시,월요일,전라북도 익산시 오산면,경상사고,0,0,1,0,차대차 - 추돌,안전운전불이행,건조,맑음,단일로 - 기타,승용,여,24세,상해없음,승용,여,47세,경상
2020110200100567,2020년 11월 2일 19시,월요일,전라북도 익산시 영등동,경상사고,0,0,2,0,차대차 - 추돌,안전운전불이행,건조,맑음,단일로 - 기타,승용,남,57세,경상,승용,여,48세,경상
2020110200100628,2020년 11월 2일 21시,월요일,전라북도 장수군 계북면,중상사고,0,3,0,0,차대차 - 추돌,안전운전불이행,건조,맑음,단일로 - 기타,승용,남,21세,상해없음,화물,남,59세,중상
2020110200100664,2020년 11월 2일 23시,월요일,전라북도 순창군 순창읍,경상사고,0,0,1,0,차대차 - 측면충돌,신호위반,건조,맑음,교차로 - 교차로안,승용,남,39세,상해없음,화물,남,46세,경상
2020110300100040,2020년 11월 3일 04시,화요일,전라북도 전주시 완산구 효자동3가,경상사고,0,0,1,0,차대차 - 측면충돌,신호위반,젖음/습기,비,교차로 - 교차로안,승용,남,33세,상해없음,승용,남,61세,경상
2020110300100058,2020년 11월 3일 06시,화요일,전라북도 전주시 완산구 효자동2가,중상사고,0,1,0,0,차대차 - 측면충돌,신호위반,건조,맑음,교차로 - 교차로안,승용,남,65세,상해없음,승용,여,59세,중상
2020110300100083,2020년 11월 3일 07시,화요일,전라북도 남원시 용정동,경상사고,0,0,1,0,차대차 - 측면충돌,안전거리미확보,건조,맑음,교차로 - 교차로안,승용,남,73세,상해없음,승용,여,39세,경상
2020110300100118,2020년 11월 3일 08시,화요일,전라북도 전주시 완산구 효자동1가,경상사고,0,0,1,0,차대차 - 측면충돌,직진우회전진행방해,건조,맑음,교차로 - 교차로안,승용,남,48세,상해없음,승용,여,55세,경상
2020110300100119,2020년 11월 3일 08시,화요일,전라북도 전주시 덕진구 덕진동2가,경상사고,0,0,1,0,차대차 - 측면충돌,안전운전불이행,건조,맑음,교차로 - 교차로안,승용,남,34세,상해없음,자전거,남,61세,경상
2020110300100120,2020년 11월 3일 08시,화요일,전라북도 무주군 적상면,경상사고,0,0,1,0,차대차 - 정면충돌,안전운전불이행,건조,맑음,교차로 - 교차로안,화물,남,62세,상해없음,승용,여,60세,경상
2020110300100173,2020년 11월 3일 09시,화요일,전라북도 익산시 신동,중상사고,0,1,0,0,차대차 - 측면충돌,안전운전불이행,건조,맑음,단일로 - 기타,화물,남,59세,상해없음,특수,남,39세,중상
2020110300100244,2020년 11월 3일 11시,화요일,전라북도 익산시 마동,경상사고,0,0,1,0,차대차 - 측면충돌,중앙선침범,건조,맑음,교차로 - 교차로부근,승용,남,36세,상해없음,승용,여,62세,경상
2020110300100312,2020년 11월 3일 13시,화요일,전라북도 군산시 나운동,경상사고,0,0,2,0,차대차 - 측면충돌,안전운전불이행,건조,맑음,교차로 - 교차로안,승용,남,71세,상해없음,승용,여,38세,경상
2020110300100380,2020년 11월 3일 15시,화요일,전라북도 정읍시 연지동,경상사고,0,0,1,0,차대차 - 측면충돌,신호위반,건조,맑음,교차로 - 교차로안,승용,여,36세,상해없음,승용,남,68세,경상
2020110300100381,2020년 11월 3일 15시,화요일,전라북도 김제시 요촌동,경상사고,0,0,2,0,차대사람 - 횡단중,보행자보호의무위반,건조,맑음,교차로 - 교차로안,승합,여,58세,상해없음,보행자,남,11세,경상
2020110300100426,2020년 11월 3일 16시,화요일,전라북도 전주시 덕진구 송천동2가,경상사고,0,0,1,0,차대차 - 측면충돌,안전운전불이행,건조,맑음,교차로 - 교차로안,승용,여,47세,상해없음,승용,여,47세,경상
2020110300100474,2020년 11월 3일 17시,화요일,전라북도 익산시 모현동1가,중상사고,0,1,0,0,차대사람 - 횡단중,안전운전불이행,건조,맑음,교차로 - 교차로부근,승용,여,35세,상해없음,보행자,여,29세,중상
2020110300100531,2020년 11월 3일 18시,화요일,전라북도 군산시 미룡동,경상사고,0,0,3,0,차대차 - 추돌,안전운전불이행,건조,맑음,단일로 - 기타,화물,남,58세,상해없음,승용,남,35세,경상
2020110300100586,2020년 11월 3일 19시,화요일,전라북도 전주시 덕진구 송천동1가,중상사고,0,1,0,0,차대차 - 측면충돌,직진우회전진행방해,건조,맑음,교차로 - 교차로안,승용,남,48세,상해없음,이륜,남,29세,중상
2020110300100587,2020년 11월 3일 19시,화요일,전라북도 익산시 망성면,경상사고,0,0,1,0,차대사람 - 길가장자리구역통행중,안전운전불이행,건조,맑음,단일로 - 기타,승용,남,78세,상해없음,보행자,남,20세,경상
2020110300100641,2020년 11월 3일 21시,화요일,전라북도 군산시 오식도동,경상사고,0,0,1,0,차대차 - 측면충돌,신호위반,건조,맑음,교차로 - 교차로안,승용,남,60세,상해없음,자전거,남,51세,경상
2020110400100028,2020년 11월 4일 02시,수요일,전라북도 군산시 미장동,경상사고,0,0,1,0,차대차 - 측면충돌,안전운전불이행,건조,맑음,교차로 - 교차로안,승용,남,21세,상해없음,이륜,남,19세,경상
2020110400100031,2020년 11월 4일 03시,수요일,전라북도 남원시 주천면,사망사고,1,0,0,0,차량단독 - 공작물충돌,안전운전불이행,건조,맑음,단일로 - 기타,화물,남,54세,사망,,,,
2020110400100121,2020년 11월 4일 08시,수요일,전라북도 전주시 완산구 효자동3가,경상사고,0,0,1,0,차대차 - 측면충돌,신호위반,건조,맑음,기타 - 기타,승용,남,57세,상해없음,승용,남,55세,상해없음
2020110400100122,2020년 11월 4일 08시,수요일,전라북도 전주시 덕진구 전미동1가,경상사고,0,0,2,0,차대차 - 추돌,안전운전불이행,건조,맑음,단일로 - 기타,승용,남,57세,상해없음,승용,남,56세,경상
2020110400100173,2020년 11월 4일 09시,수요일,전라북도 전주시 완산구 효자동3가,경상사고,0,0,1,0,차대차 - 측면충돌,교차로운행방법위반,건조,맑음,교차로 - 교차로안,승용,남,60세,상해없음,승용,여,27세,경상
2020110400100174,2020년 11월 4일 09시,수요일,전라북도 전주시 덕진구 인후동2가,중상사고,0,1,0,0,차대사람 - 횡단중,안전운전불이행,건조,맑음,교차로 - 교차로횡단보도내,화물,남,68세,상해없음,보행자,여,79세,중상
2020110400100210,2020년 11월 4일 10시,수요일,전라북도 전주시 덕진구 인후동1가,경상사고,0,0,1,0,차대차 - 측면충돌,직진우회전진행방해,건조,맑음,교차로 - 교차로안,승용,여,78세,상해없음,승용,여,49세,경상
2020110400100211,2020년 11월 4일 10시,수요일,전라북도 전주시 덕진구 팔복동2가,경상사고,0,0,1,0,차대차 - 측면충돌,안전운전불이행,건조,맑음,단일로 - 기타,화물,남,38세,상해없음,승용,여,44세,경상
2020110400100212,2020년 11월 4일 10시,수요일,전라북도 군산시 장재동,중상사고,0,1,0,0,차대차 - 측면충돌,안전운전불이행,건조,맑음,교차로 - 교차로안,화물,남,57세,상해없음,자전거,여,71세,중상
2020110400100213,2020년 11월 4일 10시,수요일,전라북도 정읍시 시기동,중상사고,0,1,0,0,차대차 - 측면충돌,불법유턴,건조,맑음,기타 - 기타,승용,여,47세,상해없음,이륜,남,18세,중상
2020110400100257,2020년 11월 4일 11시,수요일,전라북도 김제시 요촌동,중상사고,0,1,0,0,차대차 - 정면충돌,안전운전불이행,건조,맑음,단일로 - 지하차도(도로)내,승용,여,45세,상해없음,이륜,남,50세,중상
2020110400100302,2020년 11월 4일 12시,수요일,전라북도 무주군 안성면,중상사고,0,1,0,0,차대사람 - 차도통행중,안전운전불이행,건조,맑음,교차로 - 교차로안,승용,남,85세,상해없음,보행자,여,66세,중상
2020110400100345,2020년 11월 4일 13시,수요일,전라북도 군산시 옥산면,중상사고,0,1,1,0,차대차 - 측면충돌,안전운전불이행,건조,맑음,단일로 - 기타,농기계,남,63세,상해없음,이륜,남,83세,중상
2020110400100346,2020년 11월 4일 13시,수요일,전라북도 익산시 망성면,경상사고,0,0,2,0,차대차 - 추돌,안전운전불이행,건조,맑음,단일로 - 기타,화물,남,50세,상해없음,승용,남,32세,경상
2020110400100347,2020년 11월 4일 13시,수요일,전라북도 순창군 순창읍,경상사고,0,0,2,0,차대차 - 측면충돌,교차로운행방법위반,건조,맑음,교차로 - 교차로안,승용,여,46세,경상,승용,남,20세,경상
2020110400100370,2020년 11월 4일 14시,수요일,전라북도 군산시 개정면,중상사고,0,1,0,0,차대사람 - 기타,안전운전불이행,건조,흐림,단일로 - 기타,화물,남,69세,상해없음,보행자,여,69세,중상
2020110400100553,2020년 11월 4일 18시,수요일,전라북도 전주시 완산구 중화산동2가,경상사고,0,0,1,0,차대사람 - 기타,안전운전불이행,건조,맑음,단일로 - 기타,승용,남,49세,상해없음,보행자,남,27세,경상
2020110400100554,2020년 11월 4일 18시,수요일,전라북도 남원시 동충동,경상사고,0,0,1,0,차대차 - 측면충돌,직진우회전진행방해,건조,맑음,교차로 - 교차로안,승용,여,34세,상해없음,승용,남,59세,경상
2020110400100647,2020년 11월 4일 20시,수요일,전라북도 전주시 완산구 중화산동2가,경상사고,0,0,1,0,차대차 - 측면충돌,직진우회전진행방해,건조,맑음,교차로 - 교차로안,승용,여,30세,상해없음,승용,남,47세,경상
2020110400100648,2020년 11월 4일 20시,수요일,전라북도 익산시 여산면,중상사고,0,2,0,0,차대사람 - 길가장자리구역통행중,안전운전불이행,건조,맑음,기타 - 기타,이륜,남,48세,상해없음,보행자,여,22세,중상
2020110400100719,2020년 11월 4일 23시,수요일,전라북도 전주시 덕진구 덕진동2가,경상사고,0,0,1,0,차대차 - 추돌,안전운전불이행,건조,맑음,단일로 - 기타,승용,여,28세,상해없음,승용,남,25세,경상
2020110500100118,2020년 11월 5일 08시,목요일,전라북도 전주시 완산구 효자동1가,경상사고,0,0,2,0,차대차 - 정면충돌,신호위반,건조,맑음,교차로 - 교차로안,승용,여,47세,상해없음,승용,남,49세,경상
2020110500100119,2020년 11월 5일 08시,목요일,전라북도 정읍시 수성동,중상사고,0,1,1,0,차대차 - 측면충돌,불법유턴,건조,맑음,교차로 - 교차로안,승용,남,60세,상해없음,승용,남,19세,중상
2020110500100153,2020년 11월 5일 09시,목요일,전라북도 정읍시 연지동,경상사고,0,0,1,0,차대차 - 측면충돌,차로위반,건조,맑음,단일로 - 기타,화물,남,56세,상해없음,화물,여,49세,경상
2020110500100249,2020년 11월 5일 12시,목요일,전라북도 군산시 신창동,중상사고,0,1,0,0,차대사람 - 횡단중,안전운전불이행,건조,맑음,단일로 - 지하차도(도로)내,승용,여,49세,상해없음,보행자,남,76세,중상
2020110500100250,2020년 11월 5일 12시,목요일,전라북도 익산시 모현동1가,경상사고,0,0,4,0,차대차 - 측면충돌,안전운전불이행,건조,맑음,교차로 - 교차로안,승용,남,69세,상해없음,승용,남,54세,경상
2020110500100274,2020년 11월 5일 13시,목요일,전라북도 군산시 금암동,경상사고,0,0,2,0,차대차 - 추돌,직진우회전진행방해,건조,맑음,교차로 - 교차로안,승용,여,59세,상해없음,승합,남,62세,경상
2020110500100307,2020년 11월 5일 14시,목요일,전라북도 전주시 덕진구 금암동,경상사고,0,0,2,0,차대차 - 추돌,안전운전불이행,건조,맑음,단일로 - 기타,승용,남,64세,상해없음,승용,남,41세,경상
2020110500100340,2020년 11월 5일 15시,목요일,전라북도 정읍시 연지동,중상사고,0,1,0,0,차대차 - 측면충돌,차로위반,건조,맑음,단일로 - 기타,자전거,여,73세,중상,승합,남,48세,상해없음
2020110500100409,2020년 11월 5일 17시,목요일,전라북도 전주시 완산구 효자동2가,경상사고,0,0,1,0,차대차 - 기타,안전운전불이행,건조,맑음,교차로 - 교차로안,승용,남,80세,상해없음,자전거,남,12세,경상
2020110500100410,2020년 11월 5일 17시,목요일,전라북도 익산시 송학동,경상사고,0,0,1,0,차대사람 - 기타,안전운전불이행,건조,맑음,단일로 - 기타,승용,여,26세,상해없음,보행자,여,73세,경상
2020110500100412,2020년 11월 5일 17시,목요일,전라북도 장수군 번암면,중상사고,0,1,0,0,차량단독 - 전도전복 - 전도,안전운전불이행,건조,맑음,단일로 - 기타,이륜,남,44세,중상,,,,
2020110500100482,2020년 11월 5일 18시,목요일,전라북도 군산시 오식도동,중상사고,0,1,0,0,차대사람 - 횡단중,보행자보호의무위반,건조,맑음,교차로 - 교차로횡단보도내,이륜,남,54세,상해없음,보행자,남,5세,중상
2020110500100536,2020년 11월 5일 19시,목요일,전라북도 김제시 서암동,중상사고,0,2,2,0,차대차 - 측면충돌,안전거리미확보,건조,맑음,단일로 - 기타,승용,여,40세,상해없음,승합,남,57세,경상
2020110500100585,2020년 11월 5일 20시,목요일,전라북도 군산시 조촌동,중상사고,0,2,0,0,차대차 - 추돌,안전운전불이행,건조,맑음,단일로 - 지하차도(도로)내,승용,남,51세,상해없음,이륜,남,49세,중상
2020110500100586,2020년 11월 5일 20시,목요일,전라북도 부안군 부안읍,경상사고,0,0,1,0,차대차 - 추돌,안전운전불이행,건조,흐림,교차로 - 교차로부근,화물,남,62세,상해없음,승용,남,44세,경상
2020110500100610,2020년 11월 5일 21시,목요일,전라북도 남원시 왕정동,중상사고,0,2,0,0,차대차 - 측면충돌,중앙선침범,건조,맑음,단일로 - 기타,승용,여,41세,상해없음,이륜,남,26세,중상
2020110600100043,2020년 11월 6일 04시,금요일,전라북도 전주시 덕진구 덕진동1가,경상사고,0,0,1,0,차대차 - 측면충돌,신호위반,건조,맑음,교차로 - 교차로안,승용,여,56세,상해없음,승용,남,59세,경상
2020110600100089,2020년 11월 6일 07시,금요일,전라북도 군산시 내초동,중상사고,0,1,2,0,차대차 - 추돌,안전운전불이행,건조,맑음,단일로 - 지하차도(도로)내,승용,여,47세,상해없음,승용,남,42세,경상
2020110600100090,2020년 11월 6일 07시,금요일,전라북도 익산시 평화동,경상사고,0,0,1,0,차대차 - 추돌,안전운전불이행,건조,맑음,단일로 - 기타,승용,여,55세,상해없음,승용,남,43세,경상
2020110600100139,2020년 11월 6일 09시,금요일,전라북도 부안군 줄포면,경상사고,0,0,1,0,차대차 - 측면충돌,교차로운행방법위반,건조,흐림,교차로 - 교차로안,원동기,남,83세,경상,승용,남,62세,상해없음
2020110600100166,2020년 11월 6일 10시,금요일,전라북도 전주시 덕진구 팔복동2가,경상사고,0,0,1,0,차량단독 - 기타,기타,건조,흐림,단일로 - 기타,승합,남,45세,상해없음,,,,
2020110600100167,2020년 11월 6일 10시,금요일,전라북도 전주시 덕진구 송천동1가,중상사고,0,1,0,0,차대사람 - 차도통행중,안전운전불이행,건조,흐림,단일로 - 기타,승용,여,70세,상해없음,보행자,여,55세,중상
2020110600100248,2020년 11월 6일 13시,금요일,전라북도 군산시 수송동,경상사고,0,0,1,0,차대차 - 기타,안전운전불이행,건조,맑음,단일로 - 기타,승용,여,23세,상해없음,자전거,남,80세,경상
2020110600100249,2020년 11월 6일 13시,금요일,전라북도 임실군 청웅면,중상사고,0,1,0,0,차대차 - 측면충돌,교차로운행방법위반,건조,흐림,교차로 - 교차로안,화물,여,54세,상해없음,이륜,여,70세,중상
2020110600100250,2020년 11월 6일 13시,금요일,전라북도 완주군 봉동읍,경상사고,0,0,2,0,차대차 - 기타,안전운전불이행,건조,맑음,단일로 - 기타,승용,여,32세,상해없음,승용,남,56세,경상
2020110600100308,2020년 11월 6일 15시,금요일,전라북도 전주시 덕진구 금암동,경상사고,0,0,1,0,차대차 - 측면충돌,안전운전불이행,건조,맑음,단일로 - 지하차도(도로)내,승용,남,55세,상해없음,이륜,남,44세,경상
2020110600100309,2020년 11월 6일 15시,금요일,전라북도 전주시 덕진구 금암동,경상사고,0,0,1,0,차대차 - 측면충돌,안전운전불이행,건조,맑음,단일로 - 기타,승용,여,30세,상해없음,승용,남,47세,경상
2020110600100310,2020년 11월 6일 15시,금요일,전라북도 군산시 장재동,중상사고,0,1,0,0,차량단독 - 공작물충돌,안전운전불이행,건조,맑음,교차로 - 교차로부근,승용,남,73세,상해없음,,,,
2020110600100311,2020년 11월 6일 15시,금요일,전라북도 부안군 줄포면,경상사고,0,0,1,0,차량단독 - 전도전복 - 전도,안전운전불이행,건조,흐림,단일로 - 지하차도(도로)내,원동기,남,55세,경상,,,,
2020110600100350,2020년 11월 6일 16시,금요일,전라북도 군산시 수송동,경상사고,0,0,2,0,차대차 - 기타,안전운전불이행,건조,맑음,교차로 - 교차로안,원동기,남,23세,상해없음,승용,남,39세,경상
2020110600100447,2020년 11월 6일 18시,금요일,전라북도 전주시 완산구 중앙동1가,경상사고,0,0,1,0,차대차 - 추돌,안전운전불이행,건조,맑음,교차로 - 교차로부근,승용,여,47세,상해없음,승용,남,36세,경상
2020110600100448,2020년 11월 6일 18시,금요일,전라북도 군산시 지곡동,경상사고,0,0,1,0,차대차 - 기타,안전운전불이행,건조,맑음,단일로 - 기타,승용,남,38세,상해없음,승용,남,56세,경상
2020110600100516,2020년 11월 6일 19시,금요일,전라북도 전주시 완산구 효자동2가,경상사고,0,0,1,0,차대차 - 측면충돌,안전운전불이행,건조,맑음,교차로 - 교차로횡단보도내,승용,여,31세,상해없음,개인형이동수단(PM),여,33세,경상
2020110600100517,2020년 11월 6일 19시,금요일,전라북도 익산시 오산면,경상사고,0,0,2,0,차대차 - 추돌,과속,건조,맑음,단일로 - 기타,승용,남,24세,경상,승용,남,26세,경상
2020110600100548,2020년 11월 6일 20시,금요일,전라북도 익산시 영등동,중상사고,0,1,0,0,차대차 - 측면충돌,안전운전불이행,건조,맑음,단일로 - 기타,승용,남,68세,상해없음,이륜,남,16세,중상
2020110600100549,2020년 11월 6일 20시,금요일,전라북도 김제시 검산동,경상사고,0,0,1,0,차대차 - 측면충돌,교차로운행방법위반,건조,맑음,교차로 - 교차로안,승용,남,26세,상해없음,승용,여,49세,경상
2020110600100586,2020년 11월 6일 21시,금요일,전라북도 전주시 완산구 효자동1가,중상사고,0,1,2,0,차대차 - 추돌,안전운전불이행,건조,맑음,교차로 - 교차로부근,승용,남,57세,상해없음,승용,남,69세,경상
2020110600100587,2020년 11월 6일 21시,금요일,전라북도 전주시 완산구 용복동,경상사고,0,0,1,0,차대차 - 정면충돌,안전운전불이행,건조,맑음,교차로 - 교차로안,승용,남,39세,상해없음,승용,남,38세,경상
2020110600100612,2020년 11월 6일 22시,금요일,전라북도 전주시 완산구 중화산동2가,경상사고,0,0,1,0,차대차 - 측면충돌,안전거리미확보,건조,맑음,교차로 - 교차로부근,화물,남,61세,상해없음,승용,남,35세,경상
2020110700100044,2020년 11월 7일 02시,토요일,전라북도 전주시 완산구 효자동3가,중상사고,0,1,1,0,차대차 - 측면충돌,신호위반,건조,맑음,교차로 - 교차로안,승용,남,23세,상해없음,승용,남,37세,중상
2020110700100077,2020년 11월 7일 06시,토요일,전라북도 진안군 진안읍,경상사고,0,0,1,0,차대사람 - 횡단중,안전운전불이행,건조,맑음,단일로 - 교량,승용,남,63세,상해없음,보행자,남,74세,경상
2020110700100128,2020년 11월 7일 09시,토요일,전라북도 순창군 순창읍,경상사고,0,0,1,0,차대차 - 측면충돌,안전운전불이행,건조,맑음,단일로 - 기타,건설기계,남,59세,상해없음,승용,여,44세,경상
2020110700100156,2020년 11월 7일 10시,토요일,전라북도 전주시 완산구 태평동,경상사고,0,0,1,0,차대차 - 추돌,안전운전불이행,건조,맑음,교차로 - 교차로부근,승용,남,68세,상해없음,화물,남,24세,경상
2020110700100157,2020년 11월 7일 10시,토요일,전라북도 군산시 성산면,경상사고,0,0,2,0,차대차 - 추돌,안전거리미확보,건조,맑음,단일로 - 기타,화물,남,61세,상해없음,승용,여,69세,경상
2020110700100158,2020년 11월 7일 10시,토요일,전라북도 무주군 설천면,중상사고,0,1,0,0,차대사람 - 횡단중,안전운전불이행,건조,맑음,단일로 - 지하차도(도로)내,화물,남,69세,상해없음,보행자,여,1세,중상
2020110700100198,2020년 11월 7일 11시,토요일,전라북도 전주시 완산구 전동3가,경상사고,0,0,2,0,차대차 - 측면충돌,안전운전불이행,건조,맑음,단일로 - 기타,승용,남,62세,상해없음,승용,남,19세,경상
2020110700100199,2020년 11월 7일 11시,토요일,전라북도 전주시 완산구 서노송동,중상사고,0,1,0,1,차대차 - 측면충돌,신호위반,건조,맑음,교차로 - 교차로안,승용,남,67세,부상신고,특수,남,62세,중상
2020110700100250,2020년 11월 7일 12시,토요일,전라북도 전주시 덕진구 송천동2가,경상사고,0,0,1,0,차대차 - 측면충돌,신호위반,건조,맑음,교차로 - 교차로안,승용,여,37세,상해없음,승합,남,58세,경상
2020110700100251,2020년 11월 7일 12시,토요일,전라북도 익산시 신용동,경상사고,0,0,1,0,차대사람 - 횡단중,안전운전불이행,건조,맑음,교차로 - 교차로부근,승용,남,76세,상해없음,보행자,남,30세,경상
2020110700100252,2020년 11월 7일 12시,토요일,전라북도 임실군 임실읍,중상사고,0,1,1,0,차대차 - 추돌,중앙선침범,건조,맑음,교차로 - 교차로부근,승용,남,84세,상해없음,승용,남,68세,중상
2020110700100280,2020년 11월 7일 13시,토요일,전라북도 전주시 덕진구 송천동1가,경상사고,0,0,1,0,차대차 - 측면충돌,안전거리미확보,건조,맑음,단일로 - 기타,승용,남,54세,상해없음,이륜,남,26세,경상
2020110700100281,2020년 11월 7일 13시,토요일,전라북도 군산시 경장동,경상사고,0,0,1,0,차대차 - 기타,신호위반,건조,맑음,교차로 - 교차로안,화물,남,68세,상해없음,승용,남,34세,경상
2020110700100282,2020년 11월 7일 13시,토요일,전라북도 순창군 순창읍,경상사고,0,0,3,0,차대차 - 정면충돌,안전운전불이행,건조,맑음,교차로 - 교차로안,승용,남,45세,상해없음,승용,남,57세,경상
2020110700100320,2020년 11월 7일 14시,토요일,전라북도 김제시 연정동,경상사고,0,0,3,0,차대차 - 추돌,안전운전불이행,건조,맑음,교차로 - 교차로부근,승용,남,61세,상해없음,승용,여,41세,경상
2020110700100374,2020년 11월 7일 15시,토요일,전라북도 고창군 부안면,중상사고,0,2,2,0,차대차 - 측면충돌,신호위반,건조,맑음,교차로 - 교차로안,화물,남,61세,상해없음,화물,남,71세,경상
2020110700100461,2020년 11월 7일 17시,토요일,전라북도 전주시 완산구 효자동1가,경상사고,0,0,1,0,차대차 - 측면충돌,안전운전불이행,건조,맑음,교차로 - 교차로안,승용,여,53세,상해없음,승용,여,30세,경상
2020110700100519,2020년 11월 7일 18시,토요일,전라북도 군산시 경암동,경상사고,0,0,1,0,차대차 - 기타,교차로운행방법위반,건조,맑음,교차로 - 교차로안,화물,남,55세,상해없음,승용,남,57세,경상
2020110700100520,2020년 11월 7일 18시,토요일,전라북도 김제시 금구면,경상사고,0,0,1,0,차대차 - 측면충돌,안전거리미확보,건조,맑음,단일로 - 기타,승용,여,50세,상해없음,승용,여,36세,경상
2020110700100602,2020년 11월 7일 20시,토요일,전라북도 전주시 덕진구 우아동3가,경상사고,0,0,2,0,차대차 - 측면충돌,직진우회전진행방해,건조,맑음,교차로 - 교차로안,승용,남,63세,상해없음,승용,남,65세,경상
2020110700100660,2020년 11월 7일 22시,토요일,전라북도 전주시 완산구 서신동,경상사고,0,0,2,0,차대차 - 기타,신호위반,건조,맑음,교차로 - 교차로안,이륜,남,21세,경상,승용,남,35세,경상
2020110700100661,2020년 11월 7일 22시,토요일,전라북도 전주시 덕진구 송천동2가,사망사고,1,0,0,0,차대사람 - 횡단중,신호위반,건조,맑음,교차로 - 교차로안,화물,남,36세,상해없음,보행자,남,62세,사망
2020110700100662,2020년 11월 7일 22시,토요일,전라북도 군산시 나운동,경상사고,0,0,1,0,차대사람 - 기타,보행자보호의무위반,건조,맑음,단일로 - 기타,승용,남,28세,상해없음,보행자,남,35세,경상
2020110800100016,2020년 11월 8일 00시,일요일,전라북도 전주시 덕진구 인후동1가,경상사고,0,0,1,0,차대사람 - 차도통행중,안전운전불이행,건조,맑음,교차로 - 교차로부근,승용,남,72세,상해없음,보행자,남,60세,경상
2020110800100017,2020년 11월 8일 00시,일요일,전라북도 군산시 나운동,경상사고,0,0,1,0,차대사람 - 횡단중,안전운전불이행,건조,맑음,단일로 - 기타,이륜,남,18세,상해없음,보행자,남,54세,경상
2020110800100032,2020년 11월 8일 01시,일요일,전라북도 군산시 산북동,중상사고,0,1,0,0,차대차 - 기타,안전운전불이행,건조,맑음,단일로 - 기타,승용,여,24세,상해없음,화물,기타불명,미분류,기타불명
2020110800100130,2020년 11월 8일 10시,일요일,전라북도 순창군 구림면,중상사고,0,1,0,0,차대차 - 기타,중앙선침범,건조,맑음,단일로 - 기타,승용,남,52세,상해없음,자전거,여,41세,중상
2020110800100154,2020년 11월 8일 11시,일요일,전라북도 군산시 수송동,경상사고,0,0,4,0,차대차 - 기타,신호위반,건조,맑음,교차로 - 교차로안,승용,여,37세,상해없음,승용,남,35세,경상
2020110800100155,2020년 11월 8일 11시,일요일,전라북도 남원시 광치동,중상사고,0,1,2,0,차대차 - 추돌,안전운전불이행,건조,맑음,단일로 - 기타,승용,남,65세,중상,승용,남,44세,경상
2020110800100186,2020년 11월 8일 12시,일요일,전라북도 익산시 주현동,경상사고,0,0,4,0,차대차 - 측면충돌,신호위반,건조,맑음,교차로 - 교차로안,화물,남,71세,상해없음,승용,남,39세,경상
2020110800100220,2020년 11월 8일 13시,일요일,전라북도 완주군 용진읍,경상사고,0,0,2,0,차대차 - 추돌,안전운전불이행,건조,맑음,단일로 - 기타,승용,남,80세,상해없음,승용,여,40세,경상
2020110800100345,2020년 11월 8일 16시,일요일,전라북도 김제시 금산면,경상사고,0,0,3,0,차대차 - 추돌,안전운전불이행,적설,맑음,단일로 - 기타,승용,남,59세,상해없음,승용,남,61세,경상
2020110800100346,2020년 11월 8일 16시,일요일,전라북도 정읍시 감곡면,중상사고,0,2,0,0,차대차 - 추돌,과속,건조,맑음,단일로 - 기타,화물,남,54세,상해없음,승용,남,61세,중상