사고번호,사고일시,요일,시군구,사고내용,사망자수,중상자수,경상자수,부상신고자수,사고유형,법규위반,노면상태,기상상태,도로형태,가해운전자 차종,가해운전자 성별,가해운전자 연령,가해운전자 상해정도,피해운전자 차종,피해운전자 성별,피해운전자 연령,피해운전자 상해정도
2020111400100124,2020년 11월 14일 08시,토요일,전라북도 완주군 용진읍,중상사고,0,1,0,0,차대사람 - 기타,안전운전불이행,건조,맑음,교차로 - 교차로안,승용,여,47세,상해없음,보행자,남,79세,중상
2020111400100148,2020년 11월 14일 09시,토요일,전라북도 군산시 오식도동,경상사고,0,0,3,0,차대차 - 추돌,안전운전불이행,건조,맑음,단일로 - 기타,화물,남,49세,상해없음,승용,남,55세,경상
2020111400100182,2020년 11월 14일 10시,토요일,전라북도 군산시 수송동,중상사고,0,1,2,0,차대차 - 기타,안전운전불이행,건조,맑음,교차로 - 교차로부근,화물,여,52세,상해없음,원동기,남,88세,중상
2020111400100219,2020년 11월 14일 11시,토요일,전라북도 김제시 금산면,중상사고,0,1,0,0,차대차 - 측면충돌,안전운전불이행,건조,맑음,단일로 - 지하차도(도로)내,이륜,여,68세,중상,화물,남,44세,상해없음
2020111400100261,2020년 11월 14일 12시,토요일,전라북도 완주군 용진읍,경상사고,0,0,1,0,차대차 - 정면충돌,신호위반,건조,맑음,교차로 - 교차로안,승용,여,45세,상해없음,승용,남,66세,경상
2020111400100297,2020년 11월 14일 13시,토요일,전라북도 전주시 완산구 평화동1가,중상사고,0,1,0,0,차대사람 - 횡단중,보행자보호의무위반,건조,맑음,교차로 - 교차로횡단보도내,승용,남,62세,상해없음,보행자,여,67세,중상
2020111400100298,2020년 11월 14일 13시,토요일,전라북도 군산시 수송동,경상사고,0,0,1,0,차대차 - 추돌,안전운전불이행,건조,맑음,교차로 - 교차로안,원동기,남,52세,경상,승용,남,48세,상해없음
2020111400100378,2020년 11월 14일 15시,토요일,전라북도 김제시 황산면,경상사고,0,0,4,0,차대차 - 추돌,안전운전불이행,건조,맑음,교차로 - 교차로부근,승용,여,50세,상해없음,승용,남,47세,경상
2020111400100379,2020년 11월 14일 15시,토요일,전라북도 남원시 향교동,경상사고,0,0,1,0,차대차 - 측면충돌,신호위반,건조,맑음,교차로 - 교차로안,승용,남,49세,상해없음,이륜,남,78세,경상
2020111400100419,2020년 11월 14일 16시,토요일,전라북도 김제시 금산면,사망사고,1,0,0,0,차량단독 - 도로외이탈 - 추락,안전운전불이행,건조,맑음,단일로 - 지하차도(도로)내,화물,남,40세,사망,,,,
2020111400100420,2020년 11월 14일 16시,토요일,전라북도 완주군 상관면,중상사고,0,1,0,0,차대사람 - 기타,안전운전불이행,건조,맑음,단일로 - 기타,기타불명,기타불명,미분류,기타불명,보행자,여,84세,중상
2020111400100458,2020년 11월 14일 17시,토요일,전라북도 전주시 완산구 효자동3가,중상사고,0,1,3,0,차대차 - 기타,안전운전불이행,건조,맑음,단일로 - 기타,화물,남,36세,상해없음,승용,여,31세,경상
2020111400100459,2020년 11월 14일 17시,토요일,전라북도 군산시 나운동,경상사고,0,0,1,0,차대차 - 기타,안전운전불이행,건조,맑음,교차로 - 교차로안,자전거,남,23세,경상,이륜,남,28세,상해없음
2020111400100460,2020년 11월 14일 17시,토요일,전라북도 군산시 미룡동,경상사고,0,0,2,0,차대차 - 추돌,안전운전불이행,건조,맑음,교차로 - 교차로부근,승용,남,49세,상해없음,승용,여,60세,경상
2020111400100461,2020년 11월 14일 17시,토요일,전라북도 익산시 갈산동,중상사고,0,1,0,0,차대차 - 측면충돌,안전거리미확보,건조,맑음,단일로 - 기타,승용,여,53세,상해없음,원동기,남,51세,중상
2020111400100580,2020년 11월 14일 20시,토요일,전라북도 익산시 영등동,경상사고,0,0,1,0,차대사람 - 차도통행중,안전운전불이행,건조,맑음,교차로 - 교차로안,화물,남,47세,상해없음,보행자,남,70세,경상
2020111400100605,2020년 11월 14일 21시,토요일,전라북도 전주시 완산구 평화동2가,중상사고,0,1,0,0,차대차 - 기타,교차로운행방법위반,건조,맑음,교차로 - 교차로부근,기타불명,기타불명,미분류,기타불명,이륜,남,33세,중상
2020111400100618,2020년 11월 14일 22시,토요일,전라북도 전주시 완산구 효자동3가,경상사고,0,0,1,0,차대사람 - 횡단중,보행자보호의무위반,건조,맑음,교차로 - 교차로횡단보도내,승용,여,57세,상해없음,보행자,남,41세,경상
2020111400100640,2020년 11월 14일 23시,토요일,전라북도 정읍시 수성동,중상사고,0,2,2,0,차대차 - 측면충돌,신호위반,건조,맑음,교차로 - 교차로안,승합,여,62세,경상,승용,남,66세,상해없음
2020111500100051,2020년 11월 15일 07시,일요일,전라북도 부안군 줄포면,경상사고,0,0,3,0,차대차 - 측면충돌,안전거리미확보,건조,맑음,교차로 - 교차로안,화물,남,52세,상해없음,승용,남,55세,경상
2020111500100058,2020년 11월 15일 08시,일요일,전라북도 익산시 남중동,경상사고,0,0,1,0,차대차 - 측면충돌,신호위반,건조,맑음,교차로 - 교차로안,승용,여,45세,상해없음,승용,남,27세,경상
2020111500100117,2020년 11월 15일 11시,일요일,전라북도 군산시 경암동,경상사고,0,0,2,0,차대차 - 기타,교차로운행방법위반,건조,맑음,교차로 - 교차로안,승용,남,61세,경상,승용,남,61세,경상
2020111500100147,2020년 11월 15일 12시,일요일,전라북도 고창군 흥덕면,경상사고,0,0,2,2,차대차 - 측면충돌,기타,건조,맑음,교차로 - 교차로안,화물,남,60세,상해없음,승합,남,73세,경상
2020111500100178,2020년 11월 15일 13시,일요일,전라북도 전주시 완산구 삼천동1가,경상사고,0,0,2,0,차대차 - 정면충돌,안전운전불이행,건조,맑음,교차로 - 교차로안,승용,여,63세,상해없음,승용,여,54세,경상
2020111500100179,2020년 11월 15일 13시,일요일,전라북도 군산시 수송동,경상사고,0,0,6,0,차대차 - 추돌,안전거리미확보,건조,맑음,단일로 - 기타,승용,남,39세,경상,승용,남,73세,경상
2020111500100180,2020년 11월 15일 13시,일요일,전라북도 익산시 용안면,경상사고,0,0,1,0,차대차 - 기타,안전운전불이행,건조,맑음,단일로 - 기타,승용,남,27세,상해없음,승용,남,21세,상해없음
2020111500100242,2020년 11월 15일 15시,일요일,전라북도 익산시 모현동1가,경상사고,0,0,1,0,차대차 - 측면충돌,신호위반,건조,맑음,교차로 - 교차로횡단보도내,승용,여,37세,상해없음,자전거,남,12세,경상
2020111500100299,2020년 11월 15일 17시,일요일,전라북도 전주시 덕진구 진북동,경상사고,0,0,1,0,차대차 - 측면충돌,신호위반,건조,맑음,교차로 - 교차로안,승용,남,70세,기타불명,승용,남,47세,경상
2020111500100300,2020년 11월 15일 17시,일요일,전라북도 군산시 수송동,중상사고,0,1,0,0,차대차 - 측면충돌,직진우회전진행방해,건조,맑음,교차로 - 교차로안,승용,여,47세,상해없음,원동기,남,22세,중상
2020111500100343,2020년 11월 15일 18시,일요일,전라북도 전주시 덕진구 덕진동1가,경상사고,0,0,3,0,차대차 - 측면충돌,신호위반,건조,맑음,교차로 - 교차로안,승용,남,45세,상해없음,승용,남,66세,경상
2020111600100052,2020년 11월 16일 06시,월요일,전라북도 전주시 덕진구 팔복동2가,중상사고,0,5,3,0,차대차 - 측면충돌,신호위반,건조,맑음,교차로 - 교차로안,승용,남,27세,상해없음,승합,남,48세,중상
2020111600100053,2020년 11월 16일 06시,월요일,전라북도 완주군 봉동읍,중상사고,0,1,0,0,차대차 - 추돌,안전운전불이행,젖음/습기,안개,단일로 - 기타,기타불명,기타불명,미분류,기타불명,자전거,남,44세,중상
2020111600100077,2020년 11월 16일 07시,월요일,전라북도 군산시 서흥남동,중상사고,0,1,0,0,차대차 - 측면충돌,신호위반,건조,맑음,교차로 - 교차로안,승용,여,53세,상해없음,승용,여,45세,중상
2020111600100109,2020년 11월 16일 08시,월요일,전라북도 전주시 덕진구 진북동,중상사고,0,1,0,0,차대사람 - 차도통행중,안전운전불이행,건조,맑음,교차로 - 교차로안,승용,남,37세,상해없음,보행자,여,67세,중상
2020111600100110,2020년 11월 16일 08시,월요일,전라북도 군산시 소룡동,경상사고,0,0,2,0,차대사람 - 기타,안전운전불이행,건조,맑음,기타 - 기타,승용,여,22세,경상,보행자,남,17세,경상
2020111600100229,2020년 11월 16일 11시,월요일,전라북도 전주시 덕진구 팔복동1가,경상사고,0,0,3,0,차대차 - 측면충돌,신호위반,건조,맑음,교차로 - 교차로안,화물,남,52세,상해없음,승용,여,22세,경상
2020111600100230,2020년 11월 16일 11시,월요일,전라북도 전주시 덕진구 만성동,중상사고,0,1,0,0,차대차 - 측면충돌,신호위반,건조,맑음,교차로 - 교차로안,승용,여,40세,상해없음,승용,여,45세,중상
2020111600100270,2020년 11월 16일 12시,월요일,전라북도 전주시 완산구 효자동1가,경상사고,0,0,1,0,차대차 - 기타,차로위반,건조,맑음,단일로 - 기타,승용,남,68세,상해없음,승용,남,37세,경상
2020111600100271,2020년 11월 16일 12시,월요일,전라북도 군산시 미원동,경상사고,0,0,2,0,차대차 - 기타,안전거리미확보,건조,맑음,기타 - 기타,이륜,남,24세,상해없음,승용,남,84세,상해없음
2020111600100336,2020년 11월 16일 14시,월요일,전라북도 정읍시 수성동,중상사고,0,1,0,0,차대차 - 측면충돌,신호위반,건조,맑음,교차로 - 교차로횡단보도내,승용,남,66세,상해없음,자전거,남,74세,중상
2020111600100376,2020년 11월 16일 15시,월요일,전라북도 군산시 나운동,경상사고,0,0,1,0,차대차 - 기타,안전운전불이행,건조,흐림,교차로 - 교차로안,승용,여,53세,상해없음,승용,여,59세,경상
2020111600100377,2020년 11월 16일 15시,월요일,전라북도 남원시 보절면,중상사고,0,1,0,0,차대차 - 후진중충돌,안전운전불이행,건조,맑음,단일로 - 기타,화물,남,26세,상해없음,이륜,남,88세,중상
2020111600100412,2020년 11월 16일 16시,월요일,전라북도 고창군 흥덕면,중상사고,0,1,1,0,차대차 - 측면충돌,차로위반,건조,맑음,교차로 - 교차로부근,화물,남,62세,상해없음,화물,남,55세,중상
2020111600100413,2020년 11월 16일 16시,월요일,전라북도 장수군 계남면,중상사고,0,1,0,0,차대차 - 측면충돌,교차로운행방법위반,건조,맑음,교차로 - 교차로안,이륜,남,67세,중상,승용,남,21세,상해없음
2020111600100458,2020년 11월 16일 17시,월요일,전라북도 고창군 고창읍,경상사고,0,0,1,0,차대사람 - 보도통행중,보행자보호의무위반,건조,맑음,교차로 - 교차로횡단보도내,승용,여,55세,상해없음,보행자,남,55세,경상
2020111600100519,2020년 11월 16일 18시,월요일,전라북도 전주시 덕진구 진북동,경상사고,0,0,1,0,차대사람 - 횡단중,중앙선침범,건조,맑음,단일로 - 기타,승용,남,25세,상해없음,보행자,여,73세,경상
2020111600100575,2020년 11월 16일 19시,월요일,전라북도 정읍시 수성동,중상사고,0,1,0,0,차대차 - 측면충돌,직진우회전진행방해,건조,흐림,교차로 - 교차로안,승용,남,53세,상해없음,이륜,남,42세,중상
2020111600100576,2020년 11월 16일 19시,월요일,전라북도 김제시 순동,경상사고,0,0,1,0,차대차 - 측면충돌,안전운전불이행,건조,맑음,단일로 - 기타,승용,여,58세,상해없음,승용,여,72세,경상
2020111600100577,2020년 11월 16일 19시,월요일,전라북도 완주군 용진읍,중상사고,0,1,0,0,차대차 - 기타,안전운전불이행,건조,맑음,단일로 - 기타,화물,여,40세,상해없음,승용,남,63세,중상
2020111600100631,2020년 11월 16일 21시,월요일,전라북도 전주시 덕진구 호성동2가,경상사고,0,0,6,0,차대차 - 측면충돌,불법유턴,건조,맑음,교차로 - 교차로부근,승용,여,46세,상해없음,승합,남,54세,경상
2020111600100632,2020년 11월 16일 21시,월요일,전라북도 군산시 나운동,경상사고,0,0,1,0,차대차 - 기타,안전운전불이행,건조,기타,교차로 - 교차로안,승용,여,52세,상해없음,개인형이동수단(PM),남,18세,경상
2020111600100633,2020년 11월 16일 21시,월요일,전라북도 익산시 동산동,중상사고,0,1,1,0,차대차 - 측면충돌,안전운전불이행,건조,맑음,교차로 - 교차로부근,승용,남,26세,상해없음,승용,여,24세,중상
2020111700100007,2020년 11월 17일 00시,화요일,전라북도 전주시 덕진구 인후동1가,경상사고,0,0,1,0,차대사람 - 횡단중,안전운전불이행,건조,맑음,교차로 - 교차로횡단보도내,이륜,남,20세,상해없음,보행자,남,23세,경상
2020111700100030,2020년 11월 17일 03시,화요일,전라북도 익산시 신동,경상사고,0,0,1,0,차대차 - 측면충돌,신호위반,건조,맑음,교차로 - 교차로안,승용,여,67세,상해없음,승용,여,58세,경상
2020111700100042,2020년 11월 17일 05시,화요일,전라북도 익산시 영등동,경상사고,0,0,2,0,차대차 - 측면충돌,안전운전불이행,건조,맑음,교차로 - 교차로안,승용,남,32세,상해없음,승용,여,20세,경상
2020111700100056,2020년 11월 17일 06시,화요일,전라북도 전주시 완산구 효자동1가,경상사고,0,0,1,0,차대차 - 측면충돌,안전거리미확보,건조,맑음,단일로 - 기타,승용,남,16세,상해없음,승용,남,31세,경상
2020111700100057,2020년 11월 17일 06시,화요일,전라북도 군산시 옥산면,경상사고,0,0,2,0,차대차 - 기타,중앙선침범,건조,기타,기타 - 기타,승용,남,69세,상해없음,화물,남,47세,경상
2020111700100215,2020년 11월 17일 11시,화요일,전라북도 순창군 복흥면,중상사고,0,1,0,0,차대차 - 측면충돌,안전운전불이행,젖음/습기,비,교차로 - 교차로부근,화물,남,52세,상해없음,화물,남,65세,중상
2020111700100236,2020년 11월 17일 12시,화요일,전라북도 김제시 요촌동,경상사고,0,0,1,0,차대차 - 측면충돌,안전운전불이행,젖음/습기,비,단일로 - 기타,승용,남,53세,상해없음,화물,남,69세,경상
2020111700100295,2020년 11월 17일 14시,화요일,전라북도 전주시 완산구 서노송동,경상사고,0,0,1,0,차대차 - 측면충돌,신호위반,건조,맑음,교차로 - 교차로안,승용,여,68세,상해없음,승용,남,63세,경상
2020111700100296,2020년 11월 17일 14시,화요일,전라북도 김제시 하동,경상사고,0,0,3,0,차대차 - 추돌,안전운전불이행,젖음/습기,흐림,단일로 - 기타,화물,남,46세,상해없음,승용,남,58세,경상
2020111700100366,2020년 11월 17일 16시,화요일,전라북도 정읍시 시기동,경상사고,0,0,1,0,차대차 - 측면충돌,안전운전불이행,건조,맑음,단일로 - 지하차도(도로)내,화물,남,73세,상해없음,승용,남,47세,경상
2020111700100367,2020년 11월 17일 16시,화요일,전라북도 남원시 하정동,사망사고,1,0,0,0,차량단독 - 전도전복 - 전도,안전운전불이행,건조,맑음,교차로 - 교차로안,자전거,여,57세,사망,,,,
2020111700100416,2020년 11월 17일 17시,화요일,전라북도 완주군 구이면,경상사고,0,0,2,0,차대차 - 측면충돌,교차로운행방법위반,건조,맑음,교차로 - 교차로안,승합,남,55세,경상,화물,남,54세,경상
2020111700100487,2020년 11월 17일 18시,화요일,전라북도 전주시 덕진구 덕진동1가,경상사고,0,0,1,0,차대차 - 측면충돌,안전운전불이행,건조,맑음,단일로 - 기타,승용,남,49세,상해없음,승용,여,45세,경상
2020111700100488,2020년 11월 17일 18시,화요일,전라북도 익산시 부송동,중상사고,0,1,0,0,차대사람 - 횡단중,신호위반,건조,맑음,교차로 - 교차로안,승용,여,52세,상해없음,보행자,여,46세,중상
2020111700100546,2020년 11월 17일 19시,화요일,전라북도 전주시 완산구 평화동1가,경상사고,0,0,1,0,차대차 - 기타,안전운전불이행,젖음/습기,비,기타 - 기타,승용,남,61세,상해없음,승용,여,31세,경상
2020111700100547,2020년 11월 17일 19시,화요일,전라북도 전주시 덕진구 덕진동1가,경상사고,0,0,1,0,차대차 - 측면충돌,신호위반,젖음/습기,비,교차로 - 교차로안,화물,남,23세,상해없음,승용,남,52세,경상
2020111700100548,2020년 11월 17일 19시,화요일,전라북도 군산시 나운동,중상사고,0,1,0,0,차대사람 - 차도통행중,안전운전불이행,젖음/습기,비,단일로 - 지하차도(도로)내,이륜,남,27세,상해없음,보행자,여,64세,중상
2020111700100549,2020년 11월 17일 19시,화요일,전라북도 군산시 나운동,경상사고,0,0,1,0,차대차 - 측면충돌,신호위반,젖음/습기,비,교차로 - 교차로안,승용,여,45세,상해없음,승용,여,67세,경상
2020111700100550,2020년 11월 17일 19시,화요일,전라북도 군산시 경암동,경상사고,0,0,2,0,차대차 - 추돌,안전운전불이행,건조,맑음,교차로 - 교차로부근,화물,남,55세,상해없음,승용,남,46세,경상
2020111700100551,2020년 11월 17일 19시,화요일,전라북도 군산시 서수면,경상사고,0,0,1,0,차대차 - 정면충돌,중앙선침범,젖음/습기,비,단일로 - 기타,승용,남,53세,상해없음,승용,여,50세,경상
2020111800100010,2020년 11월 18일 00시,수요일,전라북도 정읍시 시기동,경상사고,0,0,1,0,차대차 - 측면충돌,직진우회전진행방해,건조,맑음,교차로 - 교차로안,승용,남,61세,기타불명,승용,남,59세,경상
2020111800100035,2020년 11월 18일 03시,수요일,전라북도 전주시 완산구 효자동3가,중상사고,0,1,1,0,차대차 - 기타,중앙선침범,젖음/습기,맑음,교차로 - 교차로부근,승용,남,19세,상해없음,승용,남,45세,경상
2020111800100063,2020년 11월 18일 06시,수요일,전라북도 남원시 향교동,중상사고,0,1,0,0,차대차 - 기타,안전운전불이행,건조,맑음,단일로 - 터널,화물,남,44세,상해없음,건설기계,남,43세,중상
2020111800100092,2020년 11월 18일 07시,수요일,전라북도 전주시 완산구 효자동2가,경상사고,0,0,1,0,차대차 - 추돌,안전운전불이행,건조,맑음,교차로 - 교차로안,승용,여,31세,상해없음,승용,여,51세,경상
2020111800100093,2020년 11월 18일 07시,수요일,전라북도 군산시 신관동,경상사고,0,0,2,0,차대차 - 측면충돌,신호위반,건조,맑음,교차로 - 교차로부근,승용,여,58세,상해없음,승용,남,70세,경상
2020111800100094,2020년 11월 18일 07시,수요일,전라북도 완주군 삼례읍,중상사고,0,1,1,0,차대차 - 측면충돌,안전운전불이행,건조,맑음,교차로 - 교차로안,승용,남,82세,경상,승용,여,69세,중상
2020111800100127,2020년 11월 18일 08시,수요일,전라북도 군산시 경장동,경상사고,0,0,3,0,차대차 - 측면충돌,안전운전불이행,젖음/습기,비,교차로 - 교차로안,승합,남,79세,상해없음,화물,남,39세,경상
2020111800100128,2020년 11월 18일 08시,수요일,전라북도 군산시 오룡동,중상사고,0,1,0,0,차량단독 - 전도전복 - 전도,안전운전불이행,젖음/습기,비,단일로 - 기타,이륜,남,78세,중상,,,,
2020111800100168,2020년 11월 18일 09시,수요일,전라북도 익산시 영등동,경상사고,0,0,1,0,차대차 - 기타,안전거리미확보,젖음/습기,흐림,단일로 - 기타,승용,여,49세,상해없음,이륜,남,30세,경상
2020111800100205,2020년 11월 18일 10시,수요일,전라북도 남원시 향교동,경상사고,0,0,1,0,차대차 - 측면충돌,안전운전불이행,건조,맑음,교차로 - 교차로안,승용,여,25세,상해없음,자전거,여,57세,경상
2020111800100365,2020년 11월 18일 15시,수요일,전라북도 전주시 완산구 평화동1가,중상사고,0,1,0,0,차대사람 - 기타,안전운전불이행,건조,맑음,교차로 - 교차로부근,승용,남,48세,상해없음,보행자,남,79세,중상
2020111800100366,2020년 11월 18일 15시,수요일,전라북도 전주시 덕진구 산정동,경상사고,0,0,1,0,차대차 - 추돌,안전운전불이행,건조,맑음,교차로 - 교차로부근,화물,남,48세,상해없음,승용,여,22세,경상
2020111800100367,2020년 11월 18일 15시,수요일,전라북도 정읍시 신태인읍,경상사고,0,0,1,0,차대차 - 측면충돌,안전운전불이행,건조,맑음,교차로 - 교차로안,승용,여,65세,상해없음,승용,남,56세,경상
2020111800100405,2020년 11월 18일 16시,수요일,전라북도 전주시 완산구 대성동,중상사고,0,1,0,0,차대사람 - 기타,안전운전불이행,건조,맑음,교차로 - 교차로횡단보도내,승용,여,59세,상해없음,보행자,여,71세,중상
2020111800100406,2020년 11월 18일 16시,수요일,전라북도 전주시 덕진구 인후동2가,경상사고,0,0,1,0,차대차 - 추돌,안전운전불이행,건조,맑음,교차로 - 교차로부근,승용,남,19세,상해없음,승용,남,67세,경상
2020111800100505,2020년 11월 18일 18시,수요일,전라북도 정읍시 시기동,사망사고,1,0,0,0,차대사람 - 횡단중,안전운전불이행,젖음/습기,비,교차로 - 교차로부근,화물,남,51세,상해없음,보행자,여,83세,사망
2020111900100037,2020년 11월 19일 02시,목요일,전라북도 익산시 어양동,경상사고,0,0,1,0,차대사람 - 횡단중,보행자보호의무위반,건조,맑음,교차로 - 교차로안,승합,남,56세,상해없음,보행자,남,61세,경상
2020111900100168,2020년 11월 19일 08시,목요일,전라북도 군산시 소룡동,경상사고,0,0,1,0,차대차 - 추돌,안전운전불이행,젖음/습기,비,교차로 - 교차로부근,승용,남,41세,상해없음,승용,남,44세,경상
2020111900100169,2020년 11월 19일 08시,목요일,전라북도 장수군 장계면,중상사고,0,1,0,0,차대사람 - 길가장자리구역통행중,안전운전불이행,젖음/습기,흐림,단일로 - 기타,승용,남,49세,상해없음,보행자,남,68세,중상
2020111900100213,2020년 11월 19일 09시,목요일,전라북도 익산시 마동,경상사고,0,0,3,0,차대차 - 측면충돌,차로위반,젖음/습기,비,교차로 - 교차로부근,승용,남,75세,상해없음,승합,남,56세,경상
2020111900100253,2020년 11월 19일 10시,목요일,전라북도 군산시 장미동,경상사고,0,0,2,0,차대차 - 측면충돌,안전거리미확보,젖음/습기,비,교차로 - 교차로안,승용,남,63세,경상,화물,남,65세,상해없음
2020111900100289,2020년 11월 19일 11시,목요일,전라북도 정읍시 감곡면,중상사고,0,1,3,0,차대차 - 추돌,안전운전불이행,젖음/습기,비,기타 - 기타,화물,남,58세,상해없음,승용,남,64세,경상
2020111900100320,2020년 11월 19일 12시,목요일,전라북도 김제시 요촌동,경상사고,0,0,1,0,차대차 - 측면충돌,신호위반,젖음/습기,비,교차로 - 교차로안,승용,남,80세,상해없음,승용,여,42세,경상
2020111900100354,2020년 11월 19일 13시,목요일,전라북도 익산시 용제동,경상사고,0,0,3,0,차대차 - 추돌,안전거리미확보,젖음/습기,비,교차로 - 교차로안,승용,남,24세,상해없음,승용,남,61세,경상
2020111900100384,2020년 11월 19일 14시,목요일,전라북도 군산시 서흥남동,경상사고,0,0,1,0,차대차 - 추돌,안전운전불이행,건조,맑음,교차로 - 교차로안,승용,남,57세,기타불명,승용,남,40세,경상
2020111900100419,2020년 11월 19일 15시,목요일,전라북도 전주시 완산구 중노송동,경상사고,0,0,2,0,차대차 - 측면충돌,안전운전불이행,건조,맑음,단일로 - 기타,화물,남,33세,기타불명,승용,남,25세,경상
2020111900100420,2020년 11월 19일 15시,목요일,전라북도 정읍시 수성동,중상사고,0,1,0,0,차대차 - 측면충돌,직진우회전진행방해,젖음/습기,흐림,교차로 - 교차로안,화물,남,43세,상해없음,자전거,남,79세,중상
2020111900100493,2020년 11월 19일 17시,목요일,전라북도 남원시 도통동,경상사고,0,0,1,0,차대차 - 추돌,안전운전불이행,건조,맑음,교차로 - 교차로부근,승용,여,59세,상해없음,승용,남,48세,경상
2020111900100542,2020년 11월 19일 18시,목요일,전라북도 군산시 오식도동,경상사고,0,0,3,0,차대차 - 기타,교차로운행방법위반,건조,맑음,교차로 - 교차로안,화물,남,20세,상해없음,승합,남,59세,경상
2020111900100543,2020년 11월 19일 18시,목요일,전라북도 익산시 영등동,경상사고,0,0,1,0,차대차 - 측면충돌,안전운전불이행,건조,맑음,교차로 - 교차로안,승용,여,65세,상해없음,개인형이동수단(PM),남,30세,경상
2020111900100596,2020년 11월 19일 19시,목요일,전라북도 전주시 완산구 서노송동,경상사고,0,0,5,0,차대차 - 기타,교차로운행방법위반,건조,맑음,교차로 - 교차로안,승용,남,33세,경상,승용,남,19세,경상
2020111900100597,2020년 11월 19일 19시,목요일,전라북도 전주시 완산구 서신동,경상사고,0,0,1,0,차대차 - 기타,신호위반,건조,맑음,교차로 - 교차로안,승용,남,32세,상해없음,승용,남,28세,경상
2020111900100618,2020년 11월 19일 20시,목요일,전라북도 전주시 완산구 효자동2가,경상사고,0,0,6,0,차대차 - 기타,안전운전불이행,건조,맑음,교차로 - 교차로안,승용,여,30세,경상,승용,남,54세,경상
2020111900100619,2020년 11월 19일 20시,목요일,전라북도 전주시 완산구 효자동1가,경상사고,0,0,2,0,차대차 - 추돌,안전운전불이행,건조,맑음,단일로 - 기타,승용,남,60세,상해없음,승용,남,30세,경상
2020111900100650,2020년 11월 19일 21시,목요일,전라북도 군산시 소룡동,경상사고,0,0,4,0,차대차 - 기타,안전운전불이행,건조,맑음,단일로 - 기타,승용,남,58세,상해없음,승용,남,37세,경상
2020111900100673,2020년 11월 19일 22시,목요일,전라북도 군산시 나운동,경상사고,0,0,1,0,차대차 - 추돌,안전운전불이행,건조,맑음,교차로 - 교차로부근,승용,남,47세,상해없음,승용,남,42세,경상
2020112000100011,2020년 11월 20일 00시,금요일,전라북도 전주시 완산구 효자동3가,중상사고,0,1,2,0,차대차 - 측면충돌,신호위반,건조,맑음,교차로 - 교차로안,승용,남,33세,경상,승용,여,45세,중상
2020112000100036,2020년 11월 20일 02시,금요일,전라북도 익산시 신동,경상사고,0,0,1,0,차대차 - 측면충돌,안전운전불이행,젖음/습기,흐림,단일로 - 기타,승용,여,60세,상해없음,승용,남,23세,경상
2020112000100057,2020년 11월 20일 05시,금요일,전라북도 익산시 영등동,경상사고,0,0,1,0,차대차 - 측면충돌,신호위반,젖음/습기,비,교차로 - 교차로안,승용,여,51세,상해없음,승용,남,42세,경상
2020112000100118,2020년 11월 20일 08시,금요일,전라북도 부안군 변산면,경상사고,0,0,1,0,차대차 - 측면충돌,안전운전불이행,젖음/습기,흐림,교차로 - 교차로안,화물,남,54세,기타불명,승합,남,52세,경상
2020112000100152,2020년 11월 20일 09시,금요일,전라북도 전주시 덕진구 송천동1가,경상사고,0,0,1,0,차대사람 - 기타,안전운전불이행,건조,맑음,교차로 - 교차로횡단보도내,승합,남,72세,상해없음,보행자,남,38세,경상
2020112000100207,2020년 11월 20일 11시,금요일,전라북도 전주시 덕진구 덕진동1가,경상사고,0,0,1,0,차대차 - 측면충돌,안전거리미확보,건조,맑음,교차로 - 교차로부근,승용,여,61세,상해없음,승용,남,61세,경상
2020112000100208,2020년 11월 20일 11시,금요일,전라북도 완주군 용진읍,중상사고,0,1,0,0,차대차 - 측면충돌,불법유턴,건조,맑음,단일로 - 기타,승용,남,73세,상해없음,원동기,남,79세,중상
2020112000100243,2020년 11월 20일 12시,금요일,전라북도 익산시 중앙동3가,경상사고,0,0,1,0,차대차 - 추돌,안전운전불이행,건조,맑음,교차로 - 교차로부근,승용,남,66세,상해없음,승용,남,26세,경상
2020112000100282,2020년 11월 20일 13시,금요일,전라북도 전주시 완산구 효자동3가,경상사고,0,0,1,0,차대차 - 측면충돌,안전거리미확보,건조,맑음,교차로 - 교차로안,승용,여,24세,상해없음,화물,남,37세,경상
2020112000100314,2020년 11월 20일 14시,금요일,전라북도 전주시 완산구 효자동3가,경상사고,0,0,1,0,차대사람 - 횡단중,신호위반,건조,맑음,단일로 - 기타,승용,남,54세,상해없음,보행자,여,26세,경상
2020112000100349,2020년 11월 20일 15시,금요일,전라북도 부안군 변산면,중상사고,0,2,2,0,차대차 - 측면충돌,중앙선침범,건조,맑음,교차로 - 교차로부근,승용,여,60세,중상,화물,남,44세,경상
2020112000100350,2020년 11월 20일 15시,금요일,전라북도 완주군 삼례읍,부상신고사고,0,0,0,1,차대차 - 측면충돌,신호위반,건조,맑음,교차로 - 교차로부근,이륜,남,24세,부상신고,승용,남,42세,상해없음