사고번호,사고일시,요일,시군구,사고내용,사망자수,중상자수,경상자수,부상신고자수,사고유형,법규위반,노면상태,기상상태,도로형태,가해운전자 차종,가해운전자 성별,가해운전자 연령,가해운전자 상해정도,피해운전자 차종,피해운전자 성별,피해운전자 연령,피해운전자 상해정도
2020112000100449,2020년 11월 20일 17시,금요일,전라북도 남원시 이백면,경상사고,0,0,2,0,차대차 - 정면충돌,중앙선침범,건조,맑음,단일로 - 기타,승용,남,58세,상해없음,승합,남,52세,상해없음
2020112000100450,2020년 11월 20일 17시,금요일,전라북도 완주군 봉동읍,경상사고,0,0,2,0,차대차 - 기타,신호위반,건조,맑음,교차로 - 교차로안,승용,남,67세,상해없음,승용,남,45세,경상
2020112000100528,2020년 11월 20일 18시,금요일,전라북도 전주시 완산구 효자동3가,경상사고,0,0,1,0,차대차 - 측면충돌,기타,건조,맑음,단일로 - 기타,기타불명,기타불명,미분류,기타불명,개인형이동수단(PM),여,19세,경상
2020112000100529,2020년 11월 20일 18시,금요일,전라북도 전주시 덕진구 진북동,경상사고,0,0,1,0,차대차 - 측면충돌,불법유턴,건조,맑음,교차로 - 교차로부근,승용,남,54세,상해없음,승용,여,28세,경상
2020112000100530,2020년 11월 20일 18시,금요일,전라북도 익산시 영등동,경상사고,0,0,1,0,차대차 - 측면충돌,안전운전불이행,건조,맑음,교차로 - 교차로안,승합,남,71세,상해없음,이륜,남,38세,경상
2020112000100589,2020년 11월 20일 19시,금요일,전라북도 완주군 용진읍,경상사고,0,0,2,0,차대차 - 추돌,안전운전불이행,건조,맑음,교차로 - 교차로부근,승용,여,49세,상해없음,승용,남,60세,경상
2020112000100689,2020년 11월 20일 22시,금요일,전라북도 군산시 소룡동,경상사고,0,0,1,0,차대사람 - 횡단중,안전운전불이행,건조,맑음,교차로 - 교차로횡단보도내,승용,남,44세,상해없음,보행자,여,48세,경상
2020112100100009,2020년 11월 21일 00시,토요일,전라북도 임실군 성수면,경상사고,0,0,2,0,차대차 - 추돌,안전거리미확보,건조,맑음,단일로 - 기타,승용,여,31세,상해없음,승용,남,27세,경상
2020112100100032,2020년 11월 21일 01시,토요일,전라북도 전주시 덕진구 호성동1가,중상사고,0,1,2,0,차대차 - 측면충돌,신호위반,건조,맑음,교차로 - 교차로안,승용,남,23세,상해없음,승용,남,38세,중상
2020112100100033,2020년 11월 21일 01시,토요일,전라북도 김제시 금구면,경상사고,0,0,1,0,차대차 - 추돌,안전운전불이행,건조,맑음,단일로 - 기타,승용,남,36세,상해없음,승용,남,25세,경상
2020112100100098,2020년 11월 21일 07시,토요일,전라북도 군산시 월명동,중상사고,0,1,0,0,차대사람 - 횡단중,안전운전불이행,건조,맑음,교차로 - 교차로횡단보도내,승용,남,51세,상해없음,보행자,여,77세,중상
2020112100100099,2020년 11월 21일 07시,토요일,전라북도 고창군 무장면,경상사고,0,0,2,0,차대차 - 측면충돌,교차로운행방법위반,건조,맑음,교차로 - 교차로안,화물,남,53세,경상,화물,남,45세,경상
2020112100100160,2020년 11월 21일 10시,토요일,전라북도 부안군 변산면,중상사고,0,1,0,0,차대사람 - 차도통행중,안전운전불이행,건조,맑음,교차로 - 교차로부근,승용,남,80세,상해없음,보행자,여,73세,중상
2020112100100186,2020년 11월 21일 11시,토요일,전라북도 군산시 나운동,중상사고,0,1,0,0,차대차 - 기타,안전운전불이행,건조,맑음,교차로 - 교차로안,승용,여,51세,상해없음,승용,남,41세,중상
2020112100100227,2020년 11월 21일 12시,토요일,전라북도 정읍시 시기동,중상사고,0,1,3,0,차대차 - 측면충돌,신호위반,건조,맑음,교차로 - 교차로안,승용,여,28세,경상,화물,남,78세,경상
2020112100100265,2020년 11월 21일 13시,토요일,전라북도 전주시 완산구 태평동,중상사고,0,1,0,0,차대차 - 추돌,안전거리미확보,건조,맑음,단일로 - 기타,승용,여,23세,상해없음,자전거,남,64세,중상
2020112100100267,2020년 11월 21일 13시,토요일,전라북도 익산시 남중동,경상사고,0,0,1,0,차대차 - 측면충돌,안전운전불이행,건조,맑음,교차로 - 교차로안,승용,남,23세,상해없음,이륜,남,35세,경상
2020112100100319,2020년 11월 21일 14시,토요일,전라북도 전주시 덕진구 송천동1가,경상사고,0,0,1,0,차대차 - 추돌,신호위반,건조,맑음,교차로 - 교차로안,승용,남,55세,상해없음,원동기,남,26세,경상
2020112100100320,2020년 11월 21일 14시,토요일,전라북도 군산시 나운동,경상사고,0,0,1,0,차대차 - 추돌,신호위반,건조,맑음,교차로 - 교차로안,자전거,남,65세,경상,화물,남,50세,상해없음
2020112100100321,2020년 11월 21일 14시,토요일,전라북도 군산시 금암동,경상사고,0,0,1,0,차대사람 - 기타,안전운전불이행,건조,맑음,기타 - 기타,화물,남,65세,상해없음,보행자,남,41세,경상
2020112100100349,2020년 11월 21일 15시,토요일,전라북도 임실군 관촌면,중상사고,0,1,1,0,차량단독 - 공작물충돌,안전운전불이행,건조,맑음,단일로 - 기타,승용,여,44세,상해없음,,,,
2020112100100414,2020년 11월 21일 17시,토요일,전라북도 남원시 왕정동,경상사고,0,0,1,0,차대사람 - 보도통행중,안전운전불이행,건조,맑음,단일로 - 기타,승용,남,73세,상해없음,보행자,남,66세,경상
2020112100100497,2020년 11월 21일 19시,토요일,전라북도 전주시 완산구 효자동2가,중상사고,0,1,0,0,차대차 - 측면충돌,중앙선침범,건조,맑음,단일로 - 기타,승합,남,59세,상해없음,원동기,남,26세,중상
2020112100100530,2020년 11월 21일 20시,토요일,전라북도 군산시 수송동,중상사고,0,2,1,0,차대차 - 측면충돌,신호위반,건조,맑음,교차로 - 교차로안,승용,남,24세,상해없음,이륜,남,17세,중상
2020112100100552,2020년 11월 21일 21시,토요일,전라북도 전주시 덕진구 도도동,중상사고,0,1,0,0,차대차 - 추돌,안전운전불이행,건조,맑음,단일로 - 기타,승용,남,46세,기타불명,승용,남,34세,중상
2020112100100566,2020년 11월 21일 22시,토요일,전라북도 익산시 모현동2가,경상사고,0,0,2,0,차대차 - 측면충돌,신호위반,건조,맑음,교차로 - 교차로안,승용,여,22세,상해없음,승용,여,51세,경상
2020112200100087,2020년 11월 22일 06시,일요일,전라북도 익산시 창인동2가,경상사고,0,0,1,0,차대사람 - 횡단중,안전운전불이행,젖음/습기,비,교차로 - 교차로부근,승용,남,51세,상해없음,보행자,여,70세,경상
2020112200100110,2020년 11월 22일 09시,일요일,전라북도 익산시 남중동,경상사고,0,0,1,0,차대차 - 측면충돌,신호위반,건조,맑음,교차로 - 교차로안,승합,남,65세,상해없음,승용,여,65세,경상
2020112200100111,2020년 11월 22일 09시,일요일,전라북도 무주군 안성면,사망사고,1,1,0,0,차대차 - 추돌,안전운전불이행,젖음/습기,흐림,단일로 - 교량,승합,남,65세,상해없음,승용,여,63세,사망
2020112200100153,2020년 11월 22일 12시,일요일,전라북도 무주군 무주읍,경상사고,0,0,2,0,차대차 - 추돌,안전운전불이행,건조,맑음,주차장 - 주차장,승용,남,24세,상해없음,승용,남,41세,상해없음
2020112200100202,2020년 11월 22일 14시,일요일,전라북도 전주시 완산구 서신동,중상사고,0,1,0,0,차대차 - 기타,신호위반,건조,흐림,교차로 - 교차로안,승용,여,51세,상해없음,승용,여,52세,중상
2020112200100256,2020년 11월 22일 16시,일요일,전라북도 전주시 덕진구 진북동,중상사고,0,1,0,0,차대차 - 측면충돌,직진우회전진행방해,건조,맑음,교차로 - 교차로안,승용,여,58세,상해없음,이륜,남,46세,중상
2020112200100257,2020년 11월 22일 16시,일요일,전라북도 김제시 부량면,중상사고,0,1,0,0,차대차 - 측면충돌,중앙선침범,건조,맑음,단일로 - 지하차도(도로)내,승용,남,64세,상해없음,승용,여,52세,중상
2020112200100287,2020년 11월 22일 17시,일요일,전라북도 군산시 수송동,경상사고,0,0,7,0,차대차 - 추돌,안전운전불이행,건조,흐림,교차로 - 교차로부근,승용,남,49세,상해없음,승용,여,49세,경상
2020112200100318,2020년 11월 22일 18시,일요일,전라북도 김제시 흥사동,경상사고,0,0,1,0,차대차 - 측면충돌,안전운전불이행,젖음/습기,비,교차로 - 교차로안,승용,남,21세,상해없음,승용,여,22세,경상
2020112200100345,2020년 11월 22일 19시,일요일,전라북도 군산시 경암동,경상사고,0,0,3,0,차대차 - 기타,신호위반,건조,흐림,교차로 - 교차로안,승합,남,57세,상해없음,승용,남,49세,경상
2020112300100008,2020년 11월 23일 00시,월요일,전라북도 전주시 완산구 효자동3가,중상사고,0,1,0,0,차대차 - 측면충돌,신호위반,건조,맑음,교차로 - 교차로안,승용,남,33세,상해없음,승용,남,60세,중상
2020112300100182,2020년 11월 23일 10시,월요일,전라북도 전주시 덕진구 산정동,사망사고,1,0,0,0,차대차 - 측면충돌,교차로운행방법위반,건조,맑음,교차로 - 교차로안,사륜오토바이(ATV),여,68세,사망,승용,여,46세,상해없음
2020112300100204,2020년 11월 23일 11시,월요일,전라북도 군산시 해망동,경상사고,0,0,1,0,차대차 - 기타,안전운전불이행,건조,맑음,단일로 - 기타,자전거,남,73세,경상,화물,남,48세,상해없음
2020112300100295,2020년 11월 23일 13시,월요일,전라북도 전주시 완산구 효자동1가,경상사고,0,0,1,0,차대차 - 측면충돌,안전운전불이행,건조,맑음,교차로 - 교차로안,승용,여,44세,상해없음,이륜,남,26세,경상
2020112300100296,2020년 11월 23일 13시,월요일,전라북도 군산시 조촌동,경상사고,0,0,1,0,차대차 - 기타,교차로운행방법위반,건조,맑음,교차로 - 교차로부근,화물,남,53세,상해없음,자전거,남,79세,경상
2020112300100328,2020년 11월 23일 14시,월요일,전라북도 부안군 하서면,경상사고,0,0,1,0,차대차 - 측면충돌,안전운전불이행,건조,맑음,교차로 - 교차로부근,화물,남,76세,상해없음,승합,남,67세,경상
2020112300100360,2020년 11월 23일 15시,월요일,전라북도 김제시 요촌동,경상사고,0,0,1,0,차대사람 - 횡단중,안전운전불이행,건조,맑음,단일로 - 지하차도(도로)내,이륜,남,78세,상해없음,보행자,여,20세,경상
2020112300100394,2020년 11월 23일 16시,월요일,전라북도 전주시 덕진구 덕진동2가,중상사고,0,1,0,0,차량단독 - 기타,안전운전불이행,건조,맑음,교차로 - 교차로부근,승합,남,47세,상해없음,,,,
2020112300100395,2020년 11월 23일 16시,월요일,전라북도 김제시 상동동,경상사고,0,0,6,0,차대차 - 추돌,안전거리미확보,건조,맑음,교차로 - 교차로부근,승합,남,55세,상해없음,승용,남,73세,경상
2020112300100445,2020년 11월 23일 17시,월요일,전라북도 완주군 이서면,중상사고,0,1,0,0,차대차 - 기타,안전운전불이행,건조,흐림,단일로 - 기타,자전거,남,19세,중상,승용,여,33세,상해없음
2020112300100499,2020년 11월 23일 18시,월요일,전라북도 김제시 청하면,중상사고,0,1,0,0,차대차 - 측면충돌,불법유턴,건조,맑음,교차로 - 교차로안,화물,남,63세,상해없음,화물,남,62세,중상
2020112300100500,2020년 11월 23일 18시,월요일,전라북도 남원시 노암동,경상사고,0,0,1,0,차대사람 - 기타,안전운전불이행,건조,맑음,단일로 - 기타,승용,남,48세,상해없음,보행자,남,81세,경상
2020112300100539,2020년 11월 23일 19시,월요일,전라북도 전주시 완산구 서서학동,중상사고,0,1,0,0,차대차 - 기타,차로위반,건조,맑음,기타 - 기타,승용,남,56세,상해없음,이륜,남,66세,중상
2020112300100571,2020년 11월 23일 20시,월요일,전라북도 전주시 완산구 평화동2가,중상사고,0,1,0,0,차대사람 - 기타,안전운전불이행,건조,맑음,교차로 - 교차로안,승용,남,55세,상해없음,보행자,남,56세,중상
2020112400100150,2020년 11월 24일 10시,화요일,전라북도 완주군 용진읍,경상사고,0,0,2,0,차대차 - 기타,중앙선침범,건조,맑음,단일로 - 기타,사륜오토바이(ATV),남,74세,경상,화물,여,65세,경상
2020112400100186,2020년 11월 24일 11시,화요일,전라북도 익산시 남중동,경상사고,0,0,2,0,차대차 - 측면충돌,기타,건조,맑음,교차로 - 교차로안,이륜,남,26세,경상,승용,남,57세,경상
2020112400100187,2020년 11월 24일 11시,화요일,전라북도 김제시 백산면,경상사고,0,0,1,0,차대차 - 추돌,안전거리미확보,건조,맑음,단일로 - 기타,화물,남,60세,상해없음,화물,남,57세,경상
2020112400100280,2020년 11월 24일 14시,화요일,전라북도 전주시 완산구 효자동3가,경상사고,0,0,1,0,차대차 - 측면충돌,차로위반,건조,맑음,단일로 - 기타,승용,남,85세,상해없음,승용,남,36세,경상
2020112400100282,2020년 11월 24일 14시,화요일,전라북도 군산시 월명동,중상사고,0,1,0,0,차대차 - 기타,안전운전불이행,건조,맑음,교차로 - 교차로안,승용,남,38세,상해없음,자전거,남,58세,중상
2020112400100423,2020년 11월 24일 17시,화요일,전라북도 전주시 완산구 효자동3가,경상사고,0,0,1,0,차대차 - 측면충돌,신호위반,건조,맑음,교차로 - 교차로안,승용,여,45세,상해없음,승용,남,57세,경상
2020112400100424,2020년 11월 24일 17시,화요일,전라북도 전주시 덕진구 송천동2가,경상사고,0,0,1,0,차대사람 - 보도통행중,안전운전불이행,건조,맑음,단일로 - 기타,기타불명,기타불명,미분류,기타불명,보행자,남,11세,경상
2020112400100425,2020년 11월 24일 17시,화요일,전라북도 김제시 신풍동,경상사고,0,0,2,0,차대차 - 측면충돌,교차로운행방법위반,건조,맑음,교차로 - 교차로안,승용,여,49세,상해없음,승합,남,64세,경상
2020112400100473,2020년 11월 24일 18시,화요일,전라북도 익산시 마동,경상사고,0,0,1,0,차대차 - 추돌,안전운전불이행,건조,맑음,단일로 - 기타,승용,남,43세,상해없음,승용,남,38세,경상
2020112400100474,2020년 11월 24일 18시,화요일,전라북도 익산시 오산면,경상사고,0,0,3,0,차대차 - 추돌,안전운전불이행,건조,맑음,단일로 - 기타,승용,여,43세,상해없음,승용,남,61세,경상
2020112400100475,2020년 11월 24일 18시,화요일,전라북도 김제시 용지면,경상사고,0,0,2,0,차대차 - 측면충돌,교차로운행방법위반,건조,맑음,교차로 - 교차로안,승용,남,51세,상해없음,승용,남,68세,경상
2020112400100532,2020년 11월 24일 19시,화요일,전라북도 익산시 춘포면,경상사고,0,0,3,0,차대차 - 추돌,안전거리미확보,건조,맑음,단일로 - 기타,화물,남,32세,경상,승용,남,51세,경상
2020112400100611,2020년 11월 24일 22시,화요일,전라북도 전주시 덕진구 금암동,경상사고,0,0,1,0,차대사람 - 횡단중,보행자보호의무위반,건조,맑음,교차로 - 교차로횡단보도내,승용,남,23세,상해없음,보행자,여,28세,경상
2020112400100629,2020년 11월 24일 23시,화요일,전라북도 전주시 완산구 중화산동2가,경상사고,0,0,1,0,차대차 - 측면충돌,직진우회전진행방해,서리/결빙,맑음,교차로 - 교차로안,승용,남,53세,상해없음,이륜,남,44세,경상
2020112500100024,2020년 11월 25일 05시,수요일,전라북도 전주시 덕진구 인후동1가,경상사고,0,0,2,0,차대차 - 측면충돌,신호위반,건조,맑음,교차로 - 교차로안,승용,남,35세,상해없음,승용,남,53세,경상
2020112500100025,2020년 11월 25일 05시,수요일,전라북도 군산시 나운동,경상사고,0,0,2,0,차대차 - 기타,안전운전불이행,건조,맑음,교차로 - 교차로부근,승용,남,21세,상해없음,승용,여,19세,경상
2020112500100038,2020년 11월 25일 06시,수요일,전라북도 익산시 부송동,경상사고,0,0,1,0,차대차 - 측면충돌,안전운전불이행,건조,맑음,단일로 - 기타,화물,남,70세,상해없음,승용,남,34세,경상
2020112500100039,2020년 11월 25일 06시,수요일,전라북도 정읍시 북면,사망사고,1,0,0,0,차대사람 - 길가장자리구역통행중,안전운전불이행,건조,맑음,단일로 - 기타,승용,남,23세,상해없음,보행자,남,56세,사망
2020112500100057,2020년 11월 25일 07시,수요일,전라북도 군산시 내초동,경상사고,0,0,1,0,차대차 - 기타,안전운전불이행,건조,맑음,단일로 - 기타,화물,남,49세,상해없음,화물,남,56세,상해없음
2020112500100058,2020년 11월 25일 07시,수요일,전라북도 임실군 임실읍,중상사고,0,1,0,0,차대차 - 측면충돌,교차로운행방법위반,건조,맑음,교차로 - 교차로안,승용,남,73세,상해없음,화물,남,37세,중상
2020112500100089,2020년 11월 25일 08시,수요일,전라북도 전주시 완산구 효자동3가,경상사고,0,0,1,0,차대차 - 추돌,안전운전불이행,건조,맑음,기타 - 기타,승용,남,39세,상해없음,승용,남,39세,경상
2020112500100090,2020년 11월 25일 08시,수요일,전라북도 임실군 강진면,경상사고,0,0,1,0,차대차 - 측면충돌,안전거리미확보,건조,맑음,단일로 - 지하차도(도로)내,화물,여,51세,상해없음,승용,여,38세,경상
2020112500100194,2020년 11월 25일 11시,수요일,전라북도 전주시 덕진구 팔복동3가,경상사고,0,0,3,0,차대차 - 추돌,안전운전불이행,건조,맑음,단일로 - 기타,화물,남,48세,상해없음,승용,남,45세,경상
2020112500100195,2020년 11월 25일 11시,수요일,전라북도 전주시 덕진구 인후동1가,경상사고,0,0,1,1,차대차 - 측면충돌,신호위반,건조,맑음,교차로 - 교차로안,승용,남,80세,상해없음,승합,남,47세,경상
2020112500100231,2020년 11월 25일 12시,수요일,전라북도 전주시 덕진구 금암동,경상사고,0,0,1,0,차대차 - 측면충돌,안전운전불이행,건조,맑음,교차로 - 교차로부근,승용,여,40세,상해없음,승용,남,48세,경상
2020112500100232,2020년 11월 25일 12시,수요일,전라북도 익산시 석왕동,경상사고,0,0,1,0,차대차 - 추돌,안전운전불이행,건조,맑음,기타 - 기타,화물,남,78세,상해없음,승용,여,47세,상해없음
2020112500100265,2020년 11월 25일 13시,수요일,전라북도 전주시 완산구 효자동1가,경상사고,0,0,1,0,차대사람 - 횡단중,보행자보호의무위반,건조,맑음,교차로 - 교차로횡단보도내,승용,여,46세,상해없음,보행자,여,29세,경상
2020112500100290,2020년 11월 25일 14시,수요일,전라북도 전주시 완산구 삼천동1가,중상사고,0,1,0,0,차대사람 - 기타,안전운전불이행,건조,맑음,교차로 - 교차로부근,승용,여,62세,상해없음,보행자,여,93세,중상
2020112500100291,2020년 11월 25일 14시,수요일,전라북도 전주시 덕진구 덕진동2가,경상사고,0,0,1,0,차대차 - 추돌,안전운전불이행,건조,맑음,단일로 - 기타,승용,남,55세,상해없음,승용,여,34세,경상
2020112500100292,2020년 11월 25일 14시,수요일,전라북도 부안군 진서면,경상사고,0,0,3,0,차대차 - 정면충돌,중앙선침범,건조,맑음,단일로 - 기타,승용,남,59세,경상,승합,남,57세,경상
2020112500100335,2020년 11월 25일 15시,수요일,전라북도 진안군 진안읍,중상사고,0,1,0,0,차대차 - 측면충돌,직진우회전진행방해,건조,맑음,교차로 - 교차로안,승용,여,62세,상해없음,자전거,남,79세,중상
2020112500100376,2020년 11월 25일 16시,수요일,전라북도 전주시 덕진구 인후동1가,중상사고,0,1,0,0,차대차 - 측면충돌,안전운전불이행,건조,맑음,교차로 - 교차로부근,승용,남,40세,상해없음,이륜,남,19세,중상
2020112500100377,2020년 11월 25일 16시,수요일,전라북도 남원시 왕정동,경상사고,0,0,1,0,차대사람 - 차도통행중,안전운전불이행,건조,맑음,단일로 - 기타,승용,남,64세,상해없음,보행자,여,62세,경상
2020112500100424,2020년 11월 25일 17시,수요일,전라북도 군산시 나운동,경상사고,0,0,1,0,차대차 - 추돌,안전운전불이행,건조,맑음,교차로 - 교차로부근,승용,여,46세,상해없음,승용,남,29세,경상
2020112500100534,2020년 11월 25일 19시,수요일,전라북도 전주시 덕진구 인후동2가,경상사고,0,0,1,0,차대차 - 측면충돌,안전운전불이행,건조,맑음,교차로 - 교차로안,승용,여,34세,상해없음,승용,남,35세,경상
2020112500100579,2020년 11월 25일 21시,수요일,전라북도 전주시 덕진구 인후동1가,경상사고,0,0,3,0,차대차 - 추돌,안전운전불이행,건조,맑음,단일로 - 기타,승용,남,37세,상해없음,승용,남,52세,경상
2020112500100621,2020년 11월 25일 23시,수요일,전라북도 전주시 완산구 효자동3가,중상사고,0,1,1,0,차대사람 - 횡단중,보행자보호의무위반,건조,맑음,교차로 - 교차로횡단보도내,승용,남,22세,상해없음,보행자,여,25세,중상
2020112600100058,2020년 11월 26일 06시,목요일,전라북도 정읍시 농소동,경상사고,0,0,1,0,차대차 - 측면충돌,기타,건조,맑음,교차로 - 교차로안,화물,남,43세,상해없음,승용,여,64세,경상
2020112600100138,2020년 11월 26일 09시,목요일,전라북도 전주시 덕진구 화전동,사망사고,1,0,0,0,차대사람 - 횡단중,안전운전불이행,건조,맑음,단일로 - 기타,승용,남,75세,상해없음,보행자,여,77세,사망
2020112600100163,2020년 11월 26일 10시,목요일,전라북도 순창군 순창읍,경상사고,0,0,1,0,차대사람 - 기타,안전운전불이행,건조,맑음,단일로 - 기타,승용,남,73세,상해없음,보행자,남,82세,경상
2020112600100221,2020년 11월 26일 12시,목요일,전라북도 군산시 사정동,경상사고,0,0,2,0,차대차 - 측면충돌,신호위반,건조,맑음,교차로 - 교차로안,승용,남,68세,상해없음,승용,남,70세,경상
2020112600100222,2020년 11월 26일 12시,목요일,전라북도 군산시 경암동,경상사고,0,0,3,1,차대차 - 추돌,안전운전불이행,건조,맑음,교차로 - 교차로부근,승용,남,81세,부상신고,승용,여,44세,경상
2020112600100223,2020년 11월 26일 12시,목요일,전라북도 군산시 성산면,경상사고,0,0,1,0,차대차 - 측면충돌,안전운전불이행,건조,맑음,기타 - 기타,화물,남,57세,상해없음,특수,남,72세,경상
2020112600100279,2020년 11월 26일 14시,목요일,전라북도 무주군 안성면,사망사고,1,0,0,0,차량단독 - 도로외이탈 - 추락,안전운전불이행,건조,맑음,단일로 - 기타,이륜,남,55세,사망,,,,
2020112600100318,2020년 11월 26일 15시,목요일,전라북도 군산시 대야면,중상사고,0,1,0,0,차대사람 - 횡단중,보행자보호의무위반,건조,맑음,교차로 - 교차로안,승합,남,49세,상해없음,보행자,여,61세,중상
2020112600100319,2020년 11월 26일 15시,목요일,전라북도 정읍시 수성동,중상사고,0,2,0,0,차대차 - 측면충돌,직진우회전진행방해,건조,맑음,교차로 - 교차로안,승용,남,63세,상해없음,이륜,남,72세,중상
2020112600100395,2020년 11월 26일 17시,목요일,전라북도 익산시 어양동,경상사고,0,0,1,0,차대차 - 측면충돌,안전거리미확보,건조,맑음,단일로 - 기타,특수,남,29세,상해없음,승용,남,68세,경상
2020112600100396,2020년 11월 26일 17시,목요일,전라북도 완주군 비봉면,중상사고,0,1,0,0,차대차 - 추돌,안전운전불이행,건조,맑음,단일로 - 기타,승용,남,49세,기타불명,농기계,남,78세,중상
2020112600100453,2020년 11월 26일 18시,목요일,전라북도 익산시 인화동2가,경상사고,0,0,1,0,차대차 - 정면충돌,신호위반,건조,맑음,교차로 - 교차로안,승용,여,42세,상해없음,승용,남,47세,경상
2020112600100509,2020년 11월 26일 19시,목요일,전라북도 전주시 덕진구 진북동,경상사고,0,0,1,0,차대차 - 측면충돌,신호위반,건조,맑음,교차로 - 교차로안,승용,여,49세,상해없음,승용,여,46세,경상
2020112600100510,2020년 11월 26일 19시,목요일,전라북도 익산시 왕궁면,경상사고,0,0,1,0,차대차 - 측면충돌,교차로운행방법위반,건조,맑음,교차로 - 교차로안,승용,여,60세,상해없음,승용,남,38세,경상
2020112600100550,2020년 11월 26일 20시,목요일,전라북도 남원시 식정동,사망사고,1,0,0,0,차량단독 - 공작물충돌,안전운전불이행,건조,맑음,단일로 - 기타,화물,남,42세,사망,,,,
2020112600100610,2020년 11월 26일 23시,목요일,전라북도 전주시 완산구 효자동3가,사망사고,1,0,0,0,차대차 - 정면충돌,안전운전불이행,건조,맑음,교차로 - 교차로안,승용,남,36세,상해없음,이륜,남,17세,사망
2020112700100085,2020년 11월 27일 08시,금요일,전라북도 김제시 신풍동,경상사고,0,0,2,0,차대차 - 측면충돌,신호위반,건조,맑음,교차로 - 교차로안,승용,남,65세,상해없음,승용,남,37세,경상
2020112700100104,2020년 11월 27일 09시,금요일,전라북도 전주시 완산구 서신동,경상사고,0,0,2,0,차대차 - 추돌,안전운전불이행,건조,맑음,단일로 - 기타,승용,남,21세,기타불명,화물,남,59세,경상
2020112700100105,2020년 11월 27일 09시,금요일,전라북도 김제시 만경읍,경상사고,0,0,1,0,차대차 - 추돌,안전거리미확보,건조,맑음,단일로 - 기타,화물,남,63세,상해없음,승용,남,57세,경상
2020112700100135,2020년 11월 27일 10시,금요일,전라북도 전주시 완산구 서신동,경상사고,0,0,1,0,차대차 - 측면충돌,안전운전불이행,건조,맑음,단일로 - 기타,승용,남,21세,기타불명,승용,남,35세,경상
2020112700100159,2020년 11월 27일 11시,금요일,전라북도 군산시 임피면,경상사고,0,0,1,0,차대차 - 측면충돌,안전운전불이행,건조,맑음,교차로 - 교차로안,화물,남,28세,상해없음,승용,여,64세,경상
2020112700100160,2020년 11월 27일 11시,금요일,전라북도 정읍시 장명동,중상사고,0,1,0,0,차대차 - 측면충돌,안전운전불이행,건조,맑음,교차로 - 교차로부근,화물,남,64세,상해없음,자전거,남,86세,중상
2020112700100186,2020년 11월 27일 12시,금요일,전라북도 전주시 완산구 삼천동1가,경상사고,0,0,1,0,차대차 - 측면충돌,신호위반,건조,맑음,교차로 - 교차로안,승용,여,61세,상해없음,승합,남,40세,경상
2020112700100252,2020년 11월 27일 14시,금요일,전라북도 부안군 부안읍,경상사고,0,0,1,0,차대차 - 추돌,안전운전불이행,건조,맑음,교차로 - 교차로부근,자전거,남,46세,경상,승합,남,44세,상해없음
2020112700100294,2020년 11월 27일 15시,금요일,전라북도 군산시 옥산면,경상사고,0,0,2,0,차대차 - 추돌,안전운전불이행,건조,맑음,단일로 - 기타,화물,남,79세,상해없음,승용,남,49세,경상
2020112700100342,2020년 11월 27일 16시,금요일,전라북도 전주시 완산구 서노송동,경상사고,0,0,1,0,차대차 - 기타,기타,건조,맑음,단일로 - 기타,기타불명,기타불명,미분류,기타불명,자전거,남,78세,경상
2020112700100397,2020년 11월 27일 17시,금요일,전라북도 익산시 인화동2가,경상사고,0,0,1,0,차대차 - 측면충돌,직진우회전진행방해,건조,맑음,교차로 - 교차로안,승용,여,62세,상해없음,화물,남,53세,경상
2020112700100464,2020년 11월 27일 18시,금요일,전라북도 군산시 조촌동,경상사고,0,0,1,0,차대차 - 측면충돌,안전운전불이행,건조,맑음,교차로 - 교차로안,승용,남,59세,상해없음,승용,여,53세,경상
2020112700100465,2020년 11월 27일 18시,금요일,전라북도 김제시 금산면,경상사고,0,0,1,0,차대사람 - 기타,안전운전불이행,건조,맑음,교차로 - 교차로안,승용,남,68세,상해없음,보행자,남,32세,경상
2020112700100576,2020년 11월 27일 20시,금요일,전라북도 전주시 완산구 효자동2가,중상사고,0,1,1,0,차대차 - 기타,신호위반,건조,맑음,교차로 - 교차로안,이륜,남,21세,경상,이륜,남,31세,중상
2020112700100577,2020년 11월 27일 20시,금요일,전라북도 전주시 완산구 효자동2가,경상사고,0,0,1,0,차대차 - 기타,안전운전불이행,건조,맑음,교차로 - 교차로안,승용,남,20세,상해없음,승용,남,36세,경상
2020112700100613,2020년 11월 27일 21시,금요일,전라북도 부안군 부안읍,경상사고,0,0,1,0,차대차 - 측면충돌,안전운전불이행,건조,맑음,교차로 - 교차로안,화물,여,55세,상해없음,원동기,남,19세,경상
2020112700100614,2020년 11월 27일 21시,금요일,전라북도 완주군 봉동읍,경상사고,0,0,2,0,차대차 - 측면충돌,신호위반,건조,맑음,교차로 - 교차로안,승용,여,67세,상해없음,승용,남,20세,경상
2020112700100643,2020년 11월 27일 22시,금요일,전라북도 전주시 완산구 서신동,경상사고,0,0,1,0,차대차 - 측면충돌,신호위반,건조,맑음,교차로 - 교차로안,승합,남,47세,상해없음,승용,여,63세,경상