사고번호,사고일시,요일,시군구,사고내용,사망자수,중상자수,경상자수,부상신고자수,사고유형,법규위반,노면상태,기상상태,도로형태,가해운전자 차종,가해운전자 성별,가해운전자 연령,가해운전자 상해정도,피해운전자 차종,피해운전자 성별,피해운전자 연령,피해운전자 상해정도
2020120500100113,2020년 12월 5일 10시,토요일,전라북도 전주시 완산구 효자동1가,경상사고,0,0,2,0,차대차 - 추돌,안전거리미확보,건조,맑음,교차로 - 교차로부근,승용,남,43세,상해없음,승용,여,50세,경상
2020120500100150,2020년 12월 5일 11시,토요일,전라북도 군산시 신창동,경상사고,0,0,1,0,차대사람 - 기타,안전운전불이행,건조,맑음,단일로 - 기타,승용,남,51세,상해없음,보행자,남,38세,경상
2020120500100195,2020년 12월 5일 12시,토요일,전라북도 전주시 완산구 중화산동2가,경상사고,0,0,5,0,차대차 - 측면충돌,안전운전불이행,건조,맑음,단일로 - 기타,화물,남,49세,상해없음,승용,남,23세,경상
2020120500100196,2020년 12월 5일 12시,토요일,전라북도 군산시 경암동,부상신고사고,0,0,0,1,차대차 - 측면충돌,안전운전불이행,건조,맑음,교차로 - 교차로안,자전거,여,8세,부상신고,승용,남,27세,기타불명
2020120500100237,2020년 12월 5일 13시,토요일,전라북도 전주시 완산구 평화동2가,경상사고,0,0,6,0,차대차 - 추돌,안전거리미확보,건조,맑음,교차로 - 교차로부근,화물,남,42세,상해없음,승용,남,43세,경상
2020120500100238,2020년 12월 5일 13시,토요일,전라북도 부안군 부안읍,경상사고,0,0,1,0,차대차 - 측면충돌,안전운전불이행,건조,맑음,단일로 - 기타,승용,남,38세,상해없음,이륜,남,38세,경상
2020120500100276,2020년 12월 5일 14시,토요일,전라북도 익산시 마동,경상사고,0,0,1,0,차대차 - 기타,중앙선침범,건조,맑음,교차로 - 교차로부근,이륜,남,40세,상해없음,이륜,남,29세,경상
2020120500100310,2020년 12월 5일 15시,토요일,전라북도 군산시 월명동,경상사고,0,0,1,0,차대차 - 측면충돌,안전운전불이행,건조,맑음,교차로 - 교차로부근,승용,여,47세,상해없음,승용,남,52세,경상
2020120500100311,2020년 12월 5일 15시,토요일,전라북도 장수군 장수읍,경상사고,0,0,1,0,차대사람 - 기타,안전운전불이행,건조,맑음,단일로 - 기타,화물,남,53세,상해없음,보행자,여,13세,경상
2020120500100312,2020년 12월 5일 15시,토요일,전라북도 무주군 무주읍,경상사고,0,0,2,0,차대차 - 측면충돌,안전운전불이행,건조,맑음,교차로 - 교차로안,승용,여,56세,경상,승용,남,36세,상해없음
2020120500100337,2020년 12월 5일 16시,토요일,전라북도 익산시 영등동,경상사고,0,0,1,0,차대차 - 정면충돌,안전운전불이행,건조,맑음,교차로 - 교차로부근,승용,남,70세,상해없음,승용,여,34세,경상
2020120500100376,2020년 12월 5일 17시,토요일,전라북도 전주시 완산구 서신동,중상사고,0,1,0,0,차대차 - 측면충돌,신호위반,건조,맑음,교차로 - 교차로안,화물,남,65세,상해없음,이륜,남,37세,중상
2020120500100377,2020년 12월 5일 17시,토요일,전라북도 진안군 정천면,중상사고,0,1,1,0,차대차 - 추돌,안전거리미확보,건조,맑음,단일로 - 터널,승용,남,47세,상해없음,승용,남,53세,중상
2020120500100378,2020년 12월 5일 17시,토요일,전라북도 완주군 봉동읍,경상사고,0,0,1,0,차대차 - 기타,직진우회전진행방해,건조,맑음,교차로 - 교차로안,화물,남,51세,상해없음,승용,남,26세,경상
2020120500100421,2020년 12월 5일 18시,토요일,전라북도 전주시 덕진구 고랑동,경상사고,0,0,1,0,차대사람 - 기타,안전운전불이행,건조,맑음,단일로 - 기타,승용,남,29세,상해없음,보행자,남,58세,경상
2020120500100422,2020년 12월 5일 18시,토요일,전라북도 군산시 옥산면,경상사고,0,0,2,0,차대차 - 추돌,안전거리미확보,건조,맑음,단일로 - 기타,승용,여,47세,상해없음,승용,남,37세,경상
2020120500100466,2020년 12월 5일 19시,토요일,전라북도 익산시 마동,경상사고,0,0,1,0,차대차 - 측면충돌,신호위반,건조,맑음,교차로 - 교차로부근,승용,남,21세,상해없음,승용,남,23세,경상
2020120500100520,2020년 12월 5일 21시,토요일,전라북도 군산시 수송동,경상사고,0,0,1,0,차대차 - 추돌,안전운전불이행,건조,맑음,교차로 - 교차로부근,승용,남,23세,상해없음,승용,남,57세,상해없음
2020120600100031,2020년 12월 6일 02시,일요일,전라북도 익산시 신용동,중상사고,0,1,0,0,차량단독 - 공작물충돌,안전운전불이행,건조,맑음,단일로 - 기타,승용,남,44세,상해없음,,,,
2020120600100163,2020년 12월 6일 13시,일요일,전라북도 전주시 덕진구 팔복동2가,경상사고,0,0,2,0,차대차 - 측면충돌,신호위반,건조,맑음,교차로 - 교차로안,승용,남,30세,상해없음,승용,여,52세,경상
2020120600100201,2020년 12월 6일 14시,일요일,전라북도 순창군 인계면,중상사고,0,1,0,0,차대차 - 측면충돌,중앙선침범,건조,맑음,기타 - 기타,이륜,남,39세,중상,화물,남,74세,상해없음
2020120600100202,2020년 12월 6일 14시,일요일,전라북도 순창군 복흥면,중상사고,0,1,0,0,차량단독 - 전도전복 - 전도,안전운전불이행,건조,맑음,기타 - 기타,이륜,남,62세,중상,,,,
2020120600100229,2020년 12월 6일 15시,일요일,전라북도 익산시 남중동,중상사고,0,1,1,0,차대차 - 측면충돌,신호위반,건조,맑음,교차로 - 교차로안,이륜,남,23세,중상,승용,남,22세,경상
2020120600100257,2020년 12월 6일 16시,일요일,전라북도 전주시 덕진구 인후동2가,경상사고,0,0,2,0,차대차 - 측면충돌,안전거리미확보,건조,맑음,단일로 - 기타,승용,남,62세,상해없음,승용,남,26세,경상
2020120600100342,2020년 12월 6일 19시,일요일,전라북도 전주시 덕진구 금암동,중상사고,0,1,0,0,차대차 - 기타,중앙선침범,건조,맑음,교차로 - 교차로부근,승용,남,25세,상해없음,이륜,남,48세,중상
2020120600100343,2020년 12월 6일 19시,일요일,전라북도 익산시 갈산동,경상사고,0,0,1,0,차대차 - 측면충돌,안전운전불이행,건조,맑음,교차로 - 교차로안,승용,남,63세,상해없음,승용,여,28세,경상
2020120600100385,2020년 12월 6일 21시,일요일,전라북도 전주시 완산구 중화산동2가,경상사고,0,0,1,0,차대차 - 측면충돌,신호위반,건조,맑음,교차로 - 교차로안,승용,남,39세,상해없음,자전거,남,58세,경상
2020120600100386,2020년 12월 6일 21시,일요일,전라북도 익산시 어양동,경상사고,0,0,1,0,차대차 - 측면충돌,안전운전불이행,건조,맑음,단일로 - 기타,승용,남,46세,상해없음,승용,여,55세,경상
2020120600100401,2020년 12월 6일 22시,일요일,전라북도 군산시 나운동,중상사고,0,1,0,0,차대사람 - 길가장자리구역통행중,안전운전불이행,건조,흐림,단일로 - 기타,승용,남,45세,상해없음,보행자,남,56세,중상
2020120600100406,2020년 12월 6일 23시,일요일,전라북도 부안군 행안면,중상사고,0,1,0,0,차량단독 - 공작물충돌,안전운전불이행,건조,맑음,단일로 - 지하차도(도로)내,승용,여,46세,중상,,,,
2020120700100045,2020년 12월 7일 06시,월요일,전라북도 남원시 쌍교동,중상사고,0,1,0,0,차대차 - 측면충돌,안전운전불이행,건조,맑음,단일로 - 기타,이륜,남,27세,상해없음,승용,남,56세,상해없음
2020120700100066,2020년 12월 7일 07시,월요일,전라북도 전주시 덕진구 진북동,경상사고,0,0,1,0,차대차 - 측면충돌,차로위반,건조,맑음,단일로 - 기타,자전거,여,25세,경상,승용,남,54세,상해없음
2020120700100088,2020년 12월 7일 08시,월요일,전라북도 군산시 문화동,경상사고,0,0,1,0,차대차 - 측면충돌,안전운전불이행,건조,맑음,교차로 - 교차로안,승용,여,41세,상해없음,승용,여,41세,경상
2020120700100180,2020년 12월 7일 11시,월요일,전라북도 전주시 완산구 평화동1가,중상사고,0,1,0,0,차대사람 - 횡단중,안전운전불이행,건조,맑음,교차로 - 교차로횡단보도내,화물,남,54세,상해없음,보행자,남,72세,중상
2020120700100200,2020년 12월 7일 12시,월요일,전라북도 익산시 덕기동,중상사고,0,1,0,0,차대차 - 추돌,안전운전불이행,건조,맑음,교차로 - 교차로부근,승용,남,41세,상해없음,승용,여,42세,중상
2020120700100247,2020년 12월 7일 14시,월요일,전라북도 전주시 덕진구 송천동1가,경상사고,0,0,2,0,차대차 - 측면충돌,안전운전불이행,건조,맑음,단일로 - 기타,승합,남,55세,상해없음,승용,남,66세,경상
2020120700100273,2020년 12월 7일 15시,월요일,전라북도 순창군 금과면,경상사고,0,0,1,1,차대차 - 측면충돌,안전운전불이행,건조,맑음,교차로 - 교차로안,화물,남,67세,부상신고,건설기계,남,44세,경상
2020120700100317,2020년 12월 7일 16시,월요일,전라북도 전주시 완산구 중화산동2가,경상사고,0,0,1,0,차대사람 - 기타,기타,건조,맑음,교차로 - 교차로부근,승용,여,52세,상해없음,보행자,여,49세,경상
2020120700100318,2020년 12월 7일 16시,월요일,전라북도 전주시 덕진구 송천동1가,경상사고,0,0,2,0,차대차 - 측면충돌,신호위반,건조,맑음,단일로 - 기타,승용,여,34세,상해없음,승용,남,30세,경상
2020120700100353,2020년 12월 7일 17시,월요일,전라북도 군산시 산북동,중상사고,0,1,0,0,차대차 - 측면충돌,신호위반,건조,맑음,교차로 - 교차로횡단보도내,승용,여,33세,상해없음,이륜,여,75세,중상
2020120700100354,2020년 12월 7일 17시,월요일,전라북도 익산시 부송동,경상사고,0,0,1,0,차대차 - 측면충돌,안전거리미확보,건조,맑음,단일로 - 기타,승용,여,41세,상해없음,승용,남,40세,경상
2020120700100398,2020년 12월 7일 18시,월요일,전라북도 전주시 완산구 효자동3가,중상사고,0,1,2,0,차대차 - 측면충돌,안전운전불이행,건조,맑음,교차로 - 교차로안,승용,남,46세,상해없음,승용,남,41세,중상
2020120700100399,2020년 12월 7일 18시,월요일,전라북도 김제시 검산동,경상사고,0,0,1,0,차대차 - 측면충돌,신호위반,건조,맑음,교차로 - 교차로안,승용,여,36세,상해없음,승용,남,52세,경상
2020120700100475,2020년 12월 7일 20시,월요일,전라북도 전주시 완산구 서서학동,중상사고,0,1,0,0,차대차 - 측면충돌,중앙선침범,건조,맑음,단일로 - 기타,승용,남,70세,상해없음,이륜,여,55세,중상
2020120700100529,2020년 12월 7일 23시,월요일,전라북도 군산시 나운동,경상사고,0,0,1,0,차대차 - 측면충돌,신호위반,건조,맑음,교차로 - 교차로안,승용,남,59세,상해없음,이륜,남,37세,경상
2020120800100034,2020년 12월 8일 06시,화요일,전라북도 완주군 삼례읍,경상사고,0,0,1,0,차대차 - 측면충돌,불법유턴,건조,맑음,교차로 - 교차로부근,화물,남,64세,상해없음,승용,여,63세,경상
2020120800100159,2020년 12월 8일 10시,화요일,전라북도 군산시 경암동,경상사고,0,0,3,0,차대차 - 기타,신호위반,건조,맑음,교차로 - 교차로부근,승용,여,60세,경상,승용,남,41세,경상
2020120800100160,2020년 12월 8일 10시,화요일,전라북도 정읍시 하북동,중상사고,0,1,1,0,차대차 - 측면충돌,신호위반,건조,맑음,교차로 - 교차로안,승용,남,58세,경상,승용,남,35세,중상
2020120800100182,2020년 12월 8일 11시,화요일,전라북도 전주시 덕진구 덕진동2가,경상사고,0,0,2,0,차대차 - 측면충돌,신호위반,건조,맑음,교차로 - 교차로안,승용,여,38세,상해없음,승용,남,58세,경상
2020120800100249,2020년 12월 8일 13시,화요일,전라북도 전주시 완산구 효자동2가,경상사고,0,0,1,0,차대차 - 추돌,안전운전불이행,건조,맑음,교차로 - 교차로안,승용,남,66세,상해없음,승용,여,41세,경상
2020120800100342,2020년 12월 8일 15시,화요일,전라북도 군산시 개사동,경상사고,0,0,2,0,차대차 - 추돌,안전운전불이행,건조,맑음,단일로 - 기타,화물,남,36세,상해없음,승용,여,48세,경상
2020120800100374,2020년 12월 8일 16시,화요일,전라북도 군산시 내초동,경상사고,0,0,2,0,차대차 - 추돌,안전운전불이행,건조,맑음,교차로 - 교차로부근,화물,남,58세,상해없음,화물,남,59세,경상
2020120800100418,2020년 12월 8일 17시,화요일,전라북도 전주시 덕진구 인후동1가,경상사고,0,0,1,0,차대차 - 추돌,안전거리미확보,건조,맑음,교차로 - 교차로부근,승용,남,55세,상해없음,승용,남,36세,경상
2020120800100419,2020년 12월 8일 17시,화요일,전라북도 군산시 내초동,경상사고,0,0,4,0,차대차 - 기타,신호위반,건조,맑음,교차로 - 교차로안,화물,남,47세,상해없음,화물,남,52세,경상
2020120800100529,2020년 12월 8일 19시,화요일,전라북도 익산시 영등동,중상사고,0,1,0,0,차대사람 - 횡단중,안전운전불이행,건조,맑음,단일로 - 기타,승용,여,32세,상해없음,보행자,남,65세,중상
2020120800100614,2020년 12월 8일 22시,화요일,전라북도 전주시 덕진구 팔복동2가,경상사고,0,0,1,0,차대차 - 추돌,과속,건조,맑음,단일로 - 기타,승용,남,30세,상해없음,원동기,남,50세,경상
2020120800100628,2020년 12월 8일 23시,화요일,전라북도 익산시 영등동,경상사고,0,0,2,0,차대차 - 측면충돌,신호위반,건조,맑음,교차로 - 교차로안,승용,남,57세,상해없음,승용,남,32세,경상
2020120900100021,2020년 12월 9일 05시,수요일,전라북도 전주시 덕진구 덕진동2가,중상사고,0,1,0,0,차량단독 - 공작물충돌,안전운전불이행,건조,맑음,단일로 - 기타,승용,남,26세,상해없음,,,,
2020120900100055,2020년 12월 9일 07시,수요일,전라북도 전주시 덕진구 호성동2가,경상사고,0,0,1,0,차대차 - 측면충돌,신호위반,건조,맑음,교차로 - 교차로안,승용,남,64세,상해없음,승용,남,48세,경상
2020120900100056,2020년 12월 9일 07시,수요일,전라북도 익산시 용제동,중상사고,0,1,0,0,차대사람 - 횡단중,안전운전불이행,건조,맑음,교차로 - 교차로안,승용,남,31세,상해없음,보행자,여,53세,중상
2020120900100090,2020년 12월 9일 08시,수요일,전라북도 군산시 나운동,경상사고,0,0,1,0,차대차 - 기타,안전운전불이행,건조,맑음,교차로 - 교차로안,자전거,남,51세,경상,승용,남,58세,상해없음
2020120900100091,2020년 12월 9일 08시,수요일,전라북도 남원시 노암동,경상사고,0,0,1,0,차대차 - 측면충돌,안전운전불이행,건조,맑음,교차로 - 교차로안,승용,남,26세,상해없음,승용,남,41세,경상
2020120900100135,2020년 12월 9일 09시,수요일,전라북도 전주시 덕진구 여의동,경상사고,0,0,1,0,차대차 - 측면충돌,차로위반,건조,맑음,교차로 - 교차로부근,화물,남,77세,상해없음,승용,남,39세,경상
2020120900100217,2020년 12월 9일 12시,수요일,전라북도 익산시 오산면,경상사고,0,0,2,0,차대차 - 추돌,안전운전불이행,건조,맑음,교차로 - 교차로부근,승용,여,44세,상해없음,승용,여,66세,경상
2020120900100248,2020년 12월 9일 13시,수요일,전라북도 전주시 덕진구 송천동2가,경상사고,0,0,2,0,차대차 - 추돌,불법유턴,건조,맑음,단일로 - 기타,승용,남,25세,경상,승용,남,25세,경상
2020120900100249,2020년 12월 9일 13시,수요일,전라북도 익산시 모현동1가,경상사고,0,0,1,0,차대차 - 측면충돌,안전운전불이행,건조,맑음,교차로 - 교차로횡단보도내,승용,여,62세,상해없음,자전거,남,8세,경상
2020120900100250,2020년 12월 9일 13시,수요일,전라북도 무주군 무주읍,중상사고,0,2,0,0,차대차 - 정면충돌,과속,건조,맑음,교차로 - 교차로안,승용,남,59세,중상,승용,남,74세,중상
2020120900100273,2020년 12월 9일 14시,수요일,전라북도 김제시 금구면,경상사고,0,0,3,0,차대차 - 추돌,안전운전불이행,건조,맑음,교차로 - 교차로안,승용,남,26세,상해없음,승용,남,55세,경상
2020120900100301,2020년 12월 9일 15시,수요일,전라북도 군산시 경암동,경상사고,0,0,2,0,차대차 - 측면충돌,안전운전불이행,건조,맑음,단일로 - 기타,승합,남,47세,상해없음,화물,남,69세,경상
2020120900100302,2020년 12월 9일 15시,수요일,전라북도 김제시 옥산동,경상사고,0,0,1,0,차대차 - 후진중충돌,안전운전불이행,건조,맑음,주차장 - 주차장,승용,남,59세,상해없음,원동기,남,79세,경상
2020120900100368,2020년 12월 9일 17시,수요일,전라북도 전주시 덕진구 팔복동1가,사망사고,1,0,0,0,차대사람 - 횡단중,안전운전불이행,건조,맑음,단일로 - 기타,승합,남,56세,상해없음,보행자,남,67세,사망
2020120900100369,2020년 12월 9일 17시,수요일,전라북도 군산시 신관동,중상사고,0,1,0,0,차대차 - 기타,교차로운행방법위반,건조,맑음,교차로 - 교차로안,화물,남,59세,상해없음,이륜,여,71세,중상
2020120900100370,2020년 12월 9일 17시,수요일,전라북도 김제시 교동,중상사고,0,1,0,0,차대사람 - 차도통행중,안전운전불이행,건조,맑음,교차로 - 교차로부근,화물,남,51세,상해없음,보행자,남,62세,중상
2020120900100557,2020년 12월 9일 21시,수요일,전라북도 정읍시 시기동,중상사고,0,1,2,0,차대차 - 측면충돌,신호위반,건조,맑음,교차로 - 교차로안,승용,여,56세,상해없음,승용,남,72세,중상
2020121000100019,2020년 12월 10일 05시,목요일,전라북도 익산시 신흥동,경상사고,0,0,1,0,차대차 - 측면충돌,신호위반,건조,맑음,교차로 - 교차로안,승용,여,27세,상해없음,승용,여,33세,경상
2020121000100116,2020년 12월 10일 10시,목요일,전라북도 군산시 나운동,중상사고,0,1,0,0,차량단독 - 기타,기타,건조,맑음,단일로 - 기타,승용,남,72세,상해없음,,,,
2020121000100141,2020년 12월 10일 11시,목요일,전라북도 익산시 어양동,중상사고,0,1,0,0,차대차 - 기타,신호위반,건조,맑음,교차로 - 교차로안,승용,남,65세,상해없음,승용,남,62세,상해없음
2020121000100203,2020년 12월 10일 13시,목요일,전라북도 익산시 영등동,경상사고,0,0,1,0,차대차 - 추돌,안전운전불이행,건조,맑음,단일로 - 기타,승합,남,74세,상해없음,승용,여,42세,경상
2020121000100246,2020년 12월 10일 15시,목요일,전라북도 고창군 부안면,경상사고,0,0,1,0,차대차 - 측면충돌,신호위반,건조,맑음,교차로 - 교차로안,승용,여,27세,상해없음,승용,여,22세,경상
2020121000100273,2020년 12월 10일 16시,목요일,전라북도 전주시 덕진구 송천동1가,중상사고,0,1,0,0,차대사람 - 기타,안전운전불이행,건조,맑음,단일로 - 기타,승용,남,57세,상해없음,보행자,여,48세,중상
2020121000100274,2020년 12월 10일 16시,목요일,전라북도 임실군 임실읍,경상사고,0,0,3,0,차대차 - 측면충돌,교차로운행방법위반,건조,맑음,교차로 - 교차로안,승용,남,49세,상해없음,승합,남,29세,상해없음
2020121000100321,2020년 12월 10일 17시,목요일,전라북도 익산시 왕궁면,중상사고,0,1,0,0,차대사람 - 길가장자리구역통행중,안전운전불이행,건조,맑음,단일로 - 기타,승용,남,35세,상해없음,보행자,여,88세,중상
2020121000100371,2020년 12월 10일 18시,목요일,전라북도 전주시 완산구 삼천동1가,중상사고,0,1,0,0,차대사람 - 횡단중,안전운전불이행,건조,맑음,교차로 - 교차로안,승용,여,47세,상해없음,보행자,남,62세,중상
2020121000100425,2020년 12월 10일 19시,목요일,전라북도 군산시 지곡동,경상사고,0,0,1,0,차대차 - 기타,안전운전불이행,건조,맑음,교차로 - 교차로부근,승합,남,70세,상해없음,승용,여,59세,경상
2020121000100468,2020년 12월 10일 20시,목요일,전라북도 군산시 수송동,중상사고,0,1,0,0,차대차 - 기타,안전운전불이행,건조,맑음,교차로 - 교차로안,승용,여,47세,상해없음,승용,남,27세,중상
2020121000100501,2020년 12월 10일 21시,목요일,전라북도 익산시 함열읍,경상사고,0,0,1,0,차대차 - 측면충돌,안전운전불이행,건조,맑음,단일로 - 기타,화물,남,71세,상해없음,화물,남,44세,경상
2020121000100522,2020년 12월 10일 22시,목요일,전라북도 전주시 덕진구 덕진동1가,중상사고,0,2,0,0,차대차 - 측면충돌,신호위반,건조,맑음,교차로 - 교차로안,승용,남,60세,상해없음,자전거,남,19세,중상
2020121000100536,2020년 12월 10일 23시,목요일,전라북도 전주시 완산구 효자동2가,경상사고,0,0,1,1,차대차 - 정면충돌,신호위반,건조,맑음,교차로 - 교차로안,승용,남,43세,부상신고,승용,남,56세,경상
2020121100100081,2020년 12월 11일 08시,금요일,전라북도 남원시 향교동,경상사고,0,0,1,0,차대차 - 기타,안전운전불이행,건조,맑음,교차로 - 교차로부근,승용,여,27세,상해없음,자전거,남,10세,경상
2020121100100082,2020년 12월 11일 08시,금요일,전라북도 부안군 부안읍,경상사고,0,0,3,0,차대차 - 측면충돌,안전운전불이행,건조,맑음,교차로 - 교차로안,화물,남,47세,경상,승용,남,77세,경상
2020121100100097,2020년 12월 11일 09시,금요일,전라북도 고창군 아산면,경상사고,0,0,1,0,차대차 - 정면충돌,중앙선침범,건조,맑음,기타 - 기타,승용,여,62세,상해없음,화물,남,62세,경상
2020121100100174,2020년 12월 11일 12시,금요일,전라북도 순창군 복흥면,중상사고,0,1,0,0,차대차 - 기타,직진우회전진행방해,건조,맑음,교차로 - 교차로안,승용,남,67세,상해없음,원동기,남,58세,중상
2020121100100206,2020년 12월 11일 13시,금요일,전라북도 익산시 함열읍,중상사고,0,2,0,0,차대차 - 측면충돌,교차로운행방법위반,건조,맑음,교차로 - 교차로안,승용,남,71세,상해없음,이륜,남,80세,중상
2020121100100207,2020년 12월 11일 13시,금요일,전라북도 익산시 동산동,경상사고,0,0,1,0,차대차 - 측면충돌,차로위반,건조,맑음,교차로 - 교차로안,승용,남,65세,상해없음,이륜,남,40세,경상
2020121100100244,2020년 12월 11일 14시,금요일,전라북도 전주시 완산구 서신동,경상사고,0,0,2,0,차대차 - 측면충돌,신호위반,건조,맑음,교차로 - 교차로안,승용,남,78세,상해없음,승용,여,24세,경상
2020121100100358,2020년 12월 11일 17시,금요일,전라북도 남원시 쌍교동,경상사고,0,0,1,0,차대차 - 기타,교차로운행방법위반,건조,맑음,교차로 - 교차로횡단보도내,승용,남,74세,상해없음,자전거,남,75세,경상
2020121100100513,2020년 12월 11일 20시,금요일,전라북도 전주시 완산구 삼천동1가,경상사고,0,0,2,0,차대차 - 기타,안전운전불이행,건조,맑음,교차로 - 교차로부근,승용,남,50세,상해없음,승용,남,59세,경상
2020121100100557,2020년 12월 11일 21시,금요일,전라북도 군산시 미장동,경상사고,0,0,1,0,차대차 - 측면충돌,신호위반,건조,맑음,교차로 - 교차로안,승용,남,69세,상해없음,이륜,남,19세,경상
2020121200100023,2020년 12월 12일 02시,토요일,전라북도 군산시 나운동,중상사고,0,2,3,0,차대차 - 측면충돌,신호위반,건조,맑음,교차로 - 교차로안,승용,남,56세,경상,승용,남,28세,경상
2020121200100077,2020년 12월 12일 09시,토요일,전라북도 익산시 팔봉동,경상사고,0,0,1,0,차대차 - 측면충돌,직진우회전진행방해,건조,맑음,교차로 - 교차로안,승용,여,20세,기타불명,승용,남,25세,경상
2020121200100098,2020년 12월 12일 10시,토요일,전라북도 익산시 어양동,중상사고,0,1,0,0,차대차 - 측면충돌,안전운전불이행,건조,맑음,교차로 - 교차로횡단보도내,승용,남,35세,상해없음,자전거,여,69세,중상
2020121200100126,2020년 12월 12일 11시,토요일,전라북도 전주시 완산구 효자동3가,경상사고,0,0,4,0,차대차 - 기타,안전운전불이행,건조,맑음,기타 - 기타,승용,남,58세,상해없음,승용,여,53세,경상
2020121200100127,2020년 12월 12일 11시,토요일,전라북도 김제시 금구면,경상사고,0,0,1,0,차대차 - 측면충돌,중앙선침범,건조,맑음,단일로 - 기타,승용,여,54세,상해없음,이륜,남,82세,경상
2020121200100162,2020년 12월 12일 12시,토요일,전라북도 남원시 도통동,경상사고,0,0,2,0,차대차 - 측면충돌,직진우회전진행방해,건조,맑음,교차로 - 교차로안,화물,남,43세,상해없음,승용,남,31세,경상
2020121200100203,2020년 12월 12일 13시,토요일,전라북도 군산시 문화동,경상사고,0,0,1,0,차대차 - 측면충돌,불법유턴,건조,맑음,교차로 - 교차로부근,승용,남,50세,상해없음,이륜,남,41세,경상
2020121200100260,2020년 12월 12일 15시,토요일,전라북도 완주군 상관면,경상사고,0,0,2,0,차대차 - 측면충돌,안전거리미확보,건조,맑음,단일로 - 기타,화물,남,48세,상해없음,승용,여,49세,경상
2020121200100325,2020년 12월 12일 17시,토요일,전라북도 완주군 삼례읍,중상사고,0,1,0,0,차대차 - 측면충돌,안전운전불이행,건조,맑음,교차로 - 교차로안,승용,남,58세,상해없음,원동기,남,25세,중상
2020121200100415,2020년 12월 12일 19시,토요일,전라북도 군산시 수송동,경상사고,0,0,1,0,차대차 - 정면충돌,신호위반,건조,맑음,교차로 - 교차로안,승용,여,41세,상해없음,이륜,남,44세,경상
2020121300100049,2020년 12월 13일 08시,일요일,전라북도 전주시 완산구 중화산동2가,경상사고,0,0,2,0,차대차 - 측면충돌,안전운전불이행,건조,맑음,단일로 - 기타,승용,남,60세,상해없음,승용,남,33세,경상
2020121300100086,2020년 12월 13일 10시,일요일,전라북도 전주시 완산구 평화동2가,경상사고,0,0,1,0,차대차 - 측면충돌,안전운전불이행,건조,맑음,교차로 - 교차로안,승용,남,27세,상해없음,이륜,남,56세,경상
2020121300100087,2020년 12월 13일 10시,일요일,전라북도 군산시 경암동,경상사고,0,0,1,0,차대차 - 기타,안전운전불이행,젖음/습기,비,단일로 - 기타,승용,남,52세,상해없음,승용,여,42세,상해없음
2020121300100088,2020년 12월 13일 10시,일요일,전라북도 익산시 망성면,중상사고,0,1,2,0,차대차 - 정면충돌,중앙선침범,건조,맑음,단일로 - 기타,화물,남,75세,상해없음,승용,남,27세,경상
2020121300100108,2020년 12월 13일 11시,일요일,전라북도 익산시 신동,경상사고,0,0,1,0,차대차 - 기타,직진우회전진행방해,젖음/습기,흐림,교차로 - 교차로안,승용,남,40세,상해없음,이륜,남,20세,경상
2020121300100130,2020년 12월 13일 12시,일요일,전라북도 완주군 삼례읍,경상사고,0,0,2,0,차대사람 - 횡단중,안전운전불이행,젖음/습기,비,단일로 - 기타,이륜,남,27세,상해없음,보행자,남,49세,경상
2020121300100151,2020년 12월 13일 13시,일요일,전라북도 정읍시 수성동,경상사고,0,0,1,0,차대차 - 추돌,안전거리미확보,건조,흐림,단일로 - 기타,원동기,남,23세,상해없음,승용,남,60세,경상
2020121300100201,2020년 12월 13일 15시,일요일,전라북도 정읍시 북면,경상사고,0,0,1,0,차대차 - 기타,과속,젖음/습기,비,단일로 - 기타,화물,남,29세,상해없음,화물,남,18세,상해없음
2020121300100219,2020년 12월 13일 16시,일요일,전라북도 전주시 완산구 중화산동2가,중상사고,0,1,0,0,차대차 - 측면충돌,안전운전불이행,건조,맑음,교차로 - 교차로부근,화물,남,37세,상해없음,이륜,남,29세,중상
2020121300100282,2020년 12월 13일 18시,일요일,전라북도 군산시 나운동,경상사고,0,0,1,0,차대차 - 측면충돌,안전운전불이행,건조,맑음,교차로 - 교차로부근,이륜,남,29세,경상,승용,남,42세,상해없음
2020121300100283,2020년 12월 13일 18시,일요일,전라북도 군산시 영화동,경상사고,0,0,4,0,차대차 - 기타,직진우회전진행방해,젖음/습기,비,교차로 - 교차로안,승용,남,28세,상해없음,승용,남,45세,경상
2020121300100318,2020년 12월 13일 19시,일요일,전라북도 정읍시 금붕동,경상사고,0,0,2,0,차대차 - 추돌,안전운전불이행,건조,맑음,단일로 - 기타,화물,남,58세,상해없음,승용,남,46세,경상
2020121300100344,2020년 12월 13일 20시,일요일,전라북도 정읍시 상동,중상사고,0,1,0,0,차대차 - 측면충돌,안전운전불이행,건조,흐림,단일로 - 기타,승용,남,22세,상해없음,이륜,남,22세,중상
2020121300100374,2020년 12월 13일 22시,일요일,전라북도 전주시 덕진구 진북동,경상사고,0,0,2,0,차대차 - 추돌,안전운전불이행,건조,맑음,교차로 - 교차로부근,승용,남,19세,상해없음,승용,남,19세,경상