사고번호,사고일시,요일,시군구,사고내용,사망자수,중상자수,경상자수,부상신고자수,사고유형,법규위반,노면상태,기상상태,도로형태,가해운전자 차종,가해운전자 성별,가해운전자 연령,가해운전자 상해정도,피해운전자 차종,피해운전자 성별,피해운전자 연령,피해운전자 상해정도
2020121300100375,2020년 12월 13일 22시,일요일,전라북도 부안군 상서면,경상사고,0,0,1,0,차량단독 - 기타,안전운전불이행,건조,맑음,단일로 - 기타,승용,남,30세,경상,,,,
2020121400100035,2020년 12월 14일 06시,월요일,전라북도 전주시 덕진구 인후동1가,중상사고,0,1,0,0,차대사람 - 횡단중,보행자보호의무위반,건조,맑음,교차로 - 교차로횡단보도내,승용,남,70세,상해없음,보행자,남,88세,중상
2020121400100051,2020년 12월 14일 07시,월요일,전라북도 군산시 미원동,경상사고,0,0,1,0,차대차 - 기타,교차로운행방법위반,젖음/습기,비,교차로 - 교차로안,화물,남,54세,상해없음,승용,여,60세,경상
2020121400100085,2020년 12월 14일 08시,월요일,전라북도 정읍시 시기동,경상사고,0,0,2,0,차대차 - 측면충돌,안전운전불이행,건조,맑음,단일로 - 기타,승용,여,46세,경상,승용,여,38세,경상
2020121400100115,2020년 12월 14일 09시,월요일,전라북도 부안군 보안면,경상사고,0,0,1,0,차대차 - 측면충돌,교차로운행방법위반,건조,흐림,교차로 - 교차로안,화물,남,74세,상해없음,승용,남,51세,경상
2020121400100168,2020년 12월 14일 11시,월요일,전라북도 김제시 광활면,경상사고,0,0,1,0,차대차 - 정면충돌,중앙선침범,건조,맑음,교차로 - 교차로안,승용,여,56세,상해없음,화물,남,48세,경상
2020121400100195,2020년 12월 14일 12시,월요일,전라북도 군산시 경장동,경상사고,0,0,2,0,차대차 - 측면충돌,안전운전불이행,건조,맑음,교차로 - 교차로횡단보도내,승용,여,62세,상해없음,승용,여,21세,경상
2020121400100225,2020년 12월 14일 13시,월요일,전라북도 군산시 미룡동,경상사고,0,0,1,0,차대차 - 측면충돌,직진우회전진행방해,건조,맑음,교차로 - 교차로안,승용,남,41세,상해없음,개인형이동수단(PM),남,22세,경상
2020121400100226,2020년 12월 14일 13시,월요일,전라북도 김제시 죽산면,경상사고,0,0,2,0,차대차 - 추돌,안전운전불이행,건조,맑음,단일로 - 기타,승용,남,35세,상해없음,화물,남,79세,경상
2020121400100227,2020년 12월 14일 13시,월요일,전라북도 남원시 하정동,경상사고,0,0,2,0,차대차 - 측면충돌,안전운전불이행,건조,맑음,교차로 - 교차로안,승용,여,43세,상해없음,승용,남,66세,경상
2020121400100260,2020년 12월 14일 14시,월요일,전라북도 군산시 수송동,경상사고,0,0,1,0,차대사람 - 횡단중,보행자보호의무위반,건조,맑음,교차로 - 교차로횡단보도내,승용,남,63세,상해없음,보행자,여,27세,경상
2020121400100261,2020년 12월 14일 14시,월요일,전라북도 장수군 계남면,중상사고,0,2,0,0,차대차 - 추돌,안전운전불이행,건조,맑음,단일로 - 기타,화물,남,39세,상해없음,화물,남,51세,중상
2020121400100369,2020년 12월 14일 17시,월요일,전라북도 익산시 함열읍,경상사고,0,0,1,0,차대차 - 추돌,안전운전불이행,건조,맑음,교차로 - 교차로부근,승용,여,45세,상해없음,승용,남,31세,경상
2020121400100416,2020년 12월 14일 18시,월요일,전라북도 군산시 수송동,경상사고,0,0,1,0,차대사람 - 횡단중,보행자보호의무위반,건조,흐림,교차로 - 교차로횡단보도내,승용,여,52세,상해없음,보행자,여,74세,경상
2020121400100417,2020년 12월 14일 18시,월요일,전라북도 군산시 수송동,경상사고,0,0,4,0,차대차 - 측면충돌,안전운전불이행,건조,맑음,교차로 - 교차로부근,승용,남,61세,상해없음,승용,남,41세,경상
2020121400100418,2020년 12월 14일 18시,월요일,전라북도 김제시 백산면,경상사고,0,0,2,0,차대차 - 추돌,안전운전불이행,건조,맑음,단일로 - 지하차도(도로)내,화물,남,45세,상해없음,승용,남,52세,경상
2020121400100519,2020년 12월 14일 21시,월요일,전라북도 전주시 완산구 중화산동2가,경상사고,0,0,1,0,차대차 - 기타,신호위반,건조,맑음,교차로 - 교차로안,승용,남,54세,상해없음,원동기,남,41세,경상
2020121400100520,2020년 12월 14일 21시,월요일,전라북도 전주시 덕진구 덕진동1가,사망사고,1,0,0,0,차대차 - 측면충돌,신호위반,건조,맑음,교차로 - 교차로안,화물,남,49세,상해없음,이륜,남,38세,사망
2020121500100041,2020년 12월 15일 07시,화요일,전라북도 익산시 영등동,경상사고,0,0,1,0,차대차 - 측면충돌,직진우회전진행방해,건조,맑음,교차로 - 교차로안,승용,남,70세,상해없음,승용,남,54세,경상
2020121500100244,2020년 12월 15일 14시,화요일,전라북도 전주시 완산구 중노송동,경상사고,0,0,2,0,차대차 - 기타,안전운전불이행,건조,맑음,교차로 - 교차로안,승용,여,73세,상해없음,승용,남,29세,경상
2020121500100245,2020년 12월 15일 14시,화요일,전라북도 김제시 요촌동,중상사고,0,1,0,0,차대차 - 측면충돌,안전거리미확보,건조,맑음,교차로 - 교차로부근,승용,남,58세,상해없음,원동기,남,45세,중상
2020121500100284,2020년 12월 15일 15시,화요일,전라북도 군산시 나운동,경상사고,0,0,2,0,차대차 - 추돌,안전운전불이행,건조,맑음,단일로 - 지하차도(도로)내,승용,여,40세,상해없음,승용,여,47세,경상
2020121500100320,2020년 12월 15일 16시,화요일,전라북도 정읍시 북면,경상사고,0,0,1,0,차대차 - 측면충돌,중앙선침범,건조,맑음,교차로 - 교차로부근,승용,여,54세,상해없음,화물,남,52세,경상
2020121500100357,2020년 12월 15일 17시,화요일,전라북도 전주시 완산구 중화산동2가,경상사고,0,0,1,0,차대차 - 추돌,안전운전불이행,건조,맑음,교차로 - 교차로부근,승용,여,54세,상해없음,승용,남,28세,경상
2020121500100406,2020년 12월 15일 18시,화요일,전라북도 전주시 완산구 효자동2가,경상사고,0,0,1,0,차대사람 - 길가장자리구역통행중,안전운전불이행,건조,맑음,기타 - 기타,승용,남,85세,상해없음,보행자,남,5세,경상
2020121500100407,2020년 12월 15일 18시,화요일,전라북도 군산시 나운동,경상사고,0,0,1,0,차대차 - 측면충돌,안전거리미확보,건조,맑음,단일로 - 지하차도(도로)내,승용,여,53세,상해없음,화물,남,60세,경상
2020121500100408,2020년 12월 15일 18시,화요일,전라북도 정읍시 수성동,중상사고,0,1,0,0,차대차 - 측면충돌,신호위반,건조,맑음,교차로 - 교차로안,승용,남,49세,상해없음,승용,여,68세,중상
2020121500100409,2020년 12월 15일 18시,화요일,전라북도 부안군 동진면,중상사고,0,1,3,0,차대차 - 측면충돌,중앙선침범,건조,맑음,교차로 - 교차로부근,승용,여,46세,경상,승용,남,48세,중상
2020121500100487,2020년 12월 15일 20시,화요일,전라북도 전주시 덕진구 인후동1가,경상사고,0,0,1,0,차대차 - 기타,불법유턴,건조,맑음,교차로 - 교차로부근,화물,남,44세,상해없음,이륜,남,25세,경상
2020121500100488,2020년 12월 15일 20시,화요일,전라북도 전주시 덕진구 덕진동2가,경상사고,0,0,1,0,차대차 - 기타,신호위반,건조,맑음,교차로 - 교차로횡단보도내,이륜,남,50세,상해없음,개인형이동수단(PM),남,28세,경상
2020121500100535,2020년 12월 15일 21시,화요일,전라북도 전주시 완산구 평화동2가,경상사고,0,0,1,0,차대차 - 추돌,안전운전불이행,건조,맑음,단일로 - 기타,승용,여,46세,상해없음,승용,여,54세,경상
2020121600100008,2020년 12월 16일 01시,수요일,전라북도 전주시 완산구 서신동,경상사고,0,0,1,0,차대차 - 기타,신호위반,건조,맑음,교차로 - 교차로안,승용,여,60세,상해없음,이륜,남,28세,경상
2020121600100031,2020년 12월 16일 06시,수요일,전라북도 전주시 덕진구 송천동2가,경상사고,0,0,1,0,차대차 - 측면충돌,안전운전불이행,건조,맑음,단일로 - 기타,특수,남,54세,상해없음,승용,남,59세,경상
2020121600100044,2020년 12월 16일 07시,수요일,전라북도 전주시 덕진구 진북동,사망사고,1,0,0,0,차대차 - 측면충돌,안전운전불이행,건조,맑음,단일로 - 기타,화물,남,49세,상해없음,자전거,여,75세,사망
2020121600100077,2020년 12월 16일 08시,수요일,전라북도 부안군 행안면,경상사고,0,0,2,0,차대차 - 기타,안전운전불이행,젖음/습기,흐림,단일로 - 기타,승용,남,68세,경상,승용,여,27세,경상
2020121600100116,2020년 12월 16일 09시,수요일,전라북도 익산시 석암동,경상사고,0,0,1,0,차대사람 - 횡단중,안전운전불이행,건조,맑음,단일로 - 기타,승용,여,59세,상해없음,보행자,남,59세,경상
2020121600100156,2020년 12월 16일 11시,수요일,전라북도 군산시 삼학동,경상사고,0,0,1,0,차대사람 - 기타,안전운전불이행,건조,맑음,단일로 - 기타,승합,남,37세,상해없음,보행자,남,58세,경상
2020121600100157,2020년 12월 16일 11시,수요일,전라북도 정읍시 정우면,경상사고,0,0,1,0,차대차 - 추돌,과속,건조,맑음,단일로 - 기타,화물,남,52세,상해없음,승용,남,29세,경상
2020121600100214,2020년 12월 16일 13시,수요일,전라북도 군산시 서흥남동,중상사고,0,1,0,0,차대차 - 기타,안전운전불이행,건조,맑음,교차로 - 교차로안,승용,여,46세,상해없음,자전거,남,72세,중상
2020121600100253,2020년 12월 16일 14시,수요일,전라북도 군산시 나운동,경상사고,0,0,1,0,차대차 - 기타,안전운전불이행,건조,맑음,교차로 - 교차로안,승용,남,75세,상해없음,원동기,남,17세,경상
2020121600100307,2020년 12월 16일 16시,수요일,전라북도 전주시 덕진구 송천동1가,사망사고,1,0,0,0,차대차 - 측면충돌,불법유턴,건조,맑음,교차로 - 교차로안,자전거,남,74세,사망,승용,남,28세,상해없음
2020121600100345,2020년 12월 16일 17시,수요일,전라북도 군산시 경장동,경상사고,0,0,2,0,차대차 - 기타,안전운전불이행,건조,맑음,교차로 - 교차로부근,승용,남,44세,상해없음,승용,남,62세,경상
2020121600100453,2020년 12월 16일 19시,수요일,전라북도 전주시 덕진구 송천동2가,경상사고,0,0,2,0,차대사람 - 횡단중,보행자보호의무위반,건조,맑음,교차로 - 교차로횡단보도내,기타불명,기타불명,미분류,기타불명,보행자,여,25세,경상
2020121600100561,2020년 12월 16일 23시,수요일,전라북도 전주시 완산구 서신동,경상사고,0,0,2,0,차대차 - 추돌,안전운전불이행,건조,맑음,교차로 - 교차로부근,승용,여,61세,상해없음,승용,여,22세,경상
2020121700100007,2020년 12월 17일 00시,목요일,전라북도 전주시 덕진구 덕진동2가,경상사고,0,0,1,0,차대차 - 추돌,안전운전불이행,건조,맑음,단일로 - 기타,원동기,남,17세,기타불명,승용,여,54세,경상
2020121700100053,2020년 12월 17일 07시,목요일,전라북도 전주시 완산구 효자동1가,부상신고사고,0,0,0,2,차대차 - 측면충돌,신호위반,건조,맑음,교차로 - 교차로안,승용,남,37세,부상신고,승용,남,63세,부상신고
2020121700100165,2020년 12월 17일 10시,목요일,전라북도 무주군 안성면,중상사고,0,1,0,0,차대차 - 측면충돌,안전운전불이행,건조,맑음,단일로 - 지하차도(도로)내,화물,남,73세,상해없음,사륜오토바이(ATV),남,85세,중상
2020121700100196,2020년 12월 17일 11시,목요일,전라북도 정읍시 수성동,경상사고,0,0,2,0,차대차 - 측면충돌,기타,건조,맑음,교차로 - 교차로안,승용,남,68세,경상,승용,남,30세,경상
2020121700100197,2020년 12월 17일 11시,목요일,전라북도 익산시 왕궁면,경상사고,0,0,3,0,차대차 - 측면충돌,안전운전불이행,건조,맑음,단일로 - 기타,화물,남,60세,상해없음,화물,남,65세,경상
2020121700100232,2020년 12월 17일 12시,목요일,전라북도 전주시 덕진구 호성동2가,경상사고,0,0,2,0,차대차 - 측면충돌,신호위반,건조,맑음,교차로 - 교차로안,승용,남,52세,경상,승용,여,46세,경상
2020121700100233,2020년 12월 17일 12시,목요일,전라북도 군산시 서흥남동,경상사고,0,0,1,0,차대차 - 기타,신호위반,건조,맑음,교차로 - 교차로안,승용,여,60세,기타불명,원동기,남,48세,경상
2020121700100268,2020년 12월 17일 13시,목요일,전라북도 군산시 개정면,중상사고,0,2,7,0,차대차 - 후진중충돌,신호위반,건조,맑음,교차로 - 교차로안,승합,남,49세,경상,승용,남,70세,경상
2020121700100269,2020년 12월 17일 13시,목요일,전라북도 익산시 함라면,중상사고,0,1,0,0,차대차 - 정면충돌,신호위반,건조,맑음,교차로 - 교차로안,건설기계,남,77세,상해없음,승용,여,46세,중상
2020121700100440,2020년 12월 17일 18시,목요일,전라북도 익산시 영등동,경상사고,0,0,2,0,차대차 - 측면충돌,신호위반,건조,맑음,교차로 - 교차로안,승용,남,55세,경상,승용,남,34세,경상
2020121700100441,2020년 12월 17일 18시,목요일,전라북도 김제시 금산면,중상사고,0,1,0,0,차대사람 - 차도통행중,안전운전불이행,건조,맑음,단일로 - 기타,승용,남,43세,상해없음,보행자,여,69세,중상
2020121700100484,2020년 12월 17일 19시,목요일,전라북도 전주시 덕진구 송천동2가,경상사고,0,0,1,0,차대차 - 측면충돌,안전운전불이행,건조,맑음,단일로 - 기타,승용,남,65세,상해없음,자전거,남,25세,경상
2020121700100519,2020년 12월 17일 20시,목요일,전라북도 전주시 덕진구 인후동2가,경상사고,0,0,1,0,차대차 - 기타,직진우회전진행방해,젖음/습기,비,교차로 - 교차로안,승용,남,22세,상해없음,이륜,남,25세,경상
2020121700100552,2020년 12월 17일 21시,목요일,전라북도 익산시 평화동,경상사고,0,0,3,0,차대차 - 추돌,안전운전불이행,건조,맑음,교차로 - 교차로부근,승용,남,56세,상해없음,승용,남,49세,경상
2020121800100122,2020년 12월 18일 09시,금요일,전라북도 고창군 성내면,경상사고,0,0,1,0,차대차 - 추돌,안전운전불이행,젖음/습기,흐림,단일로 - 기타,화물,남,51세,상해없음,화물,남,55세,경상
2020121800100264,2020년 12월 18일 14시,금요일,전라북도 무주군 무주읍,경상사고,0,0,3,0,차대차 - 측면충돌,신호위반,건조,맑음,교차로 - 교차로안,승용,여,34세,상해없음,승용,남,61세,경상
2020121800100311,2020년 12월 18일 15시,금요일,전라북도 전주시 덕진구 송천동2가,경상사고,0,0,1,0,차대사람 - 기타,안전운전불이행,건조,맑음,단일로 - 기타,화물,남,55세,상해없음,보행자,남,60세,경상
2020121800100312,2020년 12월 18일 15시,금요일,전라북도 군산시 경장동,경상사고,0,0,1,0,차대차 - 기타,안전운전불이행,건조,맑음,교차로 - 교차로안,승용,남,58세,기타불명,승용,남,37세,경상
2020121800100351,2020년 12월 18일 16시,금요일,전라북도 전주시 완산구 효자동2가,경상사고,0,0,1,0,차대차 - 기타,안전운전불이행,건조,맑음,주차장 - 주차장,승용,남,36세,상해없음,승용,남,30세,경상
2020121800100352,2020년 12월 18일 16시,금요일,전라북도 김제시 입석동,경상사고,0,0,1,0,차대차 - 측면충돌,안전운전불이행,건조,맑음,교차로 - 교차로부근,화물,남,60세,상해없음,이륜,남,21세,경상
2020121800100475,2020년 12월 18일 18시,금요일,전라북도 전주시 완산구 서신동,중상사고,0,1,0,0,차대사람 - 횡단중,안전운전불이행,건조,맑음,교차로 - 교차로부근,승용,남,54세,상해없음,보행자,여,44세,중상
2020121800100476,2020년 12월 18일 18시,금요일,전라북도 익산시 모현동1가,경상사고,0,0,1,0,차대차 - 추돌,안전운전불이행,건조,맑음,교차로 - 교차로안,승용,여,22세,상해없음,승용,남,30세,경상
2020121800100477,2020년 12월 18일 18시,금요일,전라북도 김제시 검산동,사망사고,1,0,1,0,차대차 - 추돌,과속,건조,흐림,단일로 - 고가도로위,승용,남,48세,사망,건설기계,남,47세,경상
2020121800100638,2020년 12월 18일 21시,금요일,전라북도 전주시 덕진구 덕진동1가,경상사고,0,0,4,0,차대차 - 측면충돌,중앙선침범,건조,맑음,단일로 - 기타,승용,남,25세,상해없음,승용,남,29세,경상
2020121800100639,2020년 12월 18일 21시,금요일,전라북도 익산시 모현동1가,경상사고,0,0,4,0,차대차 - 측면충돌,안전운전불이행,건조,맑음,단일로 - 기타,승용,남,47세,경상,승용,여,51세,경상
2020121800100674,2020년 12월 18일 22시,금요일,전라북도 정읍시 시기동,중상사고,0,1,4,0,차대차 - 측면충돌,직진우회전진행방해,건조,맑음,교차로 - 교차로안,승용,여,49세,상해없음,승용,남,19세,중상
2020121800100675,2020년 12월 18일 22시,금요일,전라북도 고창군 고수면,경상사고,0,0,1,0,차대차 - 측면충돌,신호위반,젖음/습기,흐림,교차로 - 교차로안,화물,남,56세,상해없음,승용,여,44세,경상
2020121900100042,2020년 12월 19일 06시,토요일,전라북도 완주군 소양면,사망사고,1,0,2,0,차량단독 - 기타,안전운전불이행,건조,흐림,단일로 - 기타,승용,남,40세,사망,,,,
2020121900100064,2020년 12월 19일 08시,토요일,전라북도 무주군 적상면,중상사고,0,1,0,0,차대차 - 측면충돌,안전운전불이행,건조,맑음,단일로 - 지하차도(도로)내,승용,남,51세,상해없음,승용,여,27세,중상
2020121900100077,2020년 12월 19일 09시,토요일,전라북도 익산시 팔봉동,경상사고,0,0,1,0,차대차 - 측면충돌,신호위반,건조,맑음,교차로 - 교차로안,승용,여,58세,상해없음,승용,남,47세,경상
2020121900100078,2020년 12월 19일 09시,토요일,전라북도 정읍시 태인면,경상사고,0,0,1,0,차대차 - 측면충돌,신호위반,건조,맑음,교차로 - 교차로안,승용,남,70세,상해없음,승용,남,36세,경상
2020121900100079,2020년 12월 19일 09시,토요일,전라북도 부안군 부안읍,경상사고,0,0,1,0,차대사람 - 횡단중,보행자보호의무위반,건조,맑음,교차로 - 교차로횡단보도내,승용,남,75세,상해없음,보행자,남,64세,경상
2020121900100394,2020년 12월 19일 18시,토요일,전라북도 익산시 인화동1가,경상사고,0,0,1,0,차대사람 - 횡단중,신호위반,건조,맑음,교차로 - 교차로안,승용,남,67세,상해없음,보행자,여,57세,경상
2020122000100036,2020년 12월 20일 08시,일요일,전라북도 정읍시 연지동,중상사고,0,1,0,0,차대차 - 측면충돌,신호위반,건조,맑음,교차로 - 교차로안,자전거,여,63세,중상,승합,남,65세,상해없음
2020122000100086,2020년 12월 20일 12시,일요일,전라북도 군산시 조촌동,부상신고사고,0,0,0,1,차대차 - 측면충돌,중앙선침범,건조,맑음,교차로 - 교차로안,자전거,남,74세,부상신고,승용,여,48세,상해없음
2020122000100147,2020년 12월 20일 14시,일요일,전라북도 남원시 사매면,중상사고,0,1,0,0,차량단독 - 전도전복 - 전도,안전운전불이행,건조,맑음,교차로 - 교차로부근,사륜오토바이(ATV),남,82세,중상,,,,
2020122000100172,2020년 12월 20일 15시,일요일,전라북도 전주시 완산구 석구동,경상사고,0,0,2,0,차대차 - 추돌,안전운전불이행,건조,맑음,단일로 - 기타,승용,남,46세,상해없음,승용,남,50세,경상
2020122000100173,2020년 12월 20일 15시,일요일,전라북도 전주시 덕진구 송천동1가,중상사고,0,1,0,0,차대차 - 측면충돌,신호위반,건조,맑음,교차로 - 교차로안,승용,남,48세,상해없음,이륜,남,22세,중상
2020122000100240,2020년 12월 20일 18시,일요일,전라북도 김제시 금구면,경상사고,0,0,2,0,차대차 - 측면충돌,직진우회전진행방해,건조,맑음,교차로 - 교차로안,화물,남,65세,상해없음,화물,남,42세,경상
2020122000100342,2020년 12월 20일 22시,일요일,전라북도 완주군 봉동읍,부상신고사고,0,0,0,1,차대차 - 추돌,안전운전불이행,건조,맑음,단일로 - 기타,화물,남,59세,부상신고,화물,남,54세,상해없음
2020122100100008,2020년 12월 21일 00시,월요일,전라북도 전주시 덕진구 인후동2가,경상사고,0,0,1,0,차대차 - 추돌,안전운전불이행,건조,맑음,교차로 - 교차로안,승용,남,34세,상해없음,승용,남,37세,경상
2020122100100024,2020년 12월 21일 05시,월요일,전라북도 김제시 죽산면,사망사고,1,0,0,0,차대사람 - 횡단중,안전운전불이행,건조,맑음,교차로 - 교차로안,화물,남,64세,상해없음,보행자,여,79세,사망
2020122100100061,2020년 12월 21일 07시,월요일,전라북도 전주시 덕진구 호성동1가,중상사고,0,1,0,0,차대사람 - 차도통행중,안전운전불이행,건조,맑음,단일로 - 기타,승용,남,31세,상해없음,보행자,남,70세,중상
2020122100100062,2020년 12월 21일 07시,월요일,전라북도 군산시 수송동,경상사고,0,0,3,0,차대차 - 기타,안전운전불이행,건조,맑음,교차로 - 교차로안,승용,남,65세,상해없음,승용,남,36세,상해없음
2020122100100101,2020년 12월 21일 08시,월요일,전라북도 전주시 덕진구 금암동,경상사고,0,0,1,0,차대사람 - 횡단중,보행자보호의무위반,건조,맑음,교차로 - 교차로안,승용,남,64세,상해없음,보행자,여,46세,경상
2020122100100102,2020년 12월 21일 08시,월요일,전라북도 군산시 오식도동,경상사고,0,0,1,0,차대차 - 측면충돌,신호위반,건조,맑음,교차로 - 교차로안,특수,남,52세,상해없음,화물,남,46세,경상
2020122100100103,2020년 12월 21일 08시,월요일,전라북도 완주군 이서면,경상사고,0,0,1,0,차대차 - 측면충돌,안전운전불이행,건조,맑음,교차로 - 교차로안,승용,여,53세,상해없음,승용,여,28세,경상
2020122100100130,2020년 12월 21일 09시,월요일,전라북도 전주시 완산구 중앙동2가,경상사고,0,0,1,0,차대차 - 측면충돌,직진우회전진행방해,건조,맑음,교차로 - 교차로안,승용,여,56세,상해없음,승용,여,63세,경상
2020122100100131,2020년 12월 21일 09시,월요일,전라북도 진안군 진안읍,중상사고,0,1,2,0,차대차 - 측면충돌,신호위반,건조,맑음,교차로 - 교차로안,승용,남,45세,경상,승합,남,64세,경상
2020122100100132,2020년 12월 21일 09시,월요일,전라북도 순창군 순창읍,경상사고,0,0,1,0,차대차 - 기타,안전운전불이행,건조,맑음,단일로 - 기타,승용,남,81세,상해없음,자전거,여,74세,경상
2020122100100161,2020년 12월 21일 10시,월요일,전라북도 고창군 고창읍,경상사고,0,0,1,0,차대사람 - 보도통행중,보행자보호의무위반,건조,맑음,교차로 - 교차로횡단보도내,화물,남,58세,상해없음,보행자,여,23세,경상
2020122100100201,2020년 12월 21일 11시,월요일,전라북도 전주시 완산구 중화산동2가,경상사고,0,0,1,0,차대차 - 추돌,안전운전불이행,건조,맑음,교차로 - 교차로부근,승용,여,59세,상해없음,승용,남,50세,경상
2020122100100202,2020년 12월 21일 11시,월요일,전라북도 익산시 덕기동,중상사고,0,1,0,0,차대차 - 측면충돌,신호위반,건조,맑음,교차로 - 교차로안,화물,남,50세,상해없음,이륜,남,77세,중상
2020122100100203,2020년 12월 21일 11시,월요일,전라북도 김제시 옥산동,중상사고,0,1,0,0,차대차 - 측면충돌,기타,건조,맑음,교차로 - 교차로안,화물,남,63세,상해없음,자전거,남,77세,중상
2020122100100239,2020년 12월 21일 12시,월요일,전라북도 전주시 완산구 효자동1가,경상사고,0,0,1,0,차대차 - 측면충돌,안전운전불이행,건조,맑음,단일로 - 기타,이륜,남,45세,상해없음,승용,남,76세,경상
2020122100100240,2020년 12월 21일 12시,월요일,전라북도 전주시 덕진구 여의동,경상사고,0,0,1,0,차대차 - 측면충돌,신호위반,건조,맑음,교차로 - 교차로안,승용,남,71세,상해없음,승용,남,60세,경상
2020122100100268,2020년 12월 21일 13시,월요일,전라북도 부안군 줄포면,경상사고,0,0,1,0,차량단독 - 공작물충돌,안전운전불이행,건조,맑음,교차로 - 교차로부근,원동기,남,58세,경상,,,,
2020122100100300,2020년 12월 21일 14시,월요일,전라북도 전주시 완산구 중화산동2가,경상사고,0,0,3,0,차대차 - 측면충돌,직진우회전진행방해,건조,맑음,교차로 - 교차로안,승용,여,65세,상해없음,승용,남,58세,경상
2020122100100332,2020년 12월 21일 15시,월요일,전라북도 전주시 완산구 서신동,경상사고,0,0,2,0,차대차 - 기타,기타,건조,맑음,단일로 - 교량,화물,남,62세,상해없음,승용,여,48세,경상
2020122100100333,2020년 12월 21일 15시,월요일,전라북도 전주시 완산구 중노송동,경상사고,0,0,2,0,차대차 - 측면충돌,안전운전불이행,건조,맑음,단일로 - 기타,건설기계,남,58세,상해없음,승용,여,53세,경상
2020122100100334,2020년 12월 21일 15시,월요일,전라북도 익산시 목천동,경상사고,0,0,2,0,차대차 - 추돌,안전운전불이행,건조,맑음,단일로 - 기타,승용,남,27세,상해없음,승용,남,55세,경상
2020122100100373,2020년 12월 21일 16시,월요일,전라북도 전주시 완산구 다가동1가,경상사고,0,0,2,0,차대차 - 측면충돌,안전운전불이행,건조,맑음,단일로 - 기타,화물,남,54세,상해없음,승용,남,73세,경상
2020122100100374,2020년 12월 21일 16시,월요일,전라북도 부안군 줄포면,경상사고,0,0,1,0,차대차 - 측면충돌,직진우회전진행방해,건조,맑음,교차로 - 교차로안,승용,남,72세,상해없음,특수,남,43세,경상
2020122100100418,2020년 12월 21일 17시,월요일,전라북도 전주시 덕진구 송천동1가,경상사고,0,0,1,0,차대사람 - 횡단중,안전운전불이행,건조,맑음,기타 - 기타,승용,여,51세,상해없음,보행자,남,16세,경상
2020122100100472,2020년 12월 21일 18시,월요일,전라북도 군산시 산북동,경상사고,0,0,1,0,차대사람 - 기타,안전운전불이행,건조,맑음,교차로 - 교차로부근,승용,여,49세,상해없음,보행자,남,64세,경상
2020122100100473,2020년 12월 21일 18시,월요일,전라북도 남원시 왕정동,중상사고,0,1,0,0,차대차 - 측면충돌,안전운전불이행,건조,맑음,교차로 - 교차로횡단보도내,승용,남,37세,상해없음,자전거,남,77세,중상
2020122100100474,2020년 12월 21일 18시,월요일,전라북도 부안군 부안읍,중상사고,0,1,0,0,차대사람 - 길가장자리구역통행중,안전운전불이행,건조,맑음,단일로 - 기타,승용,남,54세,상해없음,보행자,남,69세,중상
2020122100100475,2020년 12월 21일 18시,월요일,전라북도 부안군 부안읍,중상사고,0,1,0,0,차대차 - 기타,안전운전불이행,건조,맑음,단일로 - 기타,기타불명,기타불명,미분류,기타불명,원동기,남,57세,중상
2020122100100528,2020년 12월 21일 19시,월요일,전라북도 전주시 덕진구 송천동1가,중상사고,0,1,0,0,차대차 - 측면충돌,교차로운행방법위반,건조,맑음,교차로 - 교차로안,승용,여,55세,상해없음,이륜,남,45세,중상
2020122100100576,2020년 12월 21일 20시,월요일,전라북도 전주시 덕진구 송천동1가,경상사고,0,0,2,0,차대차 - 측면충돌,신호위반,건조,맑음,교차로 - 교차로안,승용,남,21세,상해없음,승용,여,27세,경상
2020122200100060,2020년 12월 22일 07시,화요일,전라북도 전주시 덕진구 우아동3가,경상사고,0,0,1,0,차대차 - 측면충돌,신호위반,건조,맑음,교차로 - 교차로안,승용,여,56세,상해없음,승용,남,59세,경상
2020122200100061,2020년 12월 22일 07시,화요일,전라북도 김제시 백산면,중상사고,0,1,0,0,차대차 - 측면충돌,신호위반,건조,맑음,교차로 - 교차로안,승용,남,30세,상해없음,승용,남,46세,중상
2020122200100090,2020년 12월 22일 08시,화요일,전라북도 전주시 덕진구 팔복동1가,경상사고,0,0,3,0,차대차 - 측면충돌,신호위반,건조,맑음,교차로 - 교차로안,화물,남,68세,상해없음,승용,남,30세,경상
2020122200100114,2020년 12월 22일 09시,화요일,전라북도 익산시 모현동1가,경상사고,0,0,1,0,차대사람 - 횡단중,안전운전불이행,건조,맑음,교차로 - 교차로부근,특수,남,51세,상해없음,보행자,남,23세,경상
2020122200100140,2020년 12월 22일 10시,화요일,전라북도 익산시 남중동,경상사고,0,0,3,0,차대차 - 측면충돌,안전거리미확보,건조,맑음,교차로 - 교차로부근,승용,남,66세,경상,승용,남,27세,경상
2020122200100203,2020년 12월 22일 12시,화요일,전라북도 남원시 쌍교동,중상사고,0,1,0,0,차대사람 - 횡단중,안전운전불이행,건조,맑음,교차로 - 교차로안,승용,여,53세,상해없음,보행자,여,61세,중상